"","baseMean","log2FoldChange","lfcSE","stat","pvalue","padj","gene_name"
"ENSG00000062038.14",3124.99615300039,5.96095188158406,0.152103800269023,39.1900259628034,1.23369510410711e-233,2.99787910298029e-229,"CDH3"
"ENSG00000167767.14",1339.51426472355,6.75663938478937,0.185184331554021,36.4860208641268,1.86216314793364e-212,2.26252822473938e-208,"KRT80"
"ENSG00000175832.13",3509.58517167926,5.29164332507665,0.15250175706335,34.6989007010488,1.51824818835412e-174,1.22978103256684e-170,"ETV4"
"ENSG00000159263.16",332.251063650119,8.04494788400327,0.265644251585746,30.2846676936522,2.8320568962859e-155,1.72047456449368e-151,"SIM2"
"ENSG00000164283.13",231.830128335978,5.74167299687318,0.180940423592654,31.7323950219066,1.14368815404661e-151,5.55832442866652e-148,"ESM1"
"ENSG00000164379.7",2181.8346911574,6.20961064636205,0.201411540995233,30.830460934257,8.14297216039256e-148,3.29790372495899e-144,"FOXQ1"
"ENSG00000103888.17",4549.73244380552,5.21569100276449,0.179757847220238,29.0150949369919,6.29793608522707e-122,2.18628352672883e-118,"CEMIP"
"ENSG00000163347.6",3155.70343875031,4.78317483398795,0.163998701791683,29.165931081965,4.81644192218127e-118,1.46299423386256e-114,"CLDN1"
"ENSG00000105989.10",303.766209459523,5.46512260873849,0.197417480779188,27.6830733892873,1.45222463934993e-113,3.9210065262448e-110,"WNT2"
"ENSG00000214039.9",649.328069463072,8.99290316669533,0.374248069975642,24.0292572979218,1.67010727321899e-101,4.05836067392214e-98,"LINC02418"
"ENSG00000105464.3",1309.55694225215,4.83119337787353,0.180301837343184,26.795031315615,1.69185448894231e-100,3.7374603710271e-97,"GRIN2D"
"ENSG00000181577.16",1223.47093086698,4.86720659386606,0.183199096443371,26.567852616951,3.26593719460851e-99,6.61352281908223e-96,"C6orf223"
"ENSG00000142959.5",290.763466885126,-5.94481099737322,0.236540180999468,-25.1323516040879,2.42416162236606e-97,4.53131749411501e-94,"BEST4"
"ENSG00000170373.8",905.479638041785,8.37659220863948,0.354656588534101,23.6188822637199,2.19799740386018e-96,3.81509549384303e-93,"CST1"
"ENSG00000123500.10",886.294425586452,7.93756112267465,0.335052268193181,23.6905160065894,1.53206095922292e-95,2.48193875394113e-92,"COL10A1"
"ENSG00000167755.15",569.988099601319,9.77077387140119,0.435862658590617,22.417093271985,2.3303573250101e-90,3.53923018735909e-87,"KLK6"
"ENSG00000178773.15",1029.46929416965,5.6618447923744,0.231962128249968,24.4084878643338,3.88504102797291e-90,5.55332335174952e-87,"CPNE7"
"ENSG00000185269.12",2435.94048440088,9.43780461808835,0.42037452786058,22.4509431295001,6.46938406734765e-90,8.73366849091933e-87,"NOTUM"
"ENSG00000060718.22",1422.73992577456,6.57610933384915,0.280038055882697,23.482913110223,1.6023157265464e-88,2.04927748184619e-85,"COL11A1"
"ENSG00000137673.9",2291.36868108878,7.12696432406358,0.313594936395874,22.7266562591007,2.61811081122645e-85,3.18100463564014e-82,"MMP7"
"ENSG00000122641.11",1434.9469743449,5.49848212826807,0.2342505867297,23.4726503998589,1.72263624739148e-82,1.99333622912443e-79,"INHBA"
"ENSG00000129474.16",791.199461850055,2.98634946568279,0.104784680322428,28.4998671226904,1.9518016959066e-80,2.15585369138774e-77,"AJUBA"
"ENSG00000172031.7",249.909314646496,4.54173725509948,0.1879523792837,24.1642977461012,1.65182850246249e-79,1.74519272216689e-76,"EPHX4"
"ENSG00000281406.2",290.904341857692,5.05808884808407,0.219862244065983,23.0057182831541,2.27288507318071e-76,2.30129613659547e-73,"BLACAT1"
"ENSG00000254166.3",1152.3105617258,4.86737769887844,0.211411692696987,23.023218994111,4.69494135302406e-75,4.56348299513939e-72,"CASC19"
"ENSG00000115507.10",99.4144774616511,5.71357018935579,0.258965954317405,22.063016756067,2.51044615731692e-74,2.34630160087696e-71,"OTX1"
"ENSG00000108244.17",1562.1157894143,7.21359311821446,0.34330444069874,21.0122336417565,1.61175057478677e-73,1.45057551730809e-70,"KRT23"
"ENSG00000101255.11",2698.05317508035,3.80949753270725,0.156594766386208,24.3271063306927,2.81154201471331e-72,2.44001681991191e-69,"TRIB3"
"ENSG00000139515.6",602.913578069821,4.70886997653635,0.209390647719818,22.4884445786576,1.67367407329651e-70,1.40242344762432e-67,"PDX1"
"ENSG00000163815.6",97.4219168567488,-4.09810923943133,0.176907422277106,-23.1652758639606,5.74119309052932e-69,4.65036640332875e-66,"CLEC3B"
"ENSG00000236081.1",276.084987394749,4.9555375591654,0.227617964090681,21.7712937507478,6.05863685332131e-68,4.74918953340993e-65,"ELFN1-AS1"
"ENSG00000101115.13",198.246760374127,4.85571210425682,0.222790872238689,21.794932868949,2.10393798776355e-67,1.59767790945795e-64,"SALL4"
"ENSG00000230316.7",152.86209472858,9.19628562702086,0.474095705032675,19.3975299278171,2.8837832175175e-67,2.12351309653561e-64,"FEZF1-AS1"
"ENSG00000162461.8",77.6836095811589,-4.07354121977734,0.179011721550791,-22.7557233933509,2.24648175754452e-66,1.60557372671564e-63,"SLC25A34"
"ENSG00000163959.10",256.842599813478,-4.08099824321393,0.179496543584153,-22.7358040535229,2.44141316712122e-66,1.6950382846013e-63,"SLC51A"
"ENSG00000245694.10",243.449333582424,4.84108464528256,0.223808877011555,21.6304407131833,2.5410818392943e-66,1.71523024152365e-63,"CRNDE"
"ENSG00000181418.8",95.6790831645495,4.66317329056808,0.215241366819177,21.6648563400249,2.97340595953005e-65,1.95280445450217e-62,"DDN"
"ENSG00000273604.2",466.66988284521,3.62508030577115,0.156641405269541,23.1425420343573,2.45286174765851e-63,1.56854053863426e-60,"EPOP"
"ENSG00000165905.18",1339.48849785222,4.43599661787743,0.206278274624159,21.5049143006449,1.34384909978442e-62,8.37321362173369e-60,"LARGE2"
"ENSG00000120149.9",480.005168262027,4.7816552013624,0.227819286388141,20.988807739551,3.52167845651396e-62,2.13941966233223e-59,"MSX2"
"ENSG00000120254.16",1656.49172035204,2.3738627178285,0.0831964879178406,28.5332082788491,1.46754925936351e-61,8.69791390305688e-59,"MTHFD1L"
"ENSG00000101187.16",2203.56545517719,3.53113807184305,0.153892647759838,22.9454631085019,4.37538494193878e-61,2.53147271640744e-58,"SLCO4A1"
"ENSG00000228742.11",60.3646868344254,6.71566302968771,0.349777765114546,19.1997996999279,2.52751846089504e-60,1.42834182790115e-57,"LINC02577"
"ENSG00000228705.2",75.9907209146592,6.20217718247134,0.320708783996472,19.3389688463898,1.7952074329434e-59,9.91444105011924e-57,"LINC00659"
"ENSG00000005001.10",806.910272426704,4.04423577705898,0.187807011112202,21.5339978689231,2.16446300061285e-59,1.16881002033094e-56,"PRSS22"
"ENSG00000251026.2",32.1333365957327,7.65550471650837,0.412480589300648,18.5596726611745,7.20339905749328e-59,3.80527384993667e-56,"LINC02163"
"ENSG00000118777.12",336.169575948542,-4.87704031218242,0.241049356677883,-20.2325381797209,1.65144431591829e-58,8.53831848442863e-56,"ABCG2"
"ENSG00000137868.19",401.649341002444,5.64322454001434,0.288991124104822,19.5273282440586,2.17258216799142e-58,1.09986972254566e-55,"STRA6"
"ENSG00000120498.14",27.8191184075399,-4.2167462148951,0.200487719179499,-21.0324414490435,3.11773137035863e-58,1.54614025101458e-55,"TEX11"
"ENSG00000237686.7",61.6487687348338,4.62312559346248,0.229586823125356,20.1367200892807,2.10005541455307e-56,1.02062693147279e-53,"AL109615.3"
"ENSG00000186007.10",109.788937825862,6.89652362012025,0.374190306386677,18.4305245283227,3.0217117914056e-56,1.43975679472855e-53,"LEMD1"
"ENSG00000169035.12",195.868716283428,8.3971734523775,0.471339778261335,17.8155416530995,8.32126828285427e-56,3.88859267833382e-53,"KLK7"
"ENSG00000036672.16",186.293027253442,-4.18587766030782,0.205296572781512,-20.389418116408,1.30199562454126e-54,5.96952710874576e-52,"USP2"
"ENSG00000226320.6",80.421859493397,7.30827775379147,0.40666280166055,17.9713456061119,1.43203022795466e-54,6.44413602579597e-52,"LINC01811"
"ENSG00000173898.14",1566.89903168662,3.13113470303471,0.137502305549551,22.7715069250701,1.76436617637228e-54,7.79529056106299e-52,"SPTBN2"
"ENSG00000204869.8",78.7103905123402,5.7139184634905,0.304382866401442,18.7721422399465,2.12965079486439e-54,9.24116327057227e-52,"IGFL4"
"ENSG00000196260.5",103.906361262466,7.49849416396723,0.419950488479905,17.8556624403737,2.58145279653344e-54,1.1005140869432e-51,"SFTA2"
"ENSG00000050344.9",2706.3006200301,2.66326612461799,0.108273563766739,24.5975659428338,1.47856172536781e-53,6.19466378042031e-51,"NFE2L3"
"ENSG00000233532.6",78.4908441196966,7.25082884386966,0.407330603251163,17.8008447830736,1.88829791572152e-53,7.77722700881912e-51,"LINC00460"
"ENSG00000168748.14",315.462529095176,-5.75471089888045,0.310081620527631,-18.5586971878188,2.27508684977333e-53,9.214101741582e-51,"CA7"
"ENSG00000165816.13",1662.50882530267,3.93334859318788,0.191688725154979,20.5194572085958,3.66937284918659e-53,1.4617337743481e-50,"VWA2"
"ENSG00000112559.15",484.236644920246,3.58252732436047,0.170737021312008,20.9827212448183,5.47638262853512e-52,2.14638867537747e-49,"MDFI"
"ENSG00000137699.17",2992.98850082878,4.36465760489847,0.222468785298758,19.6191910655559,5.60960318685354e-52,2.1637040863578e-49,"TRIM29"
"ENSG00000157193.18",657.691688645598,3.03846670122492,0.134847623897599,22.5325935556141,6.27321098681954e-52,2.38185979655804e-49,"LRP8"
"ENSG00000105219.10",187.251998848009,4.86950393235421,0.256510646257919,18.9836328565402,1.01392482796143e-51,3.79051897222504e-49,"CCNP"
"ENSG00000134827.8",789.027013566376,7.21492829669868,0.413467630846346,17.4498020121433,2.29196650479446e-51,8.4386039494705e-49,"TCN1"
"ENSG00000088992.18",1880.42884437773,4.57112854529134,0.239771695262433,19.0645044248788,1.80619228662506e-50,6.55081680074463e-48,"TESC"
"ENSG00000138669.9",71.0493636906016,-4.08397809139579,0.20740712444894,-19.69063551817,2.61167396497879e-50,9.33289372779186e-48,"PRKG2"
"ENSG00000213468.7",141.398259763428,5.59118990809314,0.30893638263379,18.0981918038474,2.939578455904e-50,1.03524284751402e-47,"FIRRE"
"ENSG00000128683.14",118.970185942913,5.64740925400221,0.31383344721872,17.9949247094315,6.45241270418914e-50,2.23990898159709e-47,"GAD1"
"ENSG00000128610.12",67.8372614880301,8.44929933047596,0.505941718665656,16.7001435516322,2.27290084946654e-49,7.77908318901928e-47,"FEZF1"
"ENSG00000104267.10",5516.38152725191,-4.81239028619809,0.259025734939469,-18.5788114347892,2.46331226223162e-49,8.31367888503171e-47,"CA2"
"ENSG00000073734.10",42.7425862398919,-5.34402324574037,0.296716653720534,-18.0105268064047,7.76812399224382e-49,2.58582757550034e-46,"ABCB11"
"ENSG00000040199.18",848.273866627279,-2.7019824423916,0.116321830700905,-23.2285068598956,8.8203938624215e-49,2.89642663320057e-46,"PHLPP2"
"ENSG00000173894.11",526.712908487019,3.57657899763218,0.176488296031735,20.2652474869441,1.42185633264501e-48,4.60681451776982e-46,"CBX2"
"ENSG00000249550.7",146.741775853488,7.64738323196674,0.457590316620762,16.7122925337266,4.09017186020315e-48,1.30777863424916e-45,"LINC01234"
"ENSG00000138028.16",821.712794053596,3.56633423814816,0.177592702587159,20.0815359313419,1.24122458910933e-47,3.91711136563073e-45,"CGREF1"
"ENSG00000231172.2",27.7066788213314,7.44270969735437,0.446141231356363,16.6824072160445,1.4290710153816e-47,4.45210585561189e-45,"AC007099.1"
"ENSG00000183034.13",293.326796070996,-8.22311150180821,0.50049103353696,-16.4300875556064,1.62634378847102e-47,5.00255114681593e-45,"OTOP2"
"ENSG00000099953.10",5582.05972730605,4.34322223320443,0.231884953418384,18.7300735523277,2.00552110156275e-47,6.09177034599686e-45,"MMP11"
"ENSG00000187583.11",144.4242699545,3.40678205809814,0.167106991014759,20.3868314390105,2.4901584483602e-47,7.47047534508061e-45,"PLEKHN1"
"ENSG00000110887.8",15.0076668988782,-5.77825352474506,0.333160341019341,-17.3437615865858,5.96044395798801e-47,1.76632668511108e-44,"DAO"
"ENSG00000174015.10",26.5677840137572,7.16593406940058,0.430029023752136,16.6638381913751,6.29501369152022e-47,1.84299798438484e-44,"CBY2"
"ENSG00000229404.6",67.9312300877062,6.14515464892489,0.359543948845381,17.0915257193427,9.44511805403633e-47,2.7323377227748e-44,"LINC00858"
"ENSG00000103375.11",3730.70279406667,-7.14372967436977,0.43127014946419,-16.5643963145725,2.38496009591273e-46,6.81818003890346e-44,"AQP8"
"ENSG00000265688.2",187.611466477025,2.98708729216621,0.139613499104254,21.395404537033,2.86805047336209e-46,8.10391005845336e-44,"MAFG-DT"
"ENSG00000141434.12",164.10222397743,-5.6780257457358,0.328758179240797,-17.2711315011176,3.0105722565e-46,8.4088397509138e-44,"MEP1B"
"ENSG00000165376.11",5579.85004030757,5.40925085726727,0.310055052532705,17.4460980818776,3.40038394163123e-46,9.38969656609533e-44,"CLDN2"
"ENSG00000115363.14",314.637960546757,3.79134289581243,0.19704039322968,19.2414501091309,7.39991099171849e-46,2.02042513594112e-43,"EVA1A"
"ENSG00000260573.4",167.231410318578,8.50054488424683,0.533643577181764,15.9292554950989,3.57161902495008e-45,9.64337136736521e-43,"AC007493.1"
"ENSG00000105664.11",720.774007948554,5.9907117247978,0.355463445816862,16.8532427041296,4.4347609255092e-45,1.18422736802059e-42,"COMP"
"ENSG00000181085.15",201.145765615513,4.35796599336442,0.239442783383229,18.2004482732289,5.5517333450923e-45,1.46638174223634e-42,"MAPK15"
"ENSG00000254560.6",88.738463953272,4.80945824329201,0.272450810143232,17.652574572135,1.00119073552064e-44,2.61601450248941e-42,"BBOX1-AS1"
"ENSG00000015413.9",8627.20588249751,5.23076564091465,0.302858214820859,17.2713348522135,1.19718015810992e-44,3.09483806830542e-42,"DPEP1"
"ENSG00000275216.2",290.15648361378,5.80073453126028,0.34399879892466,16.862659257513,1.45274336566257e-44,3.71596460901057e-42,"AL161431.1"
"ENSG00000107159.13",1649.00559631673,5.64197029044924,0.332775376081406,16.9542901788174,1.58942925899968e-44,4.02324281184293e-42,"CA9"
"ENSG00000224099.2",156.722662348551,8.07050767198903,0.507635456452496,15.8982347852297,2.13140487834656e-44,5.33949881895067e-42,"AC104823.1"
"ENSG00000232679.2",26.9763143684288,7.32688961369975,0.456347895622795,16.0554911811316,5.22058500257019e-44,1.29449199553526e-41,"LINC01705"
"ENSG00000168079.17",366.29088757504,-4.8305532462388,0.276398795012429,-17.4767521906946,5.62767075648342e-44,1.38133736750048e-41,"SCARA5"
"ENSG00000179546.4",305.707808452657,4.38618047349864,0.244612022900424,17.931172889585,7.00500929351573e-44,1.70221725832432e-41,"HTR1D"
"ENSG00000198842.10",1460.96973252586,7.53291127183949,0.472160988768579,15.9541161828844,7.70771339315633e-44,1.85443005399702e-41,"STYXL2"
"ENSG00000203499.12",1187.39871948474,2.8233066945589,0.132385325984584,21.326432318395,1.85957624706743e-43,4.430166941543e-41,"IQANK1"
"ENSG00000212993.5",190.084410024156,4.58653907966108,0.262156642479098,17.4954143304866,6.60231238718152e-43,1.55763292241273e-40,"POU5F1B"
"ENSG00000170369.4",55.2406093747358,6.20436523915687,0.380432648427512,16.3087086894411,6.67338164680275e-43,1.55926128862795e-40,"CST2"
"ENSG00000103257.9",6186.15889674247,3.08277029043828,0.152516794841965,20.2126611277963,9.2951856315755e-43,2.1511715318789e-40,"SLC7A5"
"ENSG00000104371.5",84.2292576511464,7.4399636508977,0.471863218451661,15.7672040539856,1.03824837863708e-42,2.38013543404539e-40,"DKK4"
"ENSG00000145506.14",799.832116126799,4.23226338584168,0.238223012602286,17.765972059582,3.09003569808175e-42,7.01755770685856e-40,"NKD2"
"ENSG00000229970.3",30.0109864504964,4.89970207290871,0.287562080943116,17.0387627493833,3.39826348614192e-42,7.64609284381933e-40,"AC007128.1"
"ENSG00000169764.16",4016.52846764728,-2.1868404257296,0.0875836254905239,-24.9685990215854,3.91111633840589e-42,8.71927770855625e-40,"UGP2"
"ENSG00000198535.5",864.863246373302,4.25081990991798,0.240267314357365,17.6920440522154,5.20025560919645e-42,1.14878373912249e-39,"C2CD4A"
"ENSG00000065325.13",59.0793618802339,-3.9341071337912,0.218728629031071,-17.9862469363,2.49068395029038e-41,5.45257837766272e-39,"GLP2R"
"ENSG00000129451.12",1076.03250584667,5.21815940770266,0.314543390808833,16.5896329733218,2.62697327030708e-41,5.69959379182698e-39,"KLK10"
"ENSG00000186198.4",356.456983792921,-4.21531472975836,0.24011570323798,-17.5553479964637,3.42709227988093e-41,7.36976481425723e-39,"SLC51B"
"ENSG00000234602.9",36.813695567966,3.92682484225344,0.218787260294888,17.9481421219899,4.0931610487734e-41,8.72489591975382e-39,"MCIDAS"
"ENSG00000197273.4",2117.62855114711,-5.34493222252038,0.325755375848031,-16.40780972104,6.95511935529575e-41,1.46964695942336e-38,"GUCA2A"
"ENSG00000169247.14",525.178410616651,3.46288921574354,0.185312309614832,18.686773819511,1.31446304082143e-40,2.75357343896214e-38,"SH3TC2"
"ENSG00000196660.11",130.603842772358,-6.08397575973597,0.383408755185326,-15.8681190177705,1.97615059564054e-40,4.10431277556113e-38,"SLC30A10"
"ENSG00000129455.15",43.9941666534245,7.96406132326715,0.526282237648414,15.132681199451,2.84575967635978e-40,5.860335604707e-38,"KLK8"
"ENSG00000111846.19",123.631713165704,-3.80132317574139,0.211848670454097,-17.9435781569611,3.22191949173999e-40,6.57921375204049e-38,"GCNT2"
"ENSG00000187699.10",593.619909846519,-3.61243395027786,0.197630651952074,-18.2787129152106,3.4186860229864e-40,6.92283919654746e-38,"C2orf88"
"ENSG00000186451.2",37.2690868081417,3.52297399870848,0.191658222630781,18.3815437206432,7.0771200827748e-40,1.4212728761275e-37,"SPATA12"
"ENSG00000259485.2",81.4128643694775,5.6305110845488,0.351838133088789,16.0031291523705,7.36475033812812e-40,1.4669133870206e-37,"LINC02253"
"ENSG00000269404.7",201.686382520279,-4.65247868454803,0.278392210379314,-16.7119571277118,1.26630116255827e-39,2.50171693090781e-37,"SPIB"
"ENSG00000133742.14",3195.52237974839,-6.85229371207781,0.447146936658552,-15.3244787122635,1.92617960380523e-39,3.74449314979738e-37,"CA1"
"ENSG00000135549.15",691.458540934657,-3.95071201741546,0.225442180475493,-17.5242805453833,1.91414771825332e-39,3.74449314979738e-37,"PKIB"
"ENSG00000158106.14",938.075390697077,3.28048829043689,0.174704607387814,18.7773427357573,3.03886182042804e-39,5.86066208225408e-37,"RHPN1"
"ENSG00000236452.1",31.2317432764875,6.28319566398013,0.404813214401309,15.5212217399389,3.13813265858153e-39,6.00445855145915e-37,"AC123023.1"
"ENSG00000240498.9",202.049890649912,-4.57239706997304,0.273854407949962,-16.6964523383115,3.39832931073528e-39,6.45151580084901e-37,"CDKN2B-AS1"
"ENSG00000164932.13",1022.52978713055,3.81956355745091,0.216294370630408,17.6590983219696,3.82951955249129e-39,7.21374613376266e-37,"CTHRC1"
"ENSG00000139800.8",97.350500461976,8.54392816710717,0.580151911872058,14.7270533670005,5.85366125904372e-39,1.09418437380586e-36,"ZIC5"
"ENSG00000147883.12",884.770264425117,-3.33831882718783,0.179879824548736,-18.5586062003488,6.17026059943694e-39,1.14455979058258e-36,"CDKN2B"
"ENSG00000111700.13",119.416763248107,6.49453146799727,0.423440587580741,15.3375270545101,8.37853272692142e-39,1.5424117065469e-36,"SLCO1B3"
"ENSG00000261650.1",19.8278178684437,7.09906362126742,0.470273251629018,15.0956142980201,9.14755365967636e-39,1.67131995436192e-36,"AC055717.2"
"ENSG00000133800.9",220.539611153159,-4.1592459860202,0.243843080385456,-17.0570597264661,1.08555694571075e-38,1.96858461050532e-36,"LYVE1"
"ENSG00000174951.11",300.779565572218,2.82616121451129,0.14129931072363,20.0012385059615,1.64641486467115e-38,2.96354675640807e-36,"FUT1"
"ENSG00000185479.6",445.2634321246,5.82601367469963,0.373881988280252,15.5824935603279,2.03239021213782e-38,3.6314030996286e-36,"KRT6B"
"ENSG00000276122.1",56.3386422427858,8.46237891597423,0.578397286516693,14.6307375799385,2.19789329275627e-38,3.89845306671367e-36,"AC026336.3"
"ENSG00000079689.14",62.0141535349504,-5.04132327936085,0.314193815145326,-16.0452658083962,3.65775863432546e-38,6.44083585609483e-36,"SCGN"
"ENSG00000224321.1",20.4959683877701,-3.2372952215666,0.173956932355912,-18.6097511477333,3.72053104171396e-38,6.50423772040642e-36,"RPL12P14"
"ENSG00000131188.12",368.005167342368,3.51040932179406,0.195243312055713,17.9796648849737,3.88537907407535e-38,6.74390796428794e-36,"PRR7"
"ENSG00000152785.8",241.216300545721,-5.33817959784641,0.337508754902303,-15.8164181530391,4.10854718049195e-38,7.08068769403932e-36,"BMP3"
"ENSG00000104892.17",32.4480163599428,6.19234015248856,0.404123005867612,15.3229092691574,4.38952076387179e-38,7.49014494636947e-36,"KLC3"
"ENSG00000160712.13",607.070286785425,-2.8258254785338,0.142108664678913,-19.8849625736657,4.40778077090878e-38,7.49014494636947e-36,"IL6R"
"ENSG00000240204.3",58.6090325105,4.05661540171551,0.238018038737382,17.0433107643215,4.7720814202389e-38,8.05288739665315e-36,"SMKR1"
"ENSG00000088836.14",292.385952319542,4.05084934959526,0.23868012048471,16.9718757530741,1.0311992569264e-37,1.72814772022838e-35,"SLC4A11"
"ENSG00000071539.14",914.22542291055,2.28705854366781,0.100875877776141,22.6720063714652,1.39168694899601e-37,2.31630088086322e-35,"TRIP13"
"ENSG00000197587.11",36.5092851783184,6.37286422052748,0.42180872847128,15.1084218755359,1.82547452532775e-37,3.01762115411322e-35,"DMBX1"
"ENSG00000244355.7",53.4221510477993,8.2418854585979,0.570475002427157,14.447408604289,3.17236004430832e-37,5.20867223491164e-35,"LY6G6D"
"ENSG00000149968.12",1594.73666325019,4.74554132690448,0.295156596351988,16.07804597816,3.35869069762611e-37,5.47759623841036e-35,"MMP3"
"ENSG00000249306.6",106.257794295595,6.69199912496018,0.449489438189063,14.8880008213795,4.72495119645487e-37,7.6544209382569e-35,"LINC01411"
"ENSG00000168060.16",268.920574628941,-3.52044694289315,0.199731878279355,-17.6258640995168,8.2797341433567e-37,1.33243403763952e-34,"NAALADL1"
"ENSG00000247381.3",26.1840147135181,5.95132029903516,0.392463533354318,15.1640083555541,8.61769156375252e-37,1.3776967434157e-34,"PLUT"
"ENSG00000187783.12",102.627108723488,-4.50389360015902,0.277893854515839,-16.2072443379719,9.44854788665996e-37,1.50065172317541e-34,"TMEM72"
"ENSG00000239605.11",34.4635548930978,5.00927508907611,0.318321740884746,15.7365157502384,1.12422830780006e-36,1.77394466750269e-34,"STPG4"
"ENSG00000183248.12",248.593175469676,4.0496398792421,0.242246032025867,16.7170535070299,1.21335352450391e-36,1.90222520293193e-34,"PRR36"
"ENSG00000170835.16",1303.37433180645,5.89114120812537,0.38879280497781,15.1523925666824,1.35450499259203e-36,2.10990200769143e-34,"CEL"
"ENSG00000149243.16",245.068284228919,3.94878958341869,0.234684896701767,16.8259212199613,1.64669288355379e-36,2.54870299811192e-34,"KLHL35"
"ENSG00000108381.11",33.9946065505795,-3.87247563535086,0.228890326701487,-16.9184765960042,1.99832189515767e-36,3.07336848432477e-34,"ASPA"
"ENSG00000120708.17",31123.9387314241,3.2072003558053,0.176162652724204,18.2059040676824,2.57977179253715e-36,3.94267009802847e-34,"TGFBI"
"ENSG00000134028.14",1516.24588255191,-3.62789180375039,0.210014109199074,-17.2745146389735,3.17201950734244e-36,4.81750462677633e-34,"ADAMDEC1"
"ENSG00000170454.6",54.4251268309831,7.47724873378727,0.518054404769851,14.4333272045222,3.59305047076786e-36,5.42305133165583e-34,"KRT75"
"ENSG00000168309.18",160.483714144435,-3.5162543006985,0.201576750035787,-17.4437493415001,4.62999944593825e-36,6.94499916890737e-34,"FAM107A"
"ENSG00000119121.22",566.601696690116,-4.30269229330045,0.265402725601019,-16.2119370988251,7.53064912065139e-36,1.12266732289466e-33,"TRPM6"
"ENSG00000168546.11",42.7681480395573,-3.69612808005755,0.21685804168872,-17.0439982362425,8.68484073749487e-36,1.27904018134015e-33,"GFRA2"
"ENSG00000170231.16",338.592659517812,4.42588980454825,0.275554875335444,16.0617365203952,8.68390051136363e-36,1.27904018134015e-33,"FABP6"
"ENSG00000196754.13",310.627877350967,4.12554196719004,0.251887611697585,16.3785028544522,1.17539020960216e-35,1.72060133092365e-33,"S100A2"
"ENSG00000100665.12",43.5166427581541,6.68207488069914,0.458038827730922,14.5884463852147,1.22411485131005e-35,1.78119705909187e-33,"SERPINA4"
"ENSG00000158055.16",166.574439376139,3.72623855297429,0.220024990152908,16.9355242347004,1.4694406899871e-35,2.12544099801705e-33,"GRHL3"
"ENSG00000197165.11",14.6451599271781,-3.90035706210127,0.234110743679923,-16.6603078559857,1.50206137693873e-35,2.15976872542078e-33,"SULT1A2"
"ENSG00000188064.10",48.5671052366429,5.65431474644692,0.375747932080353,15.0481593209081,1.54045520583853e-35,2.20194479422801e-33,"WNT7B"
"ENSG00000198650.11",9.15626300268904,-4.00295793490724,0.242459923072789,-16.5097715291508,1.56800784069878e-35,2.22233126692581e-33,"TAT"
"ENSG00000198759.12",120.380047580565,3.45852409177822,0.198506229085927,17.4227484331544,1.57300813955243e-35,2.22233126692581e-33,"EGFL6"
"ENSG00000181652.19",149.230640967488,3.50651701124848,0.202682351567143,17.3005542127178,1.9781163210714e-35,2.77851020821012e-33,"ATG9B"
"ENSG00000197085.11",34.4921419648445,7.05050996792983,0.489832430766386,14.3937181882765,2.36975602531073e-35,3.30948686293395e-33,"NPSR1-AS1"
"ENSG00000044012.4",391.158965894937,-6.31012591967004,0.431483882415913,-14.6242447906493,4.17013336111467e-35,5.79052803857638e-33,"GUCA2B"
"ENSG00000151388.11",749.630733798309,3.45204084543722,0.199269491094763,17.3234790056025,4.24895556691619e-35,5.8664556975036e-33,"ADAMTS12"
"ENSG00000164303.11",15.2021074902632,-3.51719748216377,0.204715518133564,-17.180903109988,4.75413240395779e-35,6.5268597410268e-33,"ENPP6"
"ENSG00000128422.17",853.447066790706,4.92663928791205,0.319803395880939,15.4052125504828,5.92369458004569e-35,8.08684147725338e-33,"KRT17"
"ENSG00000168875.3",54.5629771795755,7.48174066820118,0.528770971010783,14.1493029655151,7.59878571821896e-35,1.03156699973587e-32,"SOX14"
"ENSG00000095752.7",160.382145789142,4.56857035329827,0.291800994799458,15.6564591441439,1.08178084629608e-34,1.46040414249971e-32,"IL11"
"ENSG00000136044.12",2252.49747413014,-1.96540363020959,0.0789577354190345,-24.8918439691697,1.11731335758701e-34,1.50003948007537e-32,"APPL2"
"ENSG00000043355.12",225.976812000562,6.055321957153,0.414120389234408,14.6221294931833,1.4195476209372e-34,1.89533006531725e-32,"ZIC2"
"ENSG00000165197.5",17.5099218517515,-4.37198061972622,0.276619891489966,-15.8050116937625,1.7583433905006e-34,2.33484942017293e-32,"VEGFD"
"ENSG00000183734.4",3697.49680172117,3.86061348499225,0.234934080583278,16.4327520102975,2.08014352036909e-34,2.74714606222657e-32,"ASCL2"
"ENSG00000204936.10",1923.71957057798,-5.66571138264901,0.383272371982586,-14.7824675004397,2.15492883844709e-34,2.83052814996023e-32,"CD177"
"ENSG00000131015.5",75.308525665277,4.39205963551944,0.279203818235134,15.7306574934467,2.9019936011683e-34,3.79131422088116e-32,"ULBP2"
"ENSG00000103253.19",393.029118333626,3.64335751069983,0.217625567879594,16.7414038074589,2.99901150553707e-34,3.89711120772999e-32,"HAGHL"
"ENSG00000148848.14",830.335927611368,4.24955698247638,0.267679247836453,15.8755563489658,3.2515417419289e-34,4.20279065579108e-32,"ADAM12"
"ENSG00000173557.15",171.875161785972,3.39489790899938,0.197358769965983,17.2016572133305,3.45634386301467e-34,4.44387068101886e-32,"FAM166C"
"ENSG00000155850.8",8663.48212608482,-4.22656768042292,0.266121351250943,-15.8821066425347,3.92055225956125e-34,5.01417999512307e-32,"SLC26A2"
"ENSG00000184292.7",1387.37897182047,4.80774672344799,0.314117295995517,15.305577835856,4.03554874792246e-34,5.13423217667623e-32,"TACSTD2"
"ENSG00000253958.2",865.662661207907,-3.02389583526443,0.167265460292789,-18.0784235428598,5.28680566342025e-34,6.69111341776625e-32,"CLDN23"
"ENSG00000286042.1",19.664443248716,6.94293678175459,0.492354117799699,14.1015105403854,7.56504180351965e-34,9.52489719303251e-32,"LCAL1"
"ENSG00000143171.13",9.50067152470633,-4.0441933959994,0.252269201286036,-16.0312609521203,7.86598099647962e-34,9.85274939249767e-32,"RXRG"
"ENSG00000167281.19",80.1327232580059,-4.84671880986618,0.318814336969139,-15.2023238852503,8.01447658550838e-34,9.98727082194121e-32,"RBFOX3"
"ENSG00000068976.14",74.5740418031581,-3.89360795138169,0.240467077419156,-16.1918545905341,1.18764800007412e-33,1.47244114294904e-31,"PYGM"
"ENSG00000250641.1",45.372308320065,7.93584116370006,0.576442658156263,13.7669220891504,1.20412027955759e-33,1.48528542097713e-31,"LY6G6F-LY6G6D"
"ENSG00000029559.7",34.4276469476454,6.53150440167045,0.460761858681235,14.175445034371,1.6697643279229e-33,2.04925622063265e-31,"IBSP"
"ENSG00000204542.3",84.8491133836731,7.38666566780241,0.532907767564006,13.8610583620649,2.14053015007169e-33,2.61381319832874e-31,"C6orf15"
"ENSG00000042832.12",340.297777499197,4.21960422270562,0.268683335744088,15.7047485323937,2.18399338385493e-33,2.65355196138374e-31,"TG"
"ENSG00000080493.18",1197.58544030971,-4.59474882329483,0.300049941794628,-15.3132801686719,2.24797421723923e-33,2.71770017308026e-31,"SLC4A4"
"ENSG00000249859.12",675.477063073003,3.19992908699815,0.183646806225179,17.424365567646,2.28545835372646e-33,2.74933851463134e-31,"PVT1"
"ENSG00000249948.6",120.892443077448,-4.97841503382256,0.332658959928627,-14.9655221518479,2.89755346655939e-33,3.46849996243317e-31,"GBA3"
"ENSG00000196611.5",3339.20296996982,4.49937844069914,0.29280466536201,15.366484803568,3.19823458404487e-33,3.8096617839358e-31,"MMP1"
"ENSG00000168477.19",538.216683551753,-3.97238330527941,0.249508841306838,-15.9208118015918,5.0671310270222e-33,6.00640409544582e-31,"TNXB"
"ENSG00000114656.12",214.137893818976,2.87074994745893,0.157095032096598,18.2739702786636,5.35076421711421e-33,6.31182380950851e-31,"CFAP92"
"ENSG00000225335.3",61.0226867224432,-2.44138596267929,0.121095728539982,-20.1607933831721,5.71771609981859e-33,6.71210150848269e-31,"AC016027.1"
"ENSG00000182379.10",238.363308394239,5.52025927511629,0.380269726936375,14.5166940308133,6.9157608184632e-33,8.07947057156999e-31,"NXPH4"
"ENSG00000004799.8",1025.34448879657,-3.33644399365439,0.196709900660642,-16.9612408040932,7.73617095216679e-33,8.99468680084464e-31,"PDK4"
"ENSG00000170382.12",217.718855753772,-3.79819640683237,0.235825988360301,-16.1059280753629,8.94012284301344e-33,1.03449992897727e-30,"LRRN2"
"ENSG00000171227.7",824.56074164976,-3.19853155096307,0.18535454868127,-17.2562884143899,9.41034080223948e-33,1.08375014926265e-30,"TMEM37"
"ENSG00000171388.12",317.923027256833,3.14879284905702,0.181383722762126,17.3598424440018,1.11958362513873e-32,1.28329632504109e-30,"APLN"
"ENSG00000101441.4",16.3440752023748,6.60424957085952,0.476112752666745,13.8711881458092,2.7584451633163e-32,3.14695856660028e-30,"CST4"
"ENSG00000123560.14",78.9368147421374,-5.2343176886484,0.360110288490721,-14.5353183620114,3.19704748700816e-32,3.63029223992049e-30,"PLP1"
"ENSG00000131746.13",4435.48445914159,3.37437573666719,0.202100587815918,16.6965161909411,3.59481068981604e-32,4.06297208197813e-30,"TNS4"
"ENSG00000163295.5",220.858180469591,-4.50480307129453,0.29915958415684,-15.0581940538225,5.30836998226108e-32,5.97191623004371e-30,"ALPI"
"ENSG00000204933.3",21.2989939203658,-6.61540259392739,0.479919336560498,-13.7844051905449,6.31870563557231e-32,7.07578557347498e-30,"CD177P1"
"ENSG00000255650.6",33.3677057353966,3.54852221767781,0.217832428552278,16.290146702497,6.41320556028226e-32,7.14866491352564e-30,"FAM222A-AS1"
"ENSG00000189433.7",79.0236858343906,4.15335067009366,0.269935988671332,15.3864280585079,7.8915007048349e-32,8.7563226998853e-30,"GJB4"
"ENSG00000141338.14",161.359460982435,-4.46106542366312,0.296376332591423,-15.0520299129723,8.2624646061731e-32,9.12626772409119e-30,"ABCA8"
"ENSG00000176842.15",38.338603502976,4.54040691864303,0.303362843354557,14.9669183886716,9.01421169653979e-32,9.9115540373718e-30,"IRX5"
"ENSG00000274080.1",30.6139401626245,4.49732265159459,0.299926031482541,14.9947726423219,1.01284286263954e-31,1.10865232261896e-29,"AC005089.1"
"ENSG00000182271.13",404.422152019046,-6.39913783442911,0.4633148263873,-13.8116405303202,1.10395626849056e-31,1.20296579929689e-29,"TMIGD1"
"ENSG00000150593.18",3302.10182104155,-2.09512552302324,0.094078539881165,-22.2699621578916,1.28185327666245e-31,1.39058190280793e-29,"PDCD4"
"ENSG00000162004.18",119.315448810385,3.59710884292032,0.223424584017409,16.0998793339592,1.55433070381548e-31,1.67867716012072e-29,"CCDC78"
"ENSG00000111981.5",30.2949569009017,3.9566754753134,0.254590602765163,15.5413256904972,1.76056047494463e-31,1.89299201509533e-29,"ULBP1"
"ENSG00000172594.13",903.607272608982,-2.67407968794115,0.144348959243422,-18.5251054247765,2.12272666859694e-31,2.26550300109284e-29,"SMPDL3A"
"ENSG00000179431.7",171.91205370733,2.94087418082728,0.167355247663293,17.5726439528452,2.12565713682785e-31,2.26550300109284e-29,"FJX1"
"ENSG00000226087.2",9.81293029304281,-3.91342505036724,0.251375979078902,-15.5680151488894,2.31808899508213e-31,2.45980622622252e-29,"AC073283.2"
"ENSG00000135374.11",105.683233173572,8.04609507004264,0.60798306782936,13.2340775521415,2.33480347133453e-31,2.46677062406213e-29,"ELF5"
"ENSG00000165072.10",95.0203092107782,-4.57487645520512,0.308888764172589,-14.8107570939322,2.8122861654114e-31,2.95837895322498e-29,"MAMDC2"
"ENSG00000088002.12",603.556060967808,3.30331564227404,0.199591974805545,16.5503429959663,4.14040803759472e-31,4.31810795337132e-29,"SULT2B1"
"ENSG00000107807.13",115.027521376567,3.90417123154788,0.251658165744292,15.5137872041668,4.13937165645402e-31,4.31810795337132e-29,"TLX1"
"ENSG00000131096.10",282.533570814827,-5.85980437421282,0.42157023388194,-13.8999481065209,4.77416127811202e-31,4.93916170120124e-29,"PYY"
"ENSG00000258947.7",29.8999490131137,4.21625616548104,0.278999489981495,15.1120568921495,4.77655555465964e-31,4.93916170120124e-29,"TUBB3"
"ENSG00000166292.12",54.7932506448798,-3.84633963995629,0.247451301971462,-15.5438246204899,6.39814344127727e-31,6.58791888233211e-29,"TMEM100"
"ENSG00000242366.3",60.1363863519018,-4.3911063692264,0.295233002093451,-14.8733587982704,7.73824684132296e-31,7.93415182464759e-29,"UGT1A8"
"ENSG00000111110.12",1518.00050526166,2.27270620515073,0.11084405585782,20.5036362803788,8.12834725581818e-31,8.29911085362949e-29,"PPM1H"
"ENSG00000122778.10",865.296431189853,2.27758836479084,0.111352158438823,20.4539220139335,8.97285489235752e-31,9.09158823819527e-29,"KIAA1549"
"ENSG00000137745.12",73.3932914225777,5.48082049370804,0.390541874120546,14.0338869066222,8.97934640809409e-31,9.09158823819527e-29,"MMP13"
"ENSG00000166091.21",4.34073533574634,-4.71832235869756,0.324139632131869,-14.5564500325527,9.18744216381288e-31,9.26368649712253e-29,"CMTM5"
"ENSG00000095303.17",790.856860829519,-2.92064383443051,0.167484452960824,-17.4382981990196,9.59598307550499e-31,9.63563589813105e-29,"PTGS1"
"ENSG00000130226.17",44.2847979174559,-4.90012812854835,0.340827295306626,-14.3771587429344,1.27279486548829e-30,1.27279486548829e-28,"DPP6"
"ENSG00000171759.10",130.474585289121,5.65490789782978,0.406896363209843,13.8976614418976,1.31892308542656e-30,1.3135176629453e-28,"PAH"
"ENSG00000152669.9",345.405970871741,2.95437012580687,0.171086547475246,17.2682783620631,1.59957253864003e-30,1.58651480363072e-28,"CCNO"
"ENSG00000131389.17",3839.75102024519,2.74267103597865,0.152710860980409,17.959895048529,1.8302595714421e-30,1.80793933276598e-28,"SLC6A6"
"ENSG00000083782.8",46.5957900869875,6.87463269232279,0.515837078667872,13.3271394721687,2.38448931943202e-30,2.34587410778129e-28,"EPYC"
"ENSG00000162344.4",84.9887491787486,6.2412424274512,0.460372429104639,13.5569422338987,2.48946401443068e-30,2.43927320768813e-28,"FGF19"
"ENSG00000231566.2",31.6955159837661,4.11397758531326,0.274291396336323,14.998565905687,3.59092397325116e-30,3.50439568473909e-28,"LINC02595"
"ENSG00000171617.14",5642.59244740617,2.05333520066106,0.0928412182958571,22.1166335206599,3.90145420531987e-30,3.79221348757092e-28,"ENC1"
"ENSG00000138152.10",39.9550735844715,3.56547324089036,0.226218268577678,15.7612082494834,4.12415972737982e-30,3.99271240539161e-28,"BTBD16"
"ENSG00000266402.3",202.619905510805,5.35736891143346,0.384910217043928,13.9184897521752,5.19499588211085e-30,5.00946031489261e-28,"SNHG25"
"ENSG00000104237.11",31.7398448734635,5.53211504882116,0.400869296533486,13.8002962478296,6.14724906522562e-30,5.90427479387283e-28,"RP1"
"ENSG00000215193.13",2602.47647077499,-1.87073769720641,0.0770274319492975,-24.286642431982,6.25056388982247e-30,5.9798701780585e-28,"PEX26"
"ENSG00000198624.13",894.751381189398,-2.88907604217416,0.167712709550169,-17.2263393151485,9.90583736854074e-30,9.43968031590353e-28,"CCDC69"
"ENSG00000187097.13",2434.33714620964,-2.64391094494544,0.145979595897067,-18.1115102333185,1.0193736288883e-29,9.67608561796313e-28,"ENTPD5"
"ENSG00000198610.11",27.9243709718569,5.7146631475336,0.418866144698531,13.643172693383,1.08455249441369e-29,1.02547181378415e-27,"AKR1C4"
"ENSG00000197375.13",882.240763247644,-1.99068408799081,0.0880804155794815,-22.6007572159382,1.19130644370088e-29,1.12204444116013e-27,"SLC22A5"
"ENSG00000113739.10",885.057208050271,3.59377614774138,0.230906816698605,15.5637507767136,1.40390960269139e-29,1.31718159634752e-27,"STC2"
"ENSG00000257588.1",19.0322546069788,6.11445860758697,0.455665847069868,13.4187335893301,1.55190550345954e-29,1.45043475900257e-27,"AC025154.2"
"ENSG00000163735.7",728.178226088721,5.29589097885906,0.383636867391034,13.8044370314938,2.08979645203922e-29,1.94567255879513e-27,"CXCL5"
"ENSG00000129991.13",28.5214355685034,5.26524496739338,0.381705698205097,13.793991004463,2.7278516367603e-29,2.53003033485783e-27,"TNNI3"
"ENSG00000187824.9",115.541533025223,-2.98119216610531,0.177495104003202,-16.7959121061251,3.13002031583359e-29,2.89199595721507e-27,"TMEM220"
"ENSG00000196335.13",115.335864063028,3.76332244050165,0.247638953187654,15.1968112934556,3.24764211199075e-29,2.98930694399149e-27,"STK31"
"ENSG00000163132.8",231.312883130493,3.34573203699076,0.210298114240737,15.9094723653146,3.41069382400748e-29,3.12486607683359e-27,"MSX1"
"ENSG00000224968.2",6.91884904681191,-4.24818976974652,0.291211454341267,-14.5879899516869,3.42063529398245e-29,3.12486607683359e-27,"LINC01645"
"ENSG00000224721.1",16.9791465931007,-4.57712937775681,0.320877374867845,-14.264419171473,3.66318307375981e-29,3.33390819072522e-27,"AC007182.1"
"ENSG00000214888.3",5.71796578733236,-5.65526365007693,0.417750002218039,-13.5374353561948,3.84468525856945e-29,3.4860392456432e-27,"AL772337.1"
"ENSG00000262772.2",30.5041982270492,3.7457490129537,0.246497696057499,15.1958783910092,4.04913760260224e-29,3.65777114287117e-27,"LINC01977"
"ENSG00000126950.8",92.0548341145116,-4.06328402928468,0.275028396767012,-14.7740527052806,4.09397137051737e-29,3.68457423346563e-27,"TMEM35A"
"ENSG00000123643.13",1000.22402935022,-2.08109294954097,0.0970668682715846,-21.4397866810564,4.11490188466642e-29,3.68974597038354e-27,"SLC36A1"
"ENSG00000267073.1",12.5224810001012,6.28377309861718,0.474486257292653,13.2433194893177,4.20046369266181e-29,3.75262013719419e-27,"AC005256.1"
"ENSG00000158467.16",3825.36384637699,-2.70540740988959,0.153491020794839,-17.625835022009,5.55821020132918e-29,4.94741787151278e-27,"AHCYL2"
"ENSG00000130513.6",6464.93915764744,3.14947012192577,0.193544517349149,16.2725876457881,5.87682908145867e-29,5.21193236056371e-27,"GDF15"
"ENSG00000137872.17",373.993807103614,-3.1683061959992,0.195467747985196,-16.2088438049594,6.78982854325078e-29,5.99973940367251e-27,"SEMA6D"
"ENSG00000232237.3",53.3499466782888,4.06109440719405,0.276178371652615,14.7046069643071,7.52112014931456e-29,6.62185578363565e-27,"ASCL5"
"ENSG00000230234.1",27.7705069663692,6.34044661511452,0.482069903703431,13.1525460652179,8.00664282047419e-29,7.0238779977445e-27,"AL162582.1"
"ENSG00000100867.15",98.5355926512074,3.93360711182557,0.264828802548269,14.8533961335592,8.07725353712864e-29,7.06033312777791e-27,"DHRS2"
"ENSG00000280109.3",110.282571626943,4.94307310683199,0.356206528999798,13.8769862548892,8.80669312900648e-29,7.67034562848952e-27,"PLAC4"
"ENSG00000122367.20",105.503096625031,-4.06968063768991,0.277469674117758,-14.667118670283,9.46950482539472e-29,8.21817740203899e-27,"LDB3"
"ENSG00000178776.5",20.2190816627569,6.27719806765358,0.477298134161964,13.1515244212614,1.02065908536478e-28,8.82634013322564e-27,"C5orf46"
"ENSG00000171246.6",119.378119433928,-4.84069592502936,0.348767505346189,-13.8794350128016,1.66884879920811e-28,1.43805056101976e-26,"NPTX1"
"ENSG00000060566.14",135.004121113869,-4.57903664064502,0.325085296110561,-14.085646737734,1.71894359052997e-28,1.47598336572008e-26,"CREB3L3"
"ENSG00000145040.4",16.7178063255888,4.73023592018402,0.340796109192942,13.879958698431,3.48568181798127e-28,2.98246718932905e-26,"UCN2"
"ENSG00000134757.5",396.600394757403,5.18008749972936,0.382043834044175,13.5588826153661,3.65387104813671e-28,3.11540584104287e-26,"DSG3"
"ENSG00000157766.19",311.498398469388,3.02781300676785,0.185497460434312,16.3226655485133,4.06301756464348e-28,3.45214429443484e-26,"ACAN"
"ENSG00000022267.19",1365.77772028667,-3.29065292148892,0.209765926136134,-15.6872614256395,4.6226042379809e-28,3.913912299057e-26,"FHL1"
"ENSG00000018625.15",180.994918032044,-4.80641999837756,0.348940818628858,-13.7743128398222,5.24885863396658e-28,4.42872447240931e-26,"ATP1A2"
"ENSG00000286486.1",19.8070041830205,4.51621427779576,0.322542408660449,14.0019239533556,5.66511716348607e-28,4.76340301289659e-26,"AL590483.4"
"ENSG00000205364.4",282.403218650505,-4.35058503130529,0.307706837605521,-14.1387336893784,6.51108725976699e-28,5.45584208318406e-26,"MT1M"
"ENSG00000148483.9",578.209088659229,-3.73644734567288,0.251316608373586,-14.8674907315262,6.5426922508392e-28,5.46348528162861e-26,"TMEM236"
"ENSG00000165188.13",175.222440215525,3.22669746011852,0.204832980192608,15.7528219190309,7.94049451567623e-28,6.60801427160727e-26,"RNF183"
"ENSG00000130176.8",3659.99087934653,-4.1985472421428,0.295162127960946,-14.2245459170098,1.15475188634997e-27,9.57695250454069e-26,"CNN1"
"ENSG00000116748.21",24.8185716263015,-4.09402009705995,0.286111030312497,-14.3092004967036,1.47662070722724e-27,1.22047221719803e-25,"AMPD1"
"ENSG00000196666.6",3.47429350320563,-4.455242445277,0.319815724941329,-13.930654742178,1.65025985981925e-27,1.35936659639348e-25,"FAM180B"
"ENSG00000111404.7",17.3600965758035,-5.12222635504991,0.381664415604951,-13.4207595615929,1.70875104298961e-27,1.40279224137323e-25,"RERGL"
"ENSG00000164778.4",65.7702798204825,6.28491156634066,0.489467057799928,12.8403157397155,1.77280849147219e-27,1.45047967484089e-25,"EN2"
"ENSG00000189129.14",79.7834224655262,-2.62399856981753,0.150443045959858,-17.441806984669,1.82180380343541e-27,1.4805964021231e-25,"PLAC9"
"ENSG00000273079.6",260.301294304566,3.50915365023184,0.232435551419795,15.0973189290397,1.81630237670031e-27,1.4805964021231e-25,"GRIN2B"
"ENSG00000007306.15",13666.003659826,-4.40575065035395,0.315667496166423,-13.956934761605,1.93900298471321e-27,1.5705924176177e-25,"CEACAM7"
"ENSG00000121577.14",99.0510980696271,-3.25936285643544,0.209489083420194,-15.5586286560708,2.02378892563239e-27,1.6338229532514e-25,"POPDC2"
"ENSG00000118515.11",1976.77652401216,-2.7757027958652,0.164833615167697,-16.8394219409753,2.31611589091281e-27,1.86362967381395e-25,"SGK1"
"ENSG00000287338.1",47.6679531594614,5.40531454840047,0.40894846864098,13.2175933226097,2.32622230036501e-27,1.86558422108481e-25,"AL929091.1"
"ENSG00000101605.13",111.678944384785,-3.25231041316443,0.209310688104425,-15.5381956010858,2.64100537285059e-27,2.1110667947457e-25,"MYOM1"
"ENSG00000237412.7",45.0441247283491,8.42590137706674,0.690209357529593,12.2077472366136,2.69009527974092e-27,2.14325623926899e-25,"PRSS56"
"ENSG00000163736.4",301.057462401035,6.05533722878228,0.469945463645815,12.8851913620045,2.73799093218278e-27,2.17428691673338e-25,"PPBP"
"ENSG00000253414.3",106.0910043,3.41438719315549,0.224470134874668,15.2108751351796,2.77824370528448e-27,2.19906586444342e-25,"AC124067.2"
"ENSG00000162706.13",57.145033554414,-4.49963442477261,0.32566053255201,-13.8169473270575,3.08550140707031e-27,2.43434039583794e-25,"CADM3"
"ENSG00000133392.18",17872.5073329792,-4.4397680312589,0.321064265027503,-13.8282845986568,4.3917766777598e-27,3.45372729027712e-25,"MYH11"
"ENSG00000187091.14",777.733758117046,-2.36197002327036,0.127166127174325,-18.573892873473,4.56002633792286e-27,3.5744722584363e-25,"PLCD1"
"ENSG00000253438.4",148.03482349743,3.47538904352506,0.231213290641821,15.0310954611553,4.76539980793758e-27,3.72344743835638e-25,"PCAT1"
"ENSG00000078114.19",3227.80775180138,2.39273190761188,0.130190523468821,18.3786948839245,5.21992923468376e-27,4.06552180778254e-25,"NEBL"
"ENSG00000262188.2",90.5536986501244,3.67952746827859,0.25049061752494,14.6892825952343,5.24970376228462e-27,4.07564860778007e-25,"LINC01978"
"ENSG00000223812.8",28.92204669853,7.50243909631817,0.608140680128144,12.3366835034573,5.52807341409395e-27,4.27809503065232e-25,"AC073365.1"
"ENSG00000135245.10",955.510953939429,2.44917166880465,0.135592446100536,18.062744195858,5.81073240515052e-27,4.48256499825897e-25,"HILPDA"
"ENSG00000268621.6",36.2469486251113,6.15628108021706,0.483771013790204,12.7256096473917,7.95580327647467e-27,6.11791201323843e-25,"IGFL2-AS1"
"ENSG00000006704.11",2368.44148662511,2.11552655038098,0.104873320618948,20.172209079444,1.00352761373344e-26,7.6926564712059e-25,"GTF2IRD1"
"ENSG00000078804.13",1952.76453305772,-2.61631728507304,0.152305358285528,-17.1781040045106,1.30553502089962e-26,9.97625817857253e-25,"TP53INP2"
"ENSG00000182253.15",1638.77044393459,-4.24743223272707,0.306061488682307,-13.8777088584834,1.33314684969793e-26,1.01553192625893e-24,"SYNM"
"ENSG00000254645.2",72.2037171194285,-4.62629205268664,0.341915887929647,-13.5304974585988,1.4002610857115e-26,1.06332326196217e-24,"AC087379.1"
"ENSG00000232803.1",219.627217304877,3.82240809952521,0.266320595474024,14.3526567771513,1.52562515769751e-26,1.15491250255606e-24,"SLCO4A1-AS1"
"ENSG00000057704.13",995.801254997503,-2.48695922845726,0.140406823600638,-17.712523969141,1.65154241677537e-26,1.24635033315657e-24,"TMCC3"
"ENSG00000009950.16",1387.99257135916,3.13444738819229,0.201746934460198,15.5365304388834,1.84822750069989e-26,1.39046217544914e-24,"MLXIPL"
"ENSG00000135069.14",1995.96055215472,2.66728946306413,0.157607341664944,16.9236371534932,1.86946523867407e-26,1.40209892900555e-24,"PSAT1"
"ENSG00000170419.11",21.841030422955,-5.16492377556693,0.393721638417647,-13.1182116287146,1.87764090043473e-26,1.40389765786351e-24,"VSTM2A"
"ENSG00000184937.16",69.318245963773,4.8616243616692,0.366436302077153,13.2673109462981,2.87574602289647e-26,2.1435775569443e-24,"WT1"
"ENSG00000233542.2",11.177273125143,5.10353644682735,0.389718255922205,13.0954513145674,3.15862189605283e-26,2.34723278514018e-24,"AL391845.2"
"ENSG00000242515.5",232.448155633746,-3.74257489627632,0.260514106729504,-14.3661122357658,3.22460899196103e-26,2.3889633690443e-24,"UGT1A10"
"ENSG00000230838.1",18.2161800604434,5.82550517105459,0.458808159815895,12.6970391576998,3.58840926541041e-26,2.65040562764355e-24,"LINC01614"
"ENSG00000006118.15",1367.61687389719,2.59730898722936,0.151968867640402,17.0910596858251,3.8533107609281e-26,2.83743792395615e-24,"TMEM132A"
"ENSG00000236751.2",46.8285612908906,3.60584465752813,0.247930381492085,14.5437789262759,3.86870279314283e-26,2.84016549466377e-24,"LINC01186"
"ENSG00000204335.4",461.165576227227,3.61463164753112,0.24886739802478,14.5243277191784,4.04764703575583e-26,2.96258502918273e-24,"SP5"
"ENSG00000177675.9",300.922859227644,-3.03882337913029,0.194132151271228,-15.6533750810017,4.21749867733966e-26,3.07763416995056e-24,"CD163L1"
"ENSG00000243944.5",11.1361629295147,6.0615163087311,0.482479309409657,12.5632668396656,4.76905126979455e-26,3.46969897772478e-24,"AC117386.2"
"ENSG00000163017.14",9608.83966462617,-4.20422629876177,0.305632233696181,-13.7558340883019,5.12002112810091e-26,3.71392577351798e-24,"ACTG2"
"ENSG00000152137.8",530.397104183892,-3.60278504392392,0.248299931332384,-14.5098108750626,5.20213948234661e-26,3.76226158991138e-24,"HSPB8"
"ENSG00000197561.7",4.43045485464585,-3.67680869076233,0.255852457538139,-14.3708163921554,6.4337241332226e-26,4.62910981751188e-24,"ELANE"
"ENSG00000271216.2",9.69610422717833,5.85101600255533,0.463669036118095,12.6189491787955,6.4388441083087e-26,4.62910981751188e-24,"LINC01050"
"ENSG00000155918.8",48.397405114467,3.9308330034869,0.280230256485662,14.0271541438211,6.68666935283728e-26,4.79309927061788e-24,"RAET1L"
"ENSG00000125207.7",284.763962383485,5.05382030917576,0.387663964454874,13.0366006969009,6.8014559959179e-26,4.8610406088472e-24,"PIWIL1"
"ENSG00000131482.10",15.3310391519665,-6.53969575815265,0.530009607256633,-12.3388249356508,7.16832548849468e-26,5.10822021614137e-24,"G6PC"
"ENSG00000159176.14",9888.71281999923,-2.27687377173944,0.122191645400275,-18.6336288727503,7.34456867404499e-26,5.21850932103197e-24,"CSRP1"
"ENSG00000065534.19",5047.29088699092,-3.35206558463863,0.22512761680603,-14.889624081646,7.50616098441978e-26,5.31777585776678e-24,"MYLK"
"ENSG00000163106.11",29.6462156892923,-3.09901914561453,0.201857036054879,-15.3525445839401,1.25876032693112e-25,8.8918244024495e-24,"HPGDS"
"ENSG00000238042.5",8.2818657468434,5.76456237032683,0.458235021931827,12.5799253536419,1.27076084081376e-25,8.95057635703604e-24,"LINC02257"
"ENSG00000286403.1",111.709764844676,4.99721345247073,0.384725010821005,12.9890527309536,1.37974817629792e-25,9.69013892602297e-24,"AC010378.1"
"ENSG00000114270.17",1246.94717789141,3.16964775933669,0.208956265122001,15.1689529743751,1.47750322889248e-25,1.03467805366246e-23,"COL7A1"
"ENSG00000071203.9",1426.84232375433,-5.52073584858023,0.435575729115317,-12.6745717898314,1.54886608489883e-25,1.08153580066211e-23,"MS4A12"
"ENSG00000104888.10",15.0056016642149,-3.03463385227498,0.19669568766996,-15.4280649882211,2.22610232888796e-25,1.54997955850938e-23,"SLC17A7"
"ENSG00000127423.11",181.836755804172,2.18120013594916,0.114284532400972,19.0856985641445,2.43158931645281e-25,1.68821772542295e-23,"AUNIP"
"ENSG00000253161.5",73.683191344993,3.10011416869844,0.203289024794451,15.2497862185773,2.55977733514738e-25,1.77215353971742e-23,"LINC01605"
"ENSG00000101335.10",9679.00222293518,-3.24776345616484,0.217671397547096,-14.9204879132645,2.67640778142948e-25,1.84763378093001e-23,"MYL9"
"ENSG00000163873.10",44.7581852366635,-3.48308599607713,0.240503158975839,-14.48249582629,2.72881075410065e-25,1.87784095980122e-23,"GRIK3"
"ENSG00000172005.11",31.5657328245633,-3.515669458686,0.243664726009099,-14.428306945646,2.73562016366104e-25,1.87784095980122e-23,"MAL"
"ENSG00000197905.10",976.568306150194,2.24430069498187,0.120581599300181,18.6122982943261,2.88632843254152e-25,1.97571213833124e-23,"TEAD4"
"ENSG00000228437.5",30.8289286550689,7.66371099666062,0.6463868680379,11.8562294124627,3.20266203246315e-25,2.18608672440603e-23,"LINC02474"
"ENSG00000138744.16",1269.4594742614,-2.19610477776025,0.116182816497793,-18.9021478731492,3.71008884988253e-25,2.52535459529819e-23,"NAAA"
"ENSG00000226476.6",201.930464994334,4.03233987578725,0.295046696015309,13.6667853944653,4.45071607700037e-25,3.0210167785226e-23,"LINC01748"
"ENSG00000177238.14",175.789793631905,5.56521213779081,0.44423299760043,12.5276874249591,4.49129087222299e-25,3.04006596643506e-23,"TRIM72"
"ENSG00000283525.1",10.3301766422796,-3.2351700847746,0.217728291434661,-14.8587492395101,5.02064771921689e-25,3.3889372104714e-23,"AC005622.1"
"ENSG00000183476.12",31.3292296779402,-3.79441277325612,0.27245102949775,-13.9269533326812,5.52828137563263e-25,3.72125311434551e-23,"SH2D7"
"ENSG00000148734.8",124.17146296824,3.3674245263826,0.231050028072661,14.5744389406592,6.14345927693493e-25,4.12392432125742e-23,"NPFFR1"
"ENSG00000168447.11",556.314252745626,-4.25199585154517,0.317549280233299,-13.3900346063492,6.49991050679306e-25,4.33922597019427e-23,"SCNN1B"
"ENSG00000179520.11",8.72325641832319,-5.31331365639083,0.421176756792302,-12.6154009467598,6.4875734681914e-25,4.33922597019427e-23,"SLC17A8"
"ENSG00000273132.1",18.1529096003626,5.12084674611152,0.402857499835283,12.711310446511,7.34821201444119e-25,4.89209731372386e-23,"AL355312.3"
"ENSG00000148702.15",58.4866294592904,6.41579350152559,0.529501563016482,12.1166658413167,7.42032254953333e-25,4.9266075943623e-23,"HABP2"
"ENSG00000124614.16",223.109680381392,3.61227969939824,0.255735630079312,14.1250544489165,8.51444858855512e-25,5.63324583654288e-23,"RPS10"
"ENSG00000222375.1",4.24964927533921,-4.94711575635766,0.386419859615182,-12.8024366068666,8.53100604052585e-25,5.63324583654288e-23,"RN7SKP127"
"ENSG00000101104.13",895.999605213879,2.95662711946715,0.191573925750373,15.4333482904126,8.63245872645525e-25,5.68478989303151e-23,"PABPC1L"
"ENSG00000167434.10",1725.26587707051,-5.15973963001337,0.407661680553601,-12.6569159578759,9.52320888661119e-25,6.25443178228789e-23,"CA4"
"ENSG00000233695.2",472.072101863848,3.54776992541035,0.250040674051666,14.188771242383,1.10537426930262e-24,7.2069891033228e-23,"GAS6-AS1"
"ENSG00000258919.1",36.5923458067173,3.35563357985173,0.231185052049832,14.5149245165229,1.10579027886522e-24,7.2069891033228e-23,"AL049836.1"
"ENSG00000261469.1",13.0017068540992,-2.82834650642707,0.179437112544455,-15.7623273486769,1.10625799816436e-24,7.2069891033228e-23,"AC020978.4"
"ENSG00000225328.2",22.2385813550327,4.6439512977399,0.357637879056484,12.985065536099,1.11085402232869e-24,7.21758094721584e-23,"LINC01594"
"ENSG00000081277.13",422.251637010849,3.92409365783493,0.287215516769447,13.6625405965962,1.20740691709328e-24,7.82399682276445e-23,"PKP1"
"ENSG00000119919.11",161.184729897815,-2.85401914752381,0.182175249102607,-15.666338657873,1.25439852547537e-24,8.10688408751367e-23,"NKX2-3"
"ENSG00000185432.12",1983.73771315992,-2.55348798227037,0.152653108970916,-16.727389304314,1.2612414432208e-24,8.12948728654255e-23,"METTL7A"
"ENSG00000134201.12",54.0980177115143,-2.94485439214648,0.191149391359801,-15.4060359344978,1.28826083173021e-24,8.23808900290633e-23,"GSTM5"
"ENSG00000158887.19",56.4757877498629,-2.76164003580157,0.17313543723582,-15.9507497707708,1.28299195836664e-24,8.23808900290633e-23,"MPZ"
"ENSG00000164398.15",519.362778253775,4.36094345715588,0.330324654679985,13.2019920262407,1.28638858434923e-24,8.23808900290633e-23,"ACSL6"
"ENSG00000205420.11",153.354355868636,5.57755654858177,0.450156659515142,12.3902566599576,1.3661619991227e-24,8.71331668731799e-23,"KRT6A"
"ENSG00000091138.13",16035.1073874802,-4.70138967521653,0.364116348972355,-12.9117785798008,1.41473741831675e-24,8.99950766102014e-23,"SLC26A3"
"ENSG00000221867.9",89.9177754280176,10.6585535955965,0.951216115604062,11.2051860988792,1.59189590866986e-24,1.01000184283753e-22,"MAGEA3"
"ENSG00000237125.11",104.017502736191,-4.19515031512237,0.315081051605153,-13.3145115955103,1.8219243265873e-24,1.15293648791852e-22,"HAND2-AS1"
"ENSG00000186462.9",22.6883463371557,-3.64474022827377,0.260891474499321,-13.970330902029,1.88655435896074e-24,1.19073430968171e-22,"NAP1L2"
"ENSG00000016602.9",3934.65191329649,-5.43006096335566,0.438504361900102,-12.3831401353146,2.68815592138136e-24,1.69228468625822e-22,"CLCA4"
"ENSG00000125657.5",342.022690549859,3.70064376520799,0.267565952028881,13.8307723278952,2.9550591713229e-24,1.85550227036554e-22,"TNFSF9"
"ENSG00000257906.3",15.0986514456461,3.57823034578156,0.255640524252279,13.9971170699462,3.20602031408705e-24,2.00789416578132e-22,"LINC02156"
"ENSG00000164651.17",29.7624620556169,5.70756979253451,0.467261047842489,12.2149488361771,3.56965960136758e-24,2.22989018800082e-22,"SP8"
"ENSG00000251095.7",75.5233875594008,6.61618749140866,0.558252605672394,11.8516016301253,4.1373807135431e-24,2.57790644459224e-22,"AC093866.1"
"ENSG00000171503.12",733.573736715341,-1.91520335757693,0.0910632322201914,-21.0315767503833,4.5842311745776e-24,2.84902346655334e-22,"ETFDH"
"ENSG00000006327.14",1895.27476125603,2.39218327623648,0.138537485665493,17.2674079130651,4.63339760205706e-24,2.8722337176017e-22,"TNFRSF12A"
"ENSG00000166831.9",142.021472572351,-3.45677990585969,0.24455160552011,-14.135175675939,4.78074445182674e-24,2.95603282899211e-22,"RBPMS2"
"ENSG00000287828.1",382.86281825803,3.02341359877465,0.201631397650462,14.9947559457773,5.33655388343059e-24,3.29132637988232e-22,"AL354743.2"
"ENSG00000278909.1",23.1004605657561,6.09961469684979,0.509089229938337,11.9814255304293,6.40832325241505e-24,3.94233557047305e-22,"AC007608.4"
"ENSG00000151623.15",1003.55912665493,-2.71736381043894,0.171818507262869,-15.8153149723364,7.99657137956448e-24,4.90698698291457e-22,"NR3C2"
"ENSG00000187730.9",49.2295749677828,2.81281620043018,0.181822235527595,15.4701441892859,1.02837784408241e-23,6.29460493984952e-22,"GABRD"
"ENSG00000171060.11",9.00895221013225,6.02147454778608,0.503762901820801,11.9529932157014,1.05283272781474e-23,6.42809931806484e-22,"C8orf74"
"ENSG00000029153.14",892.241653570975,2.40834499293932,0.141391019448889,17.0332246158668,1.13300035789584e-23,6.90022774357615e-22,"ARNTL2"
"ENSG00000158865.12",17.8438716166286,-3.7549078503276,0.276854042977789,-13.5627705123629,1.25133588851891e-23,7.60186552275235e-22,"SLC5A11"
"ENSG00000182747.5",222.918105392502,4.38574000061498,0.340317403324438,12.8872045854025,1.27658028307855e-23,7.73588550593737e-22,"SLC35D3"
"ENSG00000234985.2",79.0738515572852,5.28179246446489,0.431654079907712,12.2361694475218,1.71234424316596e-23,1.03507375892868e-21,"AC074085.2"
"ENSG00000118785.14",5182.95179379224,4.10963560237345,0.313501231277233,13.1088340088185,1.72000722003141e-23,1.03712594160703e-21,"SPP1"
"ENSG00000272620.2",378.92808551884,5.55453315397908,0.45933562591777,12.092537222387,1.78269488167382e-23,1.07226449566024e-21,"AFAP1-AS1"
"ENSG00000168505.7",10.5168854192211,5.75503699689189,0.479594817562138,11.9997897936965,1.79673690883643e-23,1.07804214530186e-21,"GBX2"
"ENSG00000205922.5",115.554765133649,6.73216327166669,0.578638300510597,11.6344930256538,1.95431176841482e-23,1.16969891557833e-21,"ONECUT3"
"ENSG00000175785.13",87.8782233493224,-4.57358643514199,0.360821683754235,-12.6754755633178,1.9992850852078e-23,1.19367635308475e-21,"PRIMA1"
"ENSG00000200087.1",204.781849726053,5.06905649731689,0.411527352765562,12.3176660390898,2.35373417222225e-23,1.40185638198531e-21,"SNORA73B"
"ENSG00000180730.5",148.960586161437,3.12873514670921,0.215535548947146,14.5160979800898,2.63217834507515e-23,1.56386146174392e-21,"SHISA2"
"ENSG00000042445.14",4269.82724960866,-1.94776287875567,0.0960230356664363,-20.2843293303264,2.80371012955169e-23,1.66171112556356e-21,"RETSAT"
"ENSG00000248144.6",1822.52697543238,-4.101950982565,0.314760484267196,-13.0319757008726,3.26223650907313e-23,1.92876757105784e-21,"ADH1C"
"ENSG00000100003.18",224.061095834637,2.33493532609605,0.135514280886927,17.2301790690555,3.39721986257076e-23,2.0037000645745e-21,"SEC14L2"
"ENSG00000205358.4",261.279030610215,-3.95399616381168,0.300034534994132,-13.1784701514078,3.58336489818392e-23,2.10837208295083e-21,"MT1H"
"ENSG00000145244.12",81.559056607757,3.34874306780677,0.238734832080342,14.0270401207303,3.85033894259841e-23,2.25998155326429e-21,"CORIN"
"ENSG00000231185.7",14.7923465371672,3.29881443828856,0.234076669892146,14.0928800798838,4.58179046028164e-23,2.68283152252636e-21,"SPRY4-AS1"
"ENSG00000104899.8",121.646667702458,4.24489700280004,0.330437488250602,12.8462936371818,4.61705696273339e-23,2.69698279313513e-21,"AMH"
"ENSG00000198417.7",489.925165562089,-2.99769167975776,0.203549386243956,-14.7270976104295,4.88641824806942e-23,2.8474811373642e-21,"MT1F"
"ENSG00000186832.9",57.0865136812723,4.85965221952111,0.393289964376271,12.3564104342916,4.91205171908912e-23,2.85557073621688e-21,"KRT16"
"ENSG00000258227.7",101.234141035338,3.68852272144839,0.274033698138178,13.4601063537394,5.05214834916887e-23,2.93000488985212e-21,"CLEC5A"
"ENSG00000162817.7",1274.12993656365,-2.49989500377847,0.152919245480747,-16.3478115257456,5.17927604127944e-23,2.99658113816882e-21,"C1orf115"
"ENSG00000163216.7",23.6337759460902,6.85646652128862,0.597220739314321,11.4806236119004,5.29400153657155e-23,3.0556825971185e-21,"SPRR2D"
"ENSG00000173391.9",213.938540293663,3.81869741220956,0.287615309756587,13.277100636407,5.61624200840333e-23,3.233997175455e-21,"OLR1"
"ENSG00000196711.9",57.5230106409147,3.5918326736748,0.264631472521546,13.5729610671397,5.96653663372577e-23,3.42758487469353e-21,"ALKAL1"
"ENSG00000225680.1",22.2921366867066,3.61353324316069,0.266994201011787,13.534126319849,6.29355251107182e-23,3.60691806648692e-21,"AL163953.1"
"ENSG00000286966.1",36.2529351059815,6.15387753567853,0.526550652107249,11.6871520546994,6.33896515955195e-23,3.6243965500497e-21,"AL137800.1"
"ENSG00000158023.10",97.9660150711761,2.7130676054367,0.175110721805068,15.4934408211558,6.67540467192239e-23,3.80780125651911e-21,"CFAP251"
"ENSG00000119147.10",27.2647582344893,-4.21449443892821,0.328825951497695,-12.8167938684053,7.16023529765858e-23,4.07479432630219e-21,"ECRG4"
"ENSG00000143196.5",167.272696193443,-3.81111555083564,0.287615670002859,-13.2507229206175,7.28940033418809e-23,4.13860813366286e-21,"DPT"
"ENSG00000087258.16",218.627271095452,-3.44414582797492,0.250337697500453,-13.7579991442107,8.08255969920223e-23,4.57823311633133e-21,"GNAO1"
"ENSG00000135842.17",746.676714161937,-2.99332804592752,0.204615618378378,-14.6290301280531,9.99727174008078e-23,5.64962100660379e-21,"NIBAN1"
"ENSG00000160862.13",2434.22977482718,3.06092425669812,0.211614875016108,14.4645987502774,1.02750225889663e-22,5.79311018357031e-21,"AZGP1"
"ENSG00000139289.13",4373.14567362348,2.67450253631161,0.172020222132405,15.5476054103281,1.07609962503224e-22,6.05306039080636e-21,"PHLDA1"
"ENSG00000066405.13",440.17239547926,6.22441488725437,0.536736567566488,11.5967781280028,1.08319911088643e-22,6.07892341675293e-21,"CLDN18"
"ENSG00000075073.15",251.253553231378,-3.77699948096566,0.285368242353269,-13.2355284169637,1.10887552782519e-22,6.2086809507263e-21,"TACR2"
"ENSG00000214049.8",487.712797059819,4.11099690878719,0.320132570915235,12.8415452917963,1.26547370224736e-22,7.06919792289907e-21,"UCA1"
"ENSG00000254726.3",525.789896031515,2.81263909059096,0.186547727197694,15.0773163138582,1.27898317687293e-22,7.12827779770924e-21,"MEX3A"
"ENSG00000274979.1",92.7640914953552,3.94636995016784,0.303323673074211,13.0104251678448,1.3190307509736e-22,7.3346561209745e-21,"AC020656.2"
"ENSG00000125363.14",11.437165828196,5.43211744094189,0.456330771485337,11.9039034410513,1.33342982509334e-22,7.39779560496989e-21,"AMELX"
"ENSG00000146039.11",284.038318589944,-3.43114256897318,0.250948426053319,-13.6727000959319,1.69854983751385e-22,9.40199568373269e-21,"SLC17A4"
"ENSG00000260604.2",26.9476196161969,4.44031316342935,0.355175873908802,12.501730803285,1.7252473377047e-22,9.52807052414184e-21,"AL590004.3"
"ENSG00000233017.3",38.4979137805919,3.89717763541503,0.299145507539288,13.0276990200269,1.74870672720539e-22,9.6357309458256e-21,"AL121832.1"
"ENSG00000117115.13",3348.24120178305,-3.3183676122867,0.239434369352824,-13.8591949904938,1.78604332013253e-22,9.77788610161652e-21,"PADI2"
"ENSG00000140835.10",126.847526892423,5.24437155427565,0.438346895839764,11.9639755728821,1.78617982764101e-22,9.77788610161652e-21,"CHST4"
"ENSG00000180875.5",246.242489094874,-3.84665416306801,0.293995218478589,-13.0840704926232,1.78657671980154e-22,9.77788610161652e-21,"GREM2"
"ENSG00000285278.1",17.8669257128896,3.07367739749022,0.214174614115684,14.351268520694,1.79487308708154e-22,9.80121708226547e-21,"TFAP2A-AS2"
"ENSG00000172987.13",33.7278952366797,-3.29707719147896,0.23742530137376,-13.8867979629881,1.92645741097694e-22,1.04961693019596e-20,"HPSE2"
"ENSG00000114200.10",63.8147371460254,-4.10913691854649,0.32141049306387,-12.7847005845261,1.95553374601164e-22,1.06307539212713e-20,"BCHE"
"ENSG00000171889.5",21.5021378196106,5.74050600878622,0.490140894259661,11.7119507390972,1.98816966480475e-22,1.07840452800793e-20,"MIR31HG"
"ENSG00000174358.16",341.200205506273,-5.46118049119849,0.461371884202101,-11.8368298507029,2.03415807391505e-22,1.10089178610547e-20,"SLC6A19"
"ENSG00000162849.16",495.229163180983,3.24108258095963,0.231888241423777,13.9769164708811,2.13361151385173e-22,1.15215021747993e-20,"KIF26B"
"ENSG00000113594.10",178.454572915514,-3.2119405565981,0.229020230403373,-14.0247023197073,2.26715412348887e-22,1.22154867407493e-20,"LIFR"
"ENSG00000261373.1",287.668866471874,2.64981879696936,0.170961772674464,15.4994812905631,2.45250824552027e-22,1.31849447712705e-20,"VPS9D1-AS1"
"ENSG00000168065.16",91.9058363600165,4.50434759929435,0.363277368316811,12.3991968455523,2.54361816029687e-22,1.36445742373541e-20,"SLC22A11"
"ENSG00000147724.12",12.0150273134362,-4.24994170879664,0.336918513709652,-12.6141530840871,2.55362773604545e-22,1.36680955916089e-20,"FAM135B"
"ENSG00000280409.1",6.63132902769941,5.15267863607532,0.430823375015404,11.9600721197894,2.73764520275852e-22,1.46208304235235e-20,"LINC01101"
"ENSG00000166869.3",1583.33807214759,-4.04431876498385,0.315972095800659,-12.7996073663901,2.85095139756045e-22,1.51925699475261e-20,"CHP2"
"ENSG00000167419.11",20.0496047635882,5.30655204651629,0.447137130833623,11.8678402677563,2.94634767597449e-22,1.56665751698425e-20,"LPO"
"ENSG00000249162.1",6.56942113964943,5.6442446797562,0.482625086765359,11.6948845688585,3.20057417524895e-22,1.69812123271942e-20,"ADAM20P3"
"ENSG00000213981.8",23.2538014424759,5.63164072571287,0.481778804353911,11.6892662666328,3.50194377372773e-22,1.84993986307791e-20,"AC007277.1"
"ENSG00000224817.2",26.0363353245944,6.7178417082182,0.594751474388837,11.2952081625715,3.49485137406516e-22,1.84993986307791e-20,"AC010789.1"
"ENSG00000164530.15",103.561173925477,-4.47251648200653,0.362017758443226,-12.3544118422244,4.31481907755214e-22,2.27440571766848e-20,"PI16"
"ENSG00000059915.17",275.657083844418,-3.48601712211089,0.259269724201453,-13.445523316877,4.46717813269679e-22,2.34961966719766e-20,"PSD"
"ENSG00000136826.15",3515.63545914629,-2.53180523052216,0.160286736954304,-15.7954755248649,6.08114241373126e-22,3.19161470094319e-20,"KLF4"
"ENSG00000125144.14",1994.92309223235,-3.45011628828773,0.256744079752718,-13.4379584978578,6.93598859271866e-22,3.62461339361427e-20,"MT1G"
"ENSG00000243678.12",233.548993634599,3.62121574505025,0.274668630012865,13.1839436665215,6.92504910131843e-22,3.62461339361427e-20,"NME2"
"ENSG00000142700.12",58.7318979869213,5.37145367004314,0.458126221874846,11.7248334925272,7.00323805607646e-22,3.65190310649481e-20,"DMRTA2"
"ENSG00000163431.13",1104.77489172797,-3.44745439371951,0.256569524187352,-13.436725989335,7.20059995939457e-22,3.74677899386056e-20,"LMOD1"
"ENSG00000226629.1",5.93529628446649,-4.87267166137114,0.406291251497493,-11.9930509047675,7.73177106271835e-22,4.01457343641145e-20,"LINC00974"
"ENSG00000243064.8",50.1110234479497,-3.38483910285506,0.25032675213082,-13.5216834558943,8.10213593002625e-22,4.19790838165539e-20,"ABCC13"
"ENSG00000008300.17",755.402853270661,2.6666226932128,0.175010888922079,15.2368958848045,8.41529563558099e-22,4.34904226173e-20,"CELSR3"
"ENSG00000272502.1",57.5170321229809,3.01505804794862,0.211603770440556,14.2486026674823,8.42962512458778e-22,4.34904226173e-20,"AC104958.2"
"ENSG00000011426.11",1871.50702805314,2.10031131659937,0.115593041667092,18.1698767184298,8.75640091643671e-22,4.50806233621636e-20,"ANLN"
"ENSG00000204424.10",7.1172303528696,5.48213051198446,0.470907075813836,11.6416397067512,8.82053323061397e-22,4.53147901699618e-20,"LY6G6F"
"ENSG00000243832.1",2.57010758000307,-3.8238207244283,0.296861302931043,-12.8808325190047,9.32858155606912e-22,4.78237408887088e-20,"LINC02000"
"ENSG00000168497.5",312.473812905904,-2.95209051523003,0.205255565021742,-14.3825114554985,9.48409871748729e-22,4.85186523863034e-20,"CAVIN2"
"ENSG00000136546.16",113.059590010338,-4.69066676267998,0.388098519966522,-12.0862784096281,9.56864982318418e-22,4.88483593914655e-20,"SCN7A"
"ENSG00000096088.16",46.6103355947264,4.31628306826413,0.34886650528416,12.3723057470032,9.91820095977164e-22,5.05266841346857e-20,"PGC"
"ENSG00000225616.2",110.11937771263,4.80429632411267,0.400223780985446,12.0040251288501,9.96183275613987e-22,5.06427899527613e-20,"AL138785.1"
"ENSG00000203859.10",85.3090763384146,-5.7688819282309,0.501726455892829,-11.4980620624541,1.00077720107722e-21,5.07701168813703e-20,"HSD3B2"
"ENSG00000176472.10",124.808137404084,-2.03914466480776,0.109427616596518,-18.6346438698972,1.08862557253547e-21,5.51116696096081e-20,"ZNF575"
"ENSG00000180914.10",77.1105282852072,2.80904169176259,0.190700998627565,14.7300838064755,1.19721452587159e-21,6.0482979165654e-20,"OXTR"
"ENSG00000186642.16",148.046793567291,-2.65576446787644,0.174753900911372,-15.1971684410258,1.33590648422773e-21,6.73496422546344e-20,"PDE2A"
"ENSG00000232850.3",28.3356795539125,3.02081430251446,0.213333108915325,14.160081938868,1.36511671539782e-21,6.86797850603872e-20,"PTGES2-AS1"
"ENSG00000250722.6",2001.18108411238,-3.11948243412068,0.223825629036522,-13.9371100956971,1.40799956621125e-21,7.0690887311846e-20,"SELENOP"
"ENSG00000100557.10",17.7099254420736,6.51050849365523,0.582105366996562,11.1844158511146,1.44669613490779e-21,7.24839506768233e-20,"CCDC198"
"ENSG00000231881.2",41.4256593899728,3.5667588574009,0.27136025070774,13.1439989758941,1.55658043093133e-21,7.78290215465666e-20,"AL109615.2"
"ENSG00000260877.2",28.9776747030756,3.74639601490047,0.290375328939763,12.9019088108468,1.56809540234707e-21,7.82437746961682e-20,"AP005233.2"
"ENSG00000184956.16",268.118808329731,5.37244938810939,0.462380035484871,11.6191205843817,1.59367785523335e-21,7.93573194306769e-20,"MUC6"
"ENSG00000232070.9",30.6569500746236,-2.78587653400424,0.189270360017883,-14.7190322549237,1.94409576862584e-21,9.6608440036008e-20,"TMEM253"
"ENSG00000166816.15",580.91540594186,-3.01864184734463,0.214178513477424,-14.0940461222447,2.14963269503835e-21,1.06604233651902e-19,"LDHD"
"ENSG00000172164.15",1796.06393564171,2.27266274766369,0.135081058313864,16.8244369420257,2.22398579612378e-21,1.10066914146248e-19,"SNTB1"
"ENSG00000174171.6",57.1801574766259,4.09216405840902,0.328403375041094,12.4607856356438,2.34858568315136e-21,1.15997219716622e-19,"AC020659.1"
"ENSG00000204614.9",103.147612894092,-3.16754847255514,0.230536682202651,-13.7398892110833,2.67208428795401e-21,1.31707197154731e-19,"TRIM40"
"ENSG00000263508.6",4.43298014732678,-2.91737840694245,0.204008846682017,-14.3002543977403,2.76715942553325e-21,1.36117356357203e-19,"AC015908.2"
"ENSG00000263745.7",12.5667612871892,4.44487482781623,0.366673457003193,12.1221614025297,2.86254445270627e-21,1.4052490949649e-19,"AP005230.1"
"ENSG00000146858.8",262.35095101641,2.1212553433581,0.119381836844486,17.7686606223137,2.93863518336495e-21,1.43969425314049e-19,"ZC3HAV1L"
"ENSG00000187556.7",66.5748028059965,3.85439360132033,0.304182595909899,12.6713153650054,3.181354336945e-21,1.55547103395902e-19,"NANOS3"
"ENSG00000115556.14",12.5179586232263,-3.80138279546535,0.298592054465952,-12.7310246157231,3.23745740296102e-21,1.57655741266438e-19,"PLCD4"
"ENSG00000131019.11",203.708942715464,2.18354359941652,0.126150568318314,17.3090270501739,3.2369004394479e-21,1.57655741266438e-19,"ULBP3"
"ENSG00000067840.12",63.8281628412086,-3.21575588392424,0.236489036790586,-13.5979068102503,3.64795774231628e-21,1.77290746276571e-19,"PDZD4"
"ENSG00000120875.9",1781.20683798721,3.50790653098933,0.267717212852584,13.1030294750638,3.70493961074541e-21,1.79700663754717e-19,"DUSP4"
"ENSG00000279193.1",9.34530827349838,5.73376028751253,0.505653119972774,11.3393155525694,3.92411540253395e-21,1.89952199764094e-19,"AC026336.4"
"ENSG00000260173.1",3.25564100167601,-3.09102733627465,0.223436845100232,-13.8340090457688,4.04492662487711e-21,1.95410968160067e-19,"AC020779.2"
"ENSG00000274736.5",16.0698537880816,-3.17830720672889,0.233298123055407,-13.6233723833863,4.95458562421785e-21,2.38881806881932e-19,"CCL23"
"ENSG00000138678.11",352.840332892229,-2.53691959213991,0.164619201818903,-15.4108364280053,4.99216613647176e-21,2.40217103200522e-19,"GPAT3"
"ENSG00000169429.11",4108.37527989603,3.8787586918555,0.30837989263868,12.5778586232279,5.0445577918797e-21,2.42258407791851e-19,"CXCL8"
"ENSG00000270372.1",12.243931454564,6.47196353032529,0.586274818675064,11.0391293027925,5.124245219645e-21,2.45599918811387e-19,"AL162413.1"
"ENSG00000213293.4",73.9753397680797,4.73213110587637,0.400223252278364,11.823728578831,5.54274032455315e-21,2.65135019461893e-19,"AC012618.1"
"ENSG00000163734.4",1584.87293264224,2.94793508996922,0.20890363942399,14.1114587476674,5.57210802489887e-21,2.66016159145467e-19,"CXCL3"
"ENSG00000206075.14",2369.24297511662,3.56601272616457,0.275208640850867,12.9574882356145,5.60802061247322e-21,2.67205688006077e-19,"SERPINB5"
"ENSG00000256843.1",2.20826984853713,-4.18523166513771,0.341724071630502,-12.2474007908436,5.75901342736278e-21,2.73863065136821e-19,"AC023157.1"
"ENSG00000104435.14",139.906454271857,-3.55392697654523,0.274202355426904,-12.9609644345037,6.15401620386201e-21,2.92075378425482e-19,"STMN2"
"ENSG00000224269.1",3.58229460312344,4.71933103498168,0.399688656067415,11.807518085241,6.66373469913618e-21,3.15650591011714e-19,"AP000697.1"
"ENSG00000070729.14",5.60300364411566,-3.58897952851871,0.278246456748,-12.8985632753956,6.72316528001512e-21,3.17846140669976e-19,"CNGB1"
"ENSG00000133328.4",74.5835615905237,-3.36810528465659,0.254528190885198,-13.2327396542717,6.76920900699845e-21,3.19401512369053e-19,"PLAAT2"
"ENSG00000162391.12",55.7063398881565,-2.40716631702848,0.151263793762019,-15.9136978992847,6.84421293015436e-21,3.22314678687502e-19,"FAM151A"
"ENSG00000158296.14",284.977701564814,4.19469194975579,0.343518424613658,12.2109664262503,7.02793885223815e-21,3.30326719747364e-19,"SLC13A3"
"ENSG00000172260.15",189.463343652901,-2.91443162430437,0.205892822892875,-14.155090902905,7.14250045339077e-21,3.35063245207328e-19,"NEGR1"
"ENSG00000278535.5",1667.360248731,-2.41115412379594,0.151901720879687,-15.8731192104511,7.72055633406626e-21,3.61482695410039e-19,"DHRS11"
"ENSG00000197361.8",46.026118907478,-2.51831284923287,0.163709711462719,-15.3827945009014,8.92928437458433e-21,4.17272327504614e-19,"FBXL22"
"ENSG00000284948.1",10.3956498918447,3.63214392220585,0.283856972771303,12.7956832863577,9.06761289030949e-21,4.22923211582573e-19,"AC107959.4"
"ENSG00000161798.7",110.545744209597,5.35445490185665,0.46963395176671,11.4013368959246,9.13275974228141e-21,4.25145712140686e-19,"AQP5"
"ENSG00000088826.18",829.010443971063,2.31546858716339,0.141948024259081,16.3120874647557,9.54986838688502e-21,4.43712814151637e-19,"SMOX"
"ENSG00000260328.1",10.1491127216274,4.42578990874729,0.370003839964496,11.9614702084496,1.03375594200723e-20,4.79394454022436e-19,"AC104024.2"
"ENSG00000091651.9",534.606828031608,1.96838803586901,0.104630660385149,18.8127268682363,1.06815921909155e-20,4.94405124265233e-19,"ORC6"
"ENSG00000100628.12",199.677916450845,-2.9751055695362,0.213454076776297,-13.9379187058308,1.09067476879911e-20,5.03058080100862e-19,"ASB2"
"ENSG00000112761.21",75.8421054836422,5.34502040308241,0.46957766207435,11.3826121529523,1.09099427248212e-20,5.03058080100862e-19,"CCN6"
"ENSG00000151012.13",853.608176512687,2.80422842236603,0.195180272234192,14.3673763248024,1.18827791963048e-20,5.46877906193574e-19,"SLC7A11"
"ENSG00000170482.17",121.249917259947,-3.11385552104578,0.228974449635915,-13.5991396681902,1.33010899539377e-20,6.10995247411505e-19,"SLC23A1"
"ENSG00000066230.12",1284.25248276146,-3.64863592392956,0.286978969312166,-12.7139488049408,1.36110456513895e-20,6.24053602507103e-19,"SLC9A3"
"ENSG00000104332.12",238.793166580506,-4.17283632069766,0.343923855445403,-12.133023791832,1.41247704907508e-20,6.46387802119104e-19,"SFRP1"
"ENSG00000011201.12",305.602659764199,3.09425474255048,0.227038338185968,13.6287763876071,1.42797513943073e-20,6.52251802409149e-19,"ANOS1"
"ENSG00000078098.14",401.157114674152,3.30209199285498,0.249611978101893,13.2289003835667,1.44879556796355e-20,6.60520305844547e-19,"FAP"
"ENSG00000164107.9",103.515121640782,-3.85960388258318,0.310143027192374,-12.4445934429768,1.48170133848483e-20,6.74257350658828e-19,"HAND2"
"ENSG00000142102.16",2700.33415703356,3.06554334030746,0.224141878344794,13.6767986551437,1.55148463458754e-20,7.04693020943501e-19,"PGGHG"
"ENSG00000169432.18",90.3465516596771,-3.34207790890169,0.254372164736883,-13.1385362559566,1.67233394199712e-20,7.58166320718843e-19,"SCN9A"
"ENSG00000258077.2",5.84085663324952,5.05542976292578,0.440492386555764,11.4767698993721,1.68335654042329e-20,7.61742345107747e-19,"AC078923.1"
"ENSG00000099139.14",612.58998950616,-2.605141088515,0.174377853563768,-14.9396327301524,1.70899968512163e-20,7.71908779711072e-19,"PCSK5"
"ENSG00000188293.6",12.227538594439,6.53495053353183,0.602724772757592,10.8423460075037,2.09206483156225e-20,9.43175796047544e-19,"IGFL1"
"ENSG00000159708.18",117.616655232594,3.24450864884849,0.244498032087448,13.270080831113,2.15408920820078e-20,9.69340143690351e-19,"LRRC36"
"ENSG00000272328.1",4.827082765449,4.63085664517362,0.395540342840752,11.7076721224314,2.16579005807563e-20,9.728040371763e-19,"AC007128.2"
"ENSG00000124205.18",393.496962803402,-3.39502858469965,0.260969146809789,-13.0093102046817,2.20731453371087e-20,9.89626257733841e-19,"EDN3"
"ENSG00000279756.1",33.0991542315991,-3.88160413067405,0.314057044746579,-12.359551220404,2.24916453543549e-20,1.00653219541588e-18,"AC012317.2"
"ENSG00000015592.16",5.86138439171752,-4.30585876176954,0.360466339612318,-11.945245057834,2.34193133961328e-20,1.0461200653052e-18,"STMN4"
"ENSG00000286324.1",4.8808530950277,5.0845922658787,0.445801160376322,11.405515996384,2.53864503792756e-20,1.13190962241541e-18,"AL033381.3"
"ENSG00000162460.7",109.178308321319,-3.42128702897877,0.264383703513096,-12.9406123884232,2.63774953813299e-20,1.17253062916662e-18,"TMEM82"
"ENSG00000249937.8",7.14240573188499,5.32134998056416,0.471857702939288,11.2774464577276,2.63940022285655e-20,1.17253062916662e-18,"LINC02223"
"ENSG00000181856.15",151.484304233477,-2.73961567813684,0.189988341638178,-14.4199146879985,2.68203338209464e-20,1.18929582454197e-18,"SLC2A4"
"ENSG00000232445.2",130.684139526662,2.92715500677311,0.210507790956847,13.9052098426759,2.72313539190912e-20,1.2053222226483e-18,"EMSLR"
"ENSG00000167244.21",806.795232625564,5.51798357840149,0.493925668167293,11.1716882398032,2.92433236879515e-20,1.29202321021313e-18,"IGF2"
"ENSG00000179314.14",318.455667648285,-3.11234118850088,0.23095004283333,-13.4762529173765,2.945513934625e-20,1.29901975701248e-18,"WSCD1"
"ENSG00000171564.12",37.5485846838855,5.48969542863723,0.491119950872106,11.1779116667708,3.07251002268767e-20,1.35257234694403e-18,"FGB"
"ENSG00000165966.16",67.6403576545253,-4.028637912587,0.331413049511659,-12.1559423158601,3.16448183979813e-20,1.39054084461292e-18,"PDZRN4"
"ENSG00000206195.11",58.7836668478175,3.92073956638141,0.319810026621751,12.2595892561511,3.33957362341123e-20,1.46483102976341e-18,"DUXAP8"
"ENSG00000177410.13",1354.95086964041,2.34694571240019,0.147560867885796,15.904932967842,3.4866121524544e-20,1.52657072620977e-18,"ZFAS1"
"ENSG00000108231.14",9.44916652812873,-4.7317562529355,0.40904010450142,-11.5679518972915,3.64678065367193e-20,1.59382679647892e-18,"LGI1"
"ENSG00000163032.12",992.679027352761,2.7002467837892,0.186513882275788,14.4774573926701,3.90006689453425e-20,1.70146544950058e-18,"VSNL1"
"ENSG00000230356.1",15.293074395029,4.65617912818528,0.401310457951854,11.6024365573446,4.09637401551131e-20,1.78390481320654e-18,"NCAPD2P1"
"ENSG00000075275.18",1418.39966076577,2.39828910721337,0.153622900769964,15.6115337960229,4.43059419298563e-20,1.92256140874198e-18,"CELSR1"
"ENSG00000231252.3",29.9531738888693,3.93592142381523,0.322553350301673,12.2023889075531,4.42900575884749e-20,1.92256140874198e-18,"AC099792.1"
"ENSG00000104415.14",425.532046937515,2.78374792826675,0.196039887994713,14.199905727052,4.56243907610548e-20,1.97624366398152e-18,"CCN4"
"ENSG00000237077.1",16.8784694804804,5.93551440174267,0.5425989400443,10.9390453310839,4.68326268221473e-20,2.0249694515626e-18,"RPL38P2"
"ENSG00000157005.4",60.8040811439571,-5.03780327741245,0.444445370313157,-11.3350337609835,5.18310189759657e-20,2.23711147622729e-18,"SST"
"ENSG00000196584.3",303.690916598975,2.08453541893916,0.119498903476347,17.4439711018081,5.64779393437193e-20,2.43335802491557e-18,"XRCC2"
"ENSG00000174502.19",34.0364946441238,5.44902427755888,0.490383080761257,11.1117705551749,5.81326098045456e-20,2.50021666946984e-18,"SLC26A9"
"ENSG00000227619.3",96.0288112916398,3.1892020649734,0.241327948519219,13.2152205517109,5.87046958813339e-20,2.52036061822688e-18,"AL391056.1"
"ENSG00000101224.17",5406.38652285229,2.12645287940466,0.124220891089777,17.1183193160949,6.05309650736562e-20,2.59418421744241e-18,"CDC25B"
"ENSG00000130055.14",142.658586463114,-3.28689927139349,0.252215391098304,-13.0321121842734,6.10309420107877e-20,2.6110068501094e-18,"GDPD2"
"ENSG00000234929.2",10.5539520758693,5.9699446989417,0.548639106171924,10.8813692494442,6.60208867038993e-20,2.81952117206459e-18,"AC018685.2"
"ENSG00000116833.14",470.377995455549,-2.39281671359096,0.153810706772125,-15.5568930395462,6.80371575216439e-20,2.9005314522385e-18,"NR5A2"
"ENSG00000139433.11",1436.00101195632,-1.63388911177703,0.070003257588341,-23.3401868436641,6.81980156901468e-20,2.90229734022867e-18,"GLTP"
"ENSG00000233670.7",23.6018120823806,-4.0812351306463,0.340568674667174,-11.9835893146507,7.32574186757396e-20,3.11215956961621e-18,"PIRT"
"ENSG00000176641.11",337.849334348505,-2.78008338239086,0.196780023918641,-14.1278739936544,7.4111810487109e-20,3.14296159657373e-18,"RNF152"
"ENSG00000266976.3",15.297356705028,6.43248876851559,0.601017032551478,10.7026730028065,7.91812350350069e-20,3.35209758075029e-18,"AC079466.1"
"ENSG00000253102.1",3.95790666911841,-2.75709762858708,0.194430586397717,-14.1803698670502,8.04076342763455e-20,3.39809654420034e-18,"AC004707.1"
"ENSG00000128591.16",2711.85580303718,-3.3340215738793,0.258315828545168,-12.9067645318387,8.16014612232874e-20,3.44256164535744e-18,"FLNC"
"ENSG00000154330.13",727.314843626442,-3.39541156899251,0.265366230978864,-12.7951908442448,8.83713579698482e-20,3.7217053703073e-18,"PGM5"
"ENSG00000086991.13",90.1307915429365,3.20477992612069,0.244687182995005,13.0974572795099,1.02460004006625e-19,4.30757456290827e-18,"NOX4"
"ENSG00000198720.13",579.530753757457,2.34205518540366,0.148945155364648,15.7242790453294,1.02654664948738e-19,4.30830459111283e-18,"ANKRD13B"
"ENSG00000103355.13",229.179011875584,4.30136152499164,0.36676542822954,11.727827090343,1.11541683080981e-19,4.67321189459971e-18,"PRSS33"
"ENSG00000132915.11",63.4412740835057,-3.54457258168592,0.282759789280045,-12.5356317130912,1.13828239558848e-19,4.76080244626508e-18,"PDE6A"
"ENSG00000272463.1",30.3646971850643,-2.59830197469219,0.17769650017393,-14.6221336500661,1.18589304346406e-19,4.95140909899944e-18,"AL357054.4"
"ENSG00000100604.13",1142.57060964821,-4.6736742519058,0.408495053062858,-11.4412015931723,1.20076617793892e-19,5.00490876911077e-18,"CHGA"
"ENSG00000187258.14",196.05986076369,5.63485167741873,0.515482909079797,10.9312095089198,1.22182720778037e-19,5.0839727994971e-18,"NPSR1"
"ENSG00000141574.8",1363.58705217411,-3.01503365973026,0.224160547303084,-13.4503314521876,1.24469394123882e-19,5.17026714053048e-18,"SECTM1"
"ENSG00000105048.17",161.23353980311,4.41064091744298,0.379460722470318,11.6234452112181,1.25740416966005e-19,5.21415039637187e-18,"TNNT1"
"ENSG00000214353.8",27.3294592375166,3.31978552797006,0.258243843686822,12.8552358909126,1.31829047354466e-19,5.45731831467379e-18,"VAC14-AS1"
"ENSG00000179846.10",32.4462585690247,3.17504643935572,0.242204015030458,13.1089752535954,1.35107370330405e-19,5.58351887589938e-18,"NKPD1"
"ENSG00000262979.1",35.4569699549848,3.75172918639806,0.306639291440633,12.2349917023742,1.43188237886493e-19,5.9074264527025e-18,"AC124319.1"
"ENSG00000067113.17",769.777188177741,-1.94133365060311,0.104910109617933,-18.5047337923214,1.44582650318723e-19,5.95484475041518e-18,"PLPP1"
"ENSG00000189280.3",151.988428606111,4.50169810376577,0.390475801726097,11.5287505240172,1.51285788037618e-19,6.22038011728277e-18,"GJB5"
"ENSG00000122133.17",12.7498814146281,5.08352983746117,0.45544568790823,11.1616598255849,1.53727351181207e-19,6.31009228666104e-18,"PAEP"
"ENSG00000137747.16",351.531506250722,3.24803642864376,0.250801767189654,12.950612210749,1.57409783307603e-19,6.45035031091864e-18,"TMPRSS13"
"ENSG00000172403.11",2885.34707559778,-3.63257431353561,0.293765503341651,-12.3655578078918,1.60171537083636e-19,6.55247197160327e-18,"SYNPO2"
"ENSG00000171017.11",23.3906709471478,2.51130720569304,0.168786538099116,14.8785989331586,1.71483062297686e-19,7.00342590560296e-18,"LRRC8E"
"ENSG00000196616.14",542.895675821339,-4.37836151438933,0.377425944548285,-11.6005843732589,1.76045678552706e-19,7.17770132354155e-18,"ADH1B"
"ENSG00000184809.13",93.5115656872365,-4.09220620356455,0.345517864120755,-11.8436892227788,1.78575790774979e-19,7.2686628405896e-18,"B3GALT5-AS1"
"ENSG00000249942.1",8.90650665224528,5.45458562713398,0.49779886392447,10.9574087496543,1.80066234078034e-19,7.31707272256895e-18,"AC239584.1"
"ENSG00000170091.11",27.0556192086227,-4.01781232816743,0.33742267295387,-11.9073573005473,1.88150562971378e-19,7.63281916561683e-18,"NSG2"
"ENSG00000129167.9",59.0441159684533,-3.57245385100744,0.287675869612007,-12.4183298926867,1.90757042957473e-19,7.72566023977764e-18,"TPH1"
"ENSG00000003249.15",797.512612062406,2.41470551085305,0.158412426466243,15.2431571482027,2.12003466934384e-19,8.57185398753e-18,"DBNDD1"
"ENSG00000180999.11",12.5519598583693,4.12150591090176,0.349756867829436,11.7839170292195,2.2327675034238e-19,9.01266616830536e-18,"C1orf105"
"ENSG00000113303.12",580.471889966897,-3.35305137003524,0.263668963154295,-12.7168982269373,2.24336784686197e-19,9.04043759183182e-18,"BTNL8"
"ENSG00000229950.1",20.5562683316029,3.94386597774072,0.329892042386176,11.9550200399317,2.25430546554518e-19,9.06947397562049e-18,"TFAP2A-AS1"
"ENSG00000185332.8",66.0157285788019,2.67775494475904,0.188202691950877,14.2280374260426,2.44752289624699e-19,9.83054650889287e-18,"TMEM105"
"ENSG00000145936.9",321.39836654265,-3.26120158030375,0.253695753208921,-12.8547740317045,2.4824984451548e-19,9.95457297314549e-18,"KCNMB1"
"ENSG00000128578.10",263.105763279738,2.49015204280446,0.167460099428502,14.8701216068944,2.82905374283053e-19,1.13255364004583e-17,"STRIP2"
"ENSG00000171004.18",543.316114763444,3.52574228322104,0.28396805445161,12.41598210767,2.93522280268739e-19,1.17312358725828e-17,"HS6ST2"
"ENSG00000149294.17",178.617465290598,-2.94088664999989,0.218288749656755,-13.4724609244601,3.01792522323518e-19,1.20419676395098e-17,"NCAM1"
"ENSG00000220583.1",58.0616860296436,7.16201379171508,0.69330238926959,10.3302886338823,3.11327036079357e-19,1.24020442241449e-17,"RPL35P2"
"ENSG00000189377.9",42.5294379322223,4.98892749769688,0.449119850982526,11.1082319937156,3.29364812119541e-19,1.30991242790587e-17,"CXCL17"
"ENSG00000136457.10",34.6227331140129,-2.88146525163059,0.21188599371933,-13.5991303674723,3.35472186885601e-19,1.33202191851636e-17,"CHAD"
"ENSG00000110195.14",194.070165952081,4.31628830964437,0.373583539679639,11.5537432761244,3.4354454380677e-19,1.36184868099584e-17,"FOLR1"
"ENSG00000255552.7",6.16771164988732,5.04857057369373,0.456326026208676,11.0635166169221,3.58893314483347e-19,1.42037582116373e-17,"LY6G6E"
"ENSG00000279806.1",229.15295730709,3.23240317428551,0.251723362843083,12.8410932452881,3.70761148080926e-19,1.46495868266122e-17,"AC018629.1"
"ENSG00000169474.4",20.7322454475929,6.9460127631541,0.671489823895359,10.3441817224568,4.18584603863874e-19,1.65123471978768e-17,"SPRR1A"
"ENSG00000178752.16",92.3337650864577,3.37969677086383,0.268865286510385,12.5702236042781,4.3412492112684e-19,1.70976265532937e-17,"ERFE"
"ENSG00000255026.1",201.768871321114,3.62667037530567,0.296779122332284,12.2200994018883,4.3528856259364e-19,1.71157153252839e-17,"AC136475.3"
"ENSG00000065320.9",245.621869342422,-2.73933696229609,0.196585264800406,-13.9345996510845,4.46513508726371e-19,1.75287209403083e-17,"NTN1"
"ENSG00000138193.16",1068.87263374201,-2.07294635514874,0.12138265428318,-17.0777807372103,4.81293446863362e-19,1.88635979980318e-17,"PLCE1"
"ENSG00000148842.18",610.543095632606,-1.76024252771494,0.0860364362301433,-20.4592682454487,4.94767807201777e-19,1.93604794122435e-17,"CNNM2"
"ENSG00000142408.6",35.3291540579278,3.56462449035632,0.29053302149506,12.2692576286614,5.36125698028504e-19,2.09451036368049e-17,"CACNG8"
"ENSG00000125895.5",79.8521247009785,3.19364287460001,0.248588624576024,12.8470998222339,5.5029220287999e-19,2.14640457945165e-17,"TMEM74B"
"ENSG00000175592.9",604.4066737814,3.07841193964558,0.235592720610054,13.0666683235127,5.61890123678964e-19,2.1881298085575e-17,"FOSL1"
"ENSG00000130829.18",25.8807266554962,4.32106596754529,0.376468890871549,11.4778832257341,5.64071381508137e-19,2.19310953130364e-17,"DUSP9"
"ENSG00000165410.15",498.151746466786,-2.51547241968937,0.171804327999666,-14.6414962240896,5.67610011315536e-19,2.2033423761929e-17,"CFL2"
"ENSG00000261863.1",12.0579630922435,5.03013056715126,0.456970013842975,11.0075725206769,5.761696336338e-19,2.23300192939415e-17,"LINC01996"
"ENSG00000261787.2",8.66256147471915,4.59017990001986,0.407368782083746,11.2678734893245,6.08684865215924e-19,2.35526150075588e-17,"TCF24"
"ENSG00000108187.16",937.180111193516,-2.40234673891271,0.159167111046588,-15.0932358017703,6.2277313669519e-19,2.4021249558243e-17,"PBLD"
"ENSG00000156298.13",559.969091407235,-2.70328935977815,0.193321022157304,-13.9834216145335,6.21953616967527e-19,2.4021249558243e-17,"TSPAN7"
"ENSG00000205293.5",12.8401882262828,5.90817193233505,0.557397469395532,10.5995671970706,6.51263954574421e-19,2.50803709923272e-17,"LINC01602"
"ENSG00000086696.11",770.876061075163,-3.32982528362496,0.264683885631885,-12.5803853743329,6.70239451031237e-19,2.57702826899669e-17,"HSD17B2"
"ENSG00000245870.4",2.76282063556589,-4.57736560714736,0.407836962592092,-11.223518285481,8.8105382740914e-19,3.38224455071755e-17,"LINC00682"
"ENSG00000179163.12",3243.40302293372,-1.86729100445962,0.0989255119618118,-18.8757274784734,9.16540270952403e-19,3.51292248961252e-17,"FUCA1"
"ENSG00000169469.9",29.3577118933601,6.80724170283914,0.662739431909825,10.2713696742363,9.54996274102602e-19,3.65455267097531e-17,"SPRR1B"
"ENSG00000137877.10",245.758987218688,3.03737630221233,0.232602482187585,13.0582282426496,9.84531472752049e-19,3.76165326853377e-17,"SPTBN5"
"ENSG00000223749.11",52.6836384717189,3.11924242804301,0.242056575626496,12.8864188876907,1.01913120480414e-18,3.88444165834653e-17,"MIR503HG"
"ENSG00000250920.3",73.0487926616524,7.1401329720917,0.701322952118576,10.1809486635545,1.0198657522737e-18,3.88444165834653e-17,"AC105460.1"
"ENSG00000253549.6",32.5763461466889,-2.9228033634565,0.21984158651409,-13.2950430798914,1.10218389550568e-18,4.1914035462892e-17,"CA3-AS1"
"ENSG00000165480.16",853.287048908379,2.04193559296452,0.119196452665509,17.1308419613345,1.15190437939493e-18,4.37363694051512e-17,"SKA3"
"ENSG00000160191.18",996.496147273518,-2.64237830874234,0.187926667357206,-14.0606883839416,1.17109696844469e-18,4.43957197085896e-17,"PDE9A"
"ENSG00000153446.16",52.4233480807643,-3.49339045161312,0.285545362655237,-12.2340997560902,1.25071782828595e-18,4.73402542482066e-17,"C16orf89"
"ENSG00000079385.23",8590.64383385098,-2.38834497536389,0.159060077193107,-15.0153641159391,1.2911447882872e-18,4.87944297906359e-17,"CEACAM1"
"ENSG00000114455.13",1560.60847650904,-2.8659282259126,0.213863178327101,-13.4007557931698,1.3324441116735e-18,5.02770060771213e-17,"HHLA2"
"ENSG00000126778.12",28.7089651987399,3.59692216500266,0.29771897331786,12.0816020723086,1.35786874209528e-18,5.11569153998686e-17,"SIX1"
"ENSG00000182798.10",48.4483617606477,5.38578089188339,0.503554253548572,10.6955325149763,1.52408350714933e-18,5.73300761977225e-17,"MAGEB17"
"ENSG00000166670.10",127.730952426464,3.40914183267071,0.276651444192887,12.3228774121048,1.54340924793534e-18,5.79673025113272e-17,"MMP10"
"ENSG00000106327.13",168.025396085257,2.77083579042164,0.203368494818843,13.6247052076077,1.55293981652493e-18,5.8145512390687e-17,"TFR2"
"ENSG00000197172.10",83.942039951717,9.6552002101002,0.993987761172151,9.71360069737115,1.55253766010273e-18,5.8145512390687e-17,"MAGEA6"
"ENSG00000176343.5",35.1805055375752,5.21122706971638,0.483929951356491,10.7685565960712,1.62839107594838e-18,6.08767740700703e-17,"RPL37AP8"
"ENSG00000259471.1",12.9440024520909,5.91342290717543,0.564732202219194,10.4711983554998,1.65288903659252e-18,6.16977013658959e-17,"LINC01169"
"ENSG00000254256.1",14.0402422602415,6.46056227685745,0.627817916608566,10.2905031951892,1.69362093301679e-18,6.31211482704109e-17,"RPSAP71"
"ENSG00000158555.15",1193.54087628164,2.65306340552045,0.190155649290932,13.9520619840294,1.76166754626774e-18,6.55566942944962e-17,"GDPD5"
"ENSG00000223392.1",8.32798627496054,5.42372263074704,0.50938078858938,10.6476780283899,1.90188988392037e-18,7.06665507328211e-17,"CLDN10-AS1"
"ENSG00000262172.1",5.57473000838121,4.26084418368565,0.375615040326195,11.343646356614,1.95555924530528e-18,7.25497552075087e-17,"AC116025.2"
"ENSG00000241794.2",19.7691794801119,6.312512151654,0.61201346134486,10.314335468672,1.97216582343057e-18,7.30543132764679e-17,"SPRR2A"
"ENSG00000252010.1",60.9095642830313,6.38957884184153,0.621253782017454,10.2849737527425,2.0618444685359e-18,7.6260000891054e-17,"SCARNA5"
"ENSG00000253616.5",17.2840516035899,3.04863869191197,0.236214974587392,12.9062041779408,2.10862341176381e-18,7.78716548721284e-17,"AC107959.3"
"ENSG00000108379.10",114.975361309362,2.34024489180907,0.154764157831794,15.1213622365495,2.36052199284298e-18,8.70420097512662e-17,"WNT3"
"ENSG00000145362.20",230.084608770382,-3.01457246870616,0.232716113785973,-12.9538621957164,2.4263655914606e-18,8.93343695037768e-17,"ANK2"
"ENSG00000183798.5",12.9397953500908,-2.72250158685992,0.199031721287208,-13.6787320596563,2.47739793326963e-18,9.10752946723934e-17,"EMILIN3"
"ENSG00000167723.15",69.0367180421027,-3.02000103109727,0.233759251990434,-12.9192791531556,2.77705843990198e-18,1.01937341525103e-16,"TRPV3"
"ENSG00000168016.15",1349.18425800538,-2.19990951817863,0.138867741390122,-15.8417606289024,2.79435837555309e-18,1.02417659918462e-16,"TRANK1"
"ENSG00000226532.1",48.0302854765159,5.36318382047741,0.505218653527558,10.6155696806331,2.90495799927866e-18,1.06310962925409e-16,"AL022718.1"
"ENSG00000135406.14",24.5474088170479,-3.48869271773951,0.288389643622168,-12.0971497933199,3.07783669190185e-18,1.12468318215361e-16,"PRPH"
"ENSG00000158246.8",79.1385056213999,-2.98211773468717,0.229706206586738,-12.9823124024344,3.09655169584494e-18,1.12982291605153e-16,"TENT5B"
"ENSG00000175063.17",2848.48526593531,2.08099355784665,0.12530743489804,16.607103637066,3.15651567131942e-18,1.14997497470858e-16,"UBE2C"
"ENSG00000176533.13",131.0577488578,-2.61086974764774,0.186898619566457,-13.9694437214363,3.37855981182611e-18,1.22902699741579e-16,"GNG7"
"ENSG00000248485.2",26.944370745251,-3.92022409603955,0.338990279575555,-11.5644144750935,3.51306762661044e-18,1.27604698545043e-16,"PCP4L1"
"ENSG00000155545.20",1341.96987396665,-1.98852982864838,0.114817270671124,-17.3190828960236,3.66606038738646e-18,1.32963085691778e-16,"MIER3"
"ENSG00000078579.9",27.4960712776312,6.10099978532749,0.592832460856101,10.2912714606031,3.83403656265022e-18,1.38641500702977e-16,"FGF20"
"ENSG00000275896.6",532.505467944124,5.13281651335662,0.480307762269193,10.6865158478948,3.83192520914266e-18,1.38641500702977e-16,"PRSS2"
"ENSG00000223485.4",12.5117436684154,3.54511644535794,0.295872148431713,11.9819201102538,3.91414568233006e-18,1.41327994176256e-16,"LINC01615"
"ENSG00000256916.1",8.25778117044179,5.26166335722264,0.495859077573886,10.6112070852199,4.18122177287639e-18,1.50747313176404e-16,"AP000851.1"
"ENSG00000173930.9",29.400021584215,-3.61708288235596,0.30461473068433,-11.87428747858,4.29384865725024e-18,1.54570505373473e-16,"SLCO4C1"
"ENSG00000285517.1",43.3588009590779,3.93604027159432,0.341746225949516,11.5174359589731,4.29998607541018e-18,1.54570505373473e-16,"AC010198.2"
"ENSG00000163739.5",2729.23015061479,2.8709799565343,0.217853688127457,13.1784776342855,4.41554752541746e-18,1.58490110587362e-16,"CXCL1"
"ENSG00000105894.12",113.149709339984,-2.63070352272876,0.189911330058914,-13.852272646991,4.47680701423896e-18,1.60451932811219e-16,"PTN"
"ENSG00000281100.1",17.709643195955,-2.56476457683861,0.182301242631694,-14.0688266290112,4.60544894884271e-18,1.64819454281116e-16,"AC105749.1"
"ENSG00000265489.1",4.18273415733511,-4.0035595096068,0.350014456598283,-11.4382690032765,4.6926218168133e-18,1.67692220806711e-16,"AC005358.1"
"ENSG00000137203.15",188.928323557625,3.47217520832314,0.288438349627766,12.0378417530264,5.13413022332878e-18,1.83200241449177e-16,"TFAP2A"
"ENSG00000102359.8",1268.70079861772,2.89994717073894,0.221724030870535,13.0790837571964,5.2206134528979e-18,1.8601305997862e-16,"SRPX2"
"ENSG00000145287.11",2383.8000911443,-3.0717759739274,0.242240439679435,-12.6806902183318,6.01938822878375e-18,2.14159786177811e-16,"PLAC8"
"ENSG00000215182.8",1632.6911396864,4.8100187002488,0.445521125274795,10.7963874828203,6.0578684832064e-18,2.15213748745491e-16,"MUC5AC"
"ENSG00000149575.9",20.6375713778829,-3.661314436488,0.311424385704308,-11.7566722599699,6.39240600055267e-18,2.2676710337727e-16,"SCN2B"
"ENSG00000267123.7",24.0436484728306,3.16434703193762,0.253313625376563,12.4918153424778,6.47485936876648e-18,2.29357263354264e-16,"SCAT1"
"ENSG00000183914.14",190.905126615018,2.93124380685364,0.226253782935114,12.9555571130241,6.96296946243176e-18,2.46288439500861e-16,"DNAH2"
"ENSG00000206069.6",126.165310038043,3.66214416020107,0.31201786052836,11.7369696529543,7.19040365134028e-18,2.53963384778443e-16,"TMEM211"
"ENSG00000170498.9",30.6279498669564,3.44857302002418,0.287008109937356,12.0155943355638,7.23109390980975e-18,2.55029872290823e-16,"KISS1"
"ENSG00000115593.15",34.2443660324736,-4.57149050045658,0.418965745462542,-10.9113705594466,7.67087566323181e-18,2.70148229879033e-16,"SMYD1"
"ENSG00000132465.12",17371.1031591653,-3.75660980439406,0.323402953888252,-11.6158796919712,7.72264289253232e-18,2.71577745714234e-16,"JCHAIN"
"ENSG00000135678.12",750.274954491023,-2.51111651480831,0.177371711780439,-14.1573675396261,8.01287616279791e-18,2.8137700976299e-16,"CPM"
"ENSG00000162723.10",18.5134727794685,3.76065512964031,0.324085353254806,11.6039033911032,8.09586211195966e-18,2.83880879250534e-16,"SLAMF9"
"ENSG00000118729.12",137.283691912693,-4.36536622848724,0.395168479153722,-11.0468482654182,8.23786375361725e-18,2.88443932583428e-16,"CASQ2"
"ENSG00000253308.2",14.5906300088261,5.4194447589109,0.518966492171066,10.4427643030265,8.26809481351831e-18,2.8908590499064e-16,"AC004080.1"
"ENSG00000070748.19",8.6062339541092,-4.70519474061328,0.435878537051847,-10.7947383058542,9.43706733225656e-18,3.29483816341716e-16,"CHAT"
"ENSG00000254548.1",5.33581923849586,4.60887285515149,0.42457655111185,10.8552223222929,9.48488895525997e-18,3.30678338038475e-16,"AC105219.1"
"ENSG00000168356.13",14.2179829692495,-3.18296264072681,0.256918132397452,-12.3890151739184,9.75076123997726e-18,3.39460599042188e-16,"SCN11A"
"ENSG00000112232.10",3.40285581335679,-4.14362839127595,0.370572535073374,-11.1816931885022,1.09573673607258e-17,3.80921354600339e-16,"KHDRBS2"
"ENSG00000108924.14",105.211330719782,-2.59320834795245,0.187898614288844,-13.8011041633659,1.13485774795524e-17,3.93957761075892e-16,"HLF"
"ENSG00000166396.13",24.3947803721804,5.19186208929505,0.494495303275879,10.4993152713495,1.15486488073333e-17,4.00331192607986e-16,"SERPINB7"
"ENSG00000184434.8",1061.38555650797,-2.84627662434679,0.217810734372689,-13.0676600147567,1.16016863427801e-17,4.0102557344176e-16,"LRRC19"
"ENSG00000256298.1",5.42817423428763,5.43030594903992,0.522649242421265,10.3899623462249,1.15902102448741e-17,4.0102557344176e-16,"AC135388.1"
"ENSG00000248329.6",11.5262414666227,3.36247757359939,0.278723031335044,12.0638669775281,1.16458398776193e-17,4.01979984412145e-16,"APELA"
"ENSG00000267530.3",30.4666871533881,2.77457573418929,0.209393138908963,13.2505570557189,1.17689908813667e-17,4.05654579315193e-16,"LINC01836"
"ENSG00000162006.9",9.47743252361047,5.52835354667218,0.53449199992496,10.3431923161588,1.2034177497486e-17,4.1420752576333e-16,"MSLNL"
"ENSG00000162374.18",19.4330204378173,-3.18109334423194,0.257493733330084,-12.3540612157503,1.22200795720066e-17,4.20011221498955e-16,"ELAVL4"
"ENSG00000156218.13",121.199306804914,-3.14589691698024,0.253396455551115,-12.4149207617691,1.24248593810787e-17,4.26446444859059e-16,"ADAMTSL3"
"ENSG00000269516.6",15.7624892884421,4.17096575182754,0.374531924124829,11.1364759134321,1.26463865688499e-17,4.33437508636182e-16,"CYP4F23P"
"ENSG00000196950.14",1345.60805559869,1.93605544247766,0.110603806264426,17.5044196747536,1.30137025945857e-17,4.45398553589341e-16,"SLC39A10"
"ENSG00000259087.5",10.831429892394,-3.77884122565282,0.32845381300665,-11.5049394344413,1.33263728942759e-17,4.55458314108162e-16,"AL121790.2"
"ENSG00000078549.15",23.1915613975107,-4.02242365039801,0.357614398461198,-11.2479353955164,1.43635056656987e-17,4.90215151231011e-16,"ADCYAP1R1"
"ENSG00000258404.1",17.0455067753275,3.02547288353655,0.239690497548888,12.6224147993997,1.45193169250954e-17,4.94837869957668e-16,"LINC02320"
"ENSG00000130711.5",10.5497015410648,2.89778625296838,0.224600534986882,12.9019561468882,1.46142507232056e-17,4.97375759907417e-16,"PRDM12"
"ENSG00000171560.16",25.0266423715699,4.40575804851857,0.403151525540825,10.9282931339731,1.48375673342379e-17,5.04269770939834e-16,"FGA"
"ENSG00000213996.13",28.4436117069261,-3.11008594458995,0.249814136216286,-12.4495994970328,1.4992443269198e-17,5.08821747823341e-16,"TM6SF2"
"ENSG00000164120.14",1590.59225876442,-2.88095086419958,0.22269395746577,-12.9368165036198,1.50277273869451e-17,5.09307915624499e-16,"HPGD"
"ENSG00000262585.1",35.0634847868109,2.89116481288996,0.223938330020075,12.910540203773,1.51990095453432e-17,5.14395448400892e-16,"LINC01979"
"ENSG00000240505.9",23.9420137498629,-3.37678419111046,0.281517050773706,-11.994954415123,1.54949994979237e-17,5.23683571348463e-16,"TNFRSF13B"
"ENSG00000256518.3",6.37240962474469,-5.25414530953697,0.503902646099302,-10.426905574339,1.55449990016191e-17,5.24643716304645e-16,"FOLR1P1"
"ENSG00000172410.4",93.775600286825,-6.23251505293598,0.620044381243832,-10.0517241047057,1.60119237709053e-17,5.39652909338417e-16,"INSL5"
"ENSG00000198807.13",80.3374656302133,3.15594714878256,0.255653647132361,12.3446200912151,1.68345056165094e-17,5.66590701497477e-16,"PAX9"
"ENSG00000143882.12",218.32855561173,2.70849355261279,0.202628783397576,13.3667759693275,1.70422799902585e-17,5.72790323324041e-16,"ATP6V1C2"
"ENSG00000053328.8",16.2711110158793,-3.27218167494201,0.269620688669297,-12.1362410692285,1.7682547584384e-17,5.93488820857087e-16,"METTL24"
"ENSG00000110944.9",94.5694755035081,2.74557419813675,0.207178752927173,13.2521996553472,1.79683400008185e-17,6.0224918899295e-16,"IL23A"
"ENSG00000261587.2",12.3376124984089,4.25184777434134,0.386623676128986,10.9973807525508,2.03462050821335e-17,6.81009343658188e-16,"TMEM249"
"ENSG00000112877.8",356.768804350476,1.9719606710259,0.115659175866935,17.0497555100568,2.16382765075925e-17,7.23260136361071e-16,"CEP72"
"ENSG00000172927.8",1045.78008958925,2.92071329557677,0.228625767509035,12.7750836110866,2.21113605310773e-17,7.38057775968651e-16,"MYEOV"
"ENSG00000112936.19",620.85933054972,-3.66946551729313,0.317878981869662,-11.5435927714079,2.27573899650098e-17,7.58579665500325e-16,"C7"
"ENSG00000104833.12",16.0035651365663,-3.23510745223963,0.266757898662842,-12.1275038844436,2.67381117346831e-17,8.88831894873869e-16,"TUBB4A"
"ENSG00000166825.15",9603.73866259192,-3.82747417483587,0.337452286985179,-11.3422676996229,2.67155430295236e-17,8.88831894873869e-16,"ANPEP"
"ENSG00000259862.1",3.71490694978972,4.88807475426884,0.46412383528349,10.5318330640855,2.70926371945845e-17,8.99386726541535e-16,"AC026336.2"
"ENSG00000262768.2",7.5347398582257,4.3233794429028,0.396794049113684,10.8957769214531,2.74767845474272e-17,9.10894767397654e-16,"AC100791.2"
"ENSG00000244306.11",32.9829842365876,3.88831844928202,0.344881082962608,11.2743743898055,2.76531776416004e-17,9.15493483230096e-16,"DUXAP10"
"ENSG00000130037.5",17.4414464515605,-2.62187627189038,0.193818831961691,-13.5274588405764,2.9301829963738e-17,9.6875437839297e-16,"KCNA5"
"ENSG00000242575.1",24.5594728149672,5.52869436028908,0.541519467677015,10.2095948350773,3.05873835486648e-17,1.00988236444641e-15,"TUBAP13"
"ENSG00000134762.17",445.615051232508,4.13404253591842,0.37501677016371,11.0236204479969,3.21467508418191e-17,1.05992679166378e-15,"DSC3"
"ENSG00000184949.16",80.6630662283528,2.42145441736989,0.170204957138835,14.2266973775313,3.37213223541562e-17,1.11033622385636e-15,"FAM227A"
"ENSG00000108375.13",3679.47763665352,2.36927095599113,0.164025563932353,14.4445225438655,3.47401863414174e-17,1.14233630324282e-15,"RNF43"
"ENSG00000230061.2",145.055985945182,3.14486783849811,0.256961835570072,12.2386572757826,3.50008305014006e-17,1.14935159619464e-15,"TRPM2-AS"
"ENSG00000099194.6",17119.1160652106,2.29237223932524,0.154839755560545,14.8048040441971,3.51535561240844e-17,1.15280892552666e-15,"SCD"
"ENSG00000234753.5",78.5320496915359,2.35657961240117,0.16280125287517,14.4751933463811,3.94980992808513e-17,1.29353613547801e-15,"FOXP4-AS1"
"ENSG00000166828.3",46.1750523942623,-4.47561670588903,0.417316311774975,-10.7247586054158,4.09383553555476e-17,1.33889910516798e-15,"SCNN1G"
"ENSG00000196497.17",27.0758466846762,3.20602664465616,0.264921690553761,12.1017899212203,4.1427030312204e-17,1.35306026422924e-15,"IPO4"
"ENSG00000178233.18",6.97952449133753,-3.75533056402866,0.331098398641861,-11.3420378335646,4.33232212029118e-17,1.41309298688692e-15,"TMEM151B"
"ENSG00000237643.2",417.462267867133,4.40019780584257,0.408615480037816,10.7685538625099,4.35146114006518e-17,1.41743305232686e-15,"AL365226.1"
"ENSG00000242327.1",26.9652221553934,4.96924797025683,0.477137671451948,10.4147047436754,4.44016016730238e-17,1.44438945201403e-15,"AC023906.1"
"ENSG00000154175.18",352.267706416807,-2.96015150098793,0.235657059605621,-12.5612680814309,4.48003800848079e-17,1.45541341719363e-15,"ABI3BP"
"ENSG00000070882.13",1403.2211409715,1.80848924069377,0.0972672333122448,18.5929955968646,4.70349167200367e-17,1.5259659229598e-15,"OSBPL3"
"ENSG00000267432.6",11.0324824263775,4.20510726994956,0.385639673219224,10.9042392730146,4.73914821967747e-17,1.5354840231755e-15,"DNAH17-AS1"
"ENSG00000112494.10",149.311323812328,3.87705110949718,0.346238495712178,11.1976315675774,4.80737482615852e-17,1.55551542311121e-15,"UNC93A"
"ENSG00000162009.8",59.1779835402054,4.15714302285328,0.38005312020417,10.9383209921287,4.90305751039161e-17,1.58436565827814e-15,"SSTR5"
"ENSG00000100344.11",53.942459239411,3.69738148690543,0.324768970127622,11.3846513275345,4.96834832350285e-17,1.60333153069216e-15,"PNPLA3"
"ENSG00000174992.8",5399.79016315754,-4.69353876534789,0.444947703264512,-10.548517794141,5.15921254921271e-17,1.6627170417224e-15,"ZG16"
"ENSG00000107562.16",1069.68543217831,-2.60003062236813,0.192917021468454,-13.4774557609127,5.48065264283969e-17,1.76397164531132e-15,"CXCL12"
"ENSG00000169860.7",370.728003755162,-2.50296031888931,0.181317586314932,-13.8042887607267,5.70524010462205e-17,1.83382717648566e-15,"P2RY1"
"ENSG00000202538.1",135.503740961441,5.58296293454406,0.55345467124409,10.0874800134839,6.12537597380611e-17,1.96626996252957e-15,"RNU4-2"
"ENSG00000104722.14",9.47447339632886,-3.56840965050556,0.310229195392249,-11.5024946185149,6.20697602271091e-17,1.98983532126484e-15,"NEFM"
"ENSG00000176387.7",5291.80322667104,-2.44512770627993,0.174577442276917,-14.005977372503,6.27040299139652e-17,2.00752032530877e-15,"HSD11B2"
"ENSG00000286133.2",12.557332328992,6.01694773493162,0.606096236325185,9.92738013258902,6.29061431637701e-17,2.01134115642054e-15,"AC093817.2"
"ENSG00000198467.16",6175.52754942736,-2.66271231657619,0.201006170991034,-13.2469182585194,6.58946556455713e-17,2.1041263235051e-15,"TPM2"
"ENSG00000250568.1",27.8070752091771,4.19020043985442,0.385697381376024,10.8639587463761,6.62794720080986e-17,2.11363670577007e-15,"AC098591.3"
"ENSG00000241186.10",739.125975349183,3.02477019120221,0.244854398585446,12.3533422665742,6.73838003276158e-17,2.14603715329104e-15,"TDGF1"
"ENSG00000149596.7",329.727131251804,-3.1322426580608,0.257872646941858,-12.1464711174545,6.77774508807718e-17,2.15574876492507e-15,"JPH2"
"ENSG00000235669.1",17.2730273204513,4.31543723256468,0.401205484671586,10.75617706497,7.06193207428891e-17,2.24320195300942e-15,"CHN2-AS1"
"ENSG00000198523.6",459.160490866533,-3.37228476689435,0.287510863222869,-11.7292429548314,7.84627061706113e-17,2.4890910704254e-15,"PLN"
"ENSG00000183287.14",73.4073219346157,-3.58683958606681,0.313682860366302,-11.4346049442367,8.14334903266692e-17,2.57996586041468e-15,"CCBE1"
"ENSG00000237978.6",30.2523302641597,3.84193369874427,0.344626991215539,11.1480928559697,8.16154846811729e-17,2.58236494499024e-15,"KCNMB2-AS1"
"ENSG00000105609.17",140.296663366431,-2.73252678916618,0.210119606864646,-13.0046254604236,8.22827571758976e-17,2.60009232688467e-15,"LILRB5"
"ENSG00000162398.11",8.73108562283549,-2.6492817615553,0.200336964224025,-13.2241285167562,9.16436426007352e-17,2.89213053921801e-15,"LEXM"
"ENSG00000156966.7",1749.70817685587,-3.25910297716578,0.274424222279069,-11.8761490880769,9.19368757237249e-17,2.89762137495008e-15,"B3GNT7"
"ENSG00000173175.15",226.597887573271,-2.92546742924387,0.234035297311267,-12.5001120038444,9.57783835874545e-17,3.01478590825796e-15,"ADCY5"
"ENSG00000023839.12",247.804694869194,3.4040338446856,0.29249506603259,11.6379188574289,1.02554116199723e-16,3.22388748208701e-15,"ABCC2"
"ENSG00000198723.11",105.154474209495,2.51620959210277,0.184790976179076,13.6165176683973,1.15297351517079e-16,3.61980057088503e-15,"TEX45"
"ENSG00000227243.3",10.4580752522123,-3.28387642160475,0.278420154296364,-11.794679267756,1.17244980464761e-16,3.67619745199187e-15,"SLAMF6P1"
"ENSG00000172901.20",10.7965562155284,-3.16450556267204,0.263954670467458,-11.9888220089751,1.19901193754633e-16,3.75463789721338e-15,"LVRN"
"ENSG00000182938.7",10.3409445197442,-6.12154198129111,0.624727837669547,-9.79873412416934,1.22171990811741e-16,3.81631455354382e-15,"OTOP3"
"ENSG00000232203.3",34.8851318945283,4.91099225225887,0.477065212786143,10.2941738794531,1.22184885706053e-16,3.81631455354382e-15,"SLC25A6P2"
"ENSG00000229960.1",7.69401495645125,3.7434320910991,0.334673813080938,11.1853152077775,1.22891287180963e-16,3.83345093516997e-15,"AL590483.1"
"ENSG00000073067.14",1796.19478235338,4.11142375056751,0.379956739352033,10.8207680631722,1.31823736598353e-16,4.10681640941023e-15,"CYP2W1"
"ENSG00000086717.18",14.9441124825881,3.02445833594204,0.247358195343055,12.227039139526,1.36924089093194e-16,4.26025014720182e-15,"PPEF1"
"ENSG00000262001.1",334.969905130861,2.19571099351632,0.146249840746291,15.0134248510079,1.46941705237015e-16,4.56609135199419e-15,"DLGAP1-AS2"
"ENSG00000246228.6",83.1952311976765,3.18688473611272,0.267504911434608,11.9133690631014,1.47785847428154e-16,4.58645733397721e-15,"CASC8"
"ENSG00000169548.3",6.03047957982835,5.03040212056534,0.493251120136291,10.1984606120618,1.52800509786765e-16,4.73603620895204e-15,"ZNF280A"
"ENSG00000182168.15",116.113762890174,-2.37644659580215,0.168541513081491,-14.1000668164948,1.58324876011137e-16,4.90101208544031e-15,"UNC5C"
"ENSG00000183742.13",2328.24300917011,2.26352290357461,0.154757231596218,14.6262819528876,1.61320010344908e-16,4.98737436562502e-15,"MACC1"
"ENSG00000183145.9",40.6947418258668,3.56263548398179,0.313997037149026,11.3460799386172,1.65668819999519e-16,5.11531426427994e-15,"RIPPLY3"
"ENSG00000141668.10",16.3913220159892,-2.9364066738148,0.237321875951893,-12.3730973473766,1.6833142064983e-16,5.19093086521683e-15,"CBLN2"
"ENSG00000158445.10",32.970750579863,-3.16908347883104,0.265854443680802,-11.9203705416939,1.69025447398459e-16,5.20572670694873e-15,"KCNB1"
"ENSG00000171102.14",9.46491882295108,5.74798352123455,0.581956511493248,9.87699837997472,1.69385191655437e-16,5.21020273066723e-15,"OBP2B"
"ENSG00000167074.15",672.179667351758,-1.89617245827463,0.109917115868006,-17.2509298783972,1.77259675163646e-16,5.44552478694892e-15,"TEF"
"ENSG00000132746.15",82.2138463333108,3.535611790522,0.3113595659439,11.3553979939676,1.91725366483032e-16,5.88248283527483e-15,"ALDH3B2"
"ENSG00000077157.22",2666.92703418878,-2.59337680554617,0.195677012355036,-13.2533544657804,1.92973030208033e-16,5.91329714256646e-15,"PPP1R12B"
"ENSG00000246334.2",30.0292767869855,2.55836880717628,0.191613808500803,13.3516933210247,2.09634607251978e-16,6.4157694662759e-15,"PRR7-AS1"
"ENSG00000228358.6",7.96207003540848,5.68735441340161,0.576563029315658,9.86423708116028,2.14961823370299e-16,6.57053120490346e-15,"LINC02263"
"ENSG00000138944.8",124.445639282808,-3.03168916710811,0.249942143650566,-12.1295637575494,2.1707062640205e-16,6.62665354468569e-15,"SHISAL1"
"ENSG00000248323.7",70.2803633945679,3.21869591282538,0.272962139415789,11.7917302367069,2.17822704099608e-16,6.64126939726534e-15,"LUCAT1"
"ENSG00000206557.6",24.5101349705106,5.56168240245763,0.561312285961428,9.9083567945274,2.20354412581587e-16,6.71004038312352e-15,"TRIM71"
"ENSG00000181773.7",54.4729086206801,2.55227902735462,0.191064619416507,13.3581980544019,2.2485216511006e-16,6.83843255591297e-15,"GPR3"
"ENSG00000214612.3",61.57782843956,3.87915842964643,0.354484788494185,10.9430885486644,2.2910593724172e-16,6.95040483767015e-15,"RPS19P1"
"ENSG00000240652.1",41.9339065002116,3.84959023798499,0.350843058962945,10.9723995947475,2.29050647302634e-16,6.95040483767015e-15,"AP001024.1"
"ENSG00000068650.18",3041.49399315634,2.08965475519699,0.13416249613196,15.575550660161,2.29465380695624e-16,6.95262936521653e-15,"ATP11A"
"ENSG00000169174.11",2344.8204939181,2.70665252338361,0.210146119040101,12.8798596697715,2.30672890230978e-16,6.98051212031476e-15,"PCSK9"
"ENSG00000170153.11",170.765331314084,-3.09034618295938,0.257455261315614,-12.0034299053261,2.34517528555518e-16,7.088029780969e-15,"RNF150"
"ENSG00000145192.13",20.343543125467,5.47937456859258,0.551951511815576,9.92727522489948,2.41850781320514e-16,7.3005888025944e-15,"AHSG"
"ENSG00000156284.6",176.581631005275,-5.76257907530915,0.587082736110296,-9.81561664287557,2.48394926216247e-16,7.48882966135831e-15,"CLDN8"
"ENSG00000181541.6",182.123957318396,-3.09406322469896,0.258181462815128,-11.9840641964078,2.51397635153403e-16,7.56996596558574e-15,"MAB21L2"
"ENSG00000146151.14",5.56316702266025,-2.91964110361658,0.236696235655987,-12.3349705817036,2.52794220450574e-16,7.60259846157048e-15,"HMGCLL1"
"ENSG00000260284.1",5.87559509124775,5.06358356693235,0.501059267127083,10.1057577399284,2.53128282784842e-16,7.60323519366088e-15,"TPSP2"
"ENSG00000165806.21",2584.65011567721,-1.78142182397878,0.0963743570199417,-18.4843964625379,2.56891804468399e-16,7.70675413405196e-15,"CASP7"
"ENSG00000186193.9",1779.87669160084,2.16170865689313,0.143365263632035,15.0783293116346,2.67794960836557e-16,8.02394272296959e-15,"SAPCD2"
"ENSG00000164076.17",38.9747137842033,4.16641927818824,0.390835895305155,10.6602779535774,2.71072903843506e-16,8.11215709777979e-15,"CAMKV"
"ENSG00000229619.4",141.339645078073,-2.6335172917011,0.201960342955779,-13.0397743099383,3.0249834620701e-16,9.04146348441616e-15,"MBNL1-AS1"
"ENSG00000149591.17",8378.01424205499,-2.88676006838965,0.233380662746767,-12.3693198674389,3.1216347234694e-16,9.31888498529562e-15,"TAGLN"
"ENSG00000179915.24",38.8400091959984,-4.27813094695277,0.40550070591037,-10.5502429085743,3.12980942838855e-16,9.33182443065542e-15,"NRXN1"
"ENSG00000174944.9",104.692762312936,-2.60992364433795,0.199229364578916,-13.1000952086265,3.21835582026393e-16,9.58407431769774e-15,"P2RY14"
"ENSG00000233287.1",25.2795363666311,4.56771033629774,0.441649682225271,10.3423833869485,3.28795939903871e-16,9.7793651648275e-15,"AC009362.1"
"ENSG00000142619.4",84.9429649718357,4.42400965166956,0.423911982884266,10.4361514424974,3.31432327952623e-16,9.84572807976618e-15,"PADI3"
"ENSG00000165495.16",24.6369733371679,-2.71414886509499,0.212240516291901,-12.788080770413,3.33410977031569e-16,9.89241360423336e-15,"PKNOX2"
"ENSG00000253405.1",16.6548175675922,4.76131817014992,0.465812961195087,10.2215235873521,3.38105134980373e-16,1.00194570488086e-14,"EVX1-AS"
"ENSG00000111249.14",3.52651498567855,-2.89035120425646,0.23417149579666,-12.3428822727693,3.44344121185736e-16,1.01919149145108e-14,"CUX2"
"ENSG00000158201.10",1375.37610102041,-1.97260718215887,0.120566235284059,-16.3611908218858,3.60248350307479e-16,1.06496775090897e-14,"ABHD3"
"ENSG00000109132.7",8.61680786439636,-4.54421004346196,0.439456673417419,-10.3405189142403,3.66234091512115e-16,1.08134731758741e-14,"PHOX2B"
"ENSG00000260476.1",4.41385957069592,4.83477235634866,0.475924532863814,10.1586953865481,3.89283171970388e-16,1.14800741248549e-14,"AC104794.4"
"ENSG00000286266.1",9.71029476410281,5.06672644667635,0.504739788601559,10.0382941093555,3.90707824112152e-16,1.15081213647579e-14,"AC104370.1"
"ENSG00000136231.14",150.160191276078,4.17959160104244,0.394954505958202,10.5824633925933,4.12194097187666e-16,1.21262912368769e-14,"IGF2BP3"
"ENSG00000167798.17",7.54155875429095,5.45418912489542,0.553617522742699,9.85190840397283,4.29094220674334e-16,1.26082098698746e-14,"C3P1"
"ENSG00000215417.13",144.03259246188,2.9084380157373,0.237256480549923,12.2586241227047,4.3555798150974e-16,1.27826798921337e-14,"MIR17HG"
"ENSG00000227925.2",4.63420198073167,5.03866099800571,0.502371413998518,10.0297526045552,4.52158466081426e-16,1.32538609478633e-14,"LINC01655"
"ENSG00000134317.18",180.429591952797,2.28616002056698,0.160013127281577,14.2873279174401,4.57177105255831e-16,1.3384823683996e-14,"GRHL1"
"ENSG00000158874.11",19.305070897772,5.74923983289072,0.591475969445841,9.72015792674931,4.89464588225355e-16,1.43128634101999e-14,"APOA2"
"ENSG00000239672.8",1310.04196891879,2.1752872257749,0.146378071974176,14.8607451678873,4.90868188592965e-16,1.43366550274147e-14,"NME1"
"ENSG00000122971.9",2320.8354214063,-2.19641093213286,0.149071116195256,-14.7339805871982,5.04443336556004e-16,1.47154538755233e-14,"ACADS"
"ENSG00000118113.12",16.6827433764077,4.51394949345634,0.438009190463289,10.3056045209505,5.17872045985925e-16,1.50890775988705e-14,"MMP8"
"ENSG00000240950.1",103.684255789815,3.80885458688356,0.350401539456305,10.8699710417754,5.45768017363289e-16,1.58828297268598e-14,"AC021074.1"
"ENSG00000176399.4",16.0952849654146,-3.46878152264927,0.308001745401267,-11.2622138492433,5.48543048226061e-16,1.59444929089632e-14,"DMRTA1"
"ENSG00000280693.2",153.738638664236,2.88603028048066,0.23547487668734,12.2562131514042,5.75992929008891e-16,1.67223753583226e-14,"SH3PXD2A-AS1"
"ENSG00000185149.6",5.88599924870357,-4.66339136906833,0.457476475736691,-10.1937293312376,5.83776387901239e-16,1.69281219880669e-14,"NPY2R"
"ENSG00000030304.14",20.9059479374651,-3.62025596178944,0.327382898936773,-11.0581706422259,6.03954576248255e-16,1.749236734545e-14,"MUSK"
"ENSG00000258551.6",23.4699080853477,5.05024690219506,0.506126228388833,9.9782359003043,6.09867243565233e-16,1.76425881174228e-14,"CRAT37"
"ENSG00000006747.15",715.685582492684,-2.75555572620454,0.219443797460468,-12.5569998245266,6.21972976071404e-16,1.79713951468908e-14,"SCIN"
"ENSG00000154165.5",124.038371295143,-3.6417442898134,0.330291359213342,-11.0258539566005,6.31132721678343e-16,1.82144003999807e-14,"GPR15"
"ENSG00000112276.14",95.1970007723627,-2.71726463133981,0.21473336439866,-12.654133366509,6.36426820179875e-16,1.83453994429074e-14,"BVES"
"ENSG00000117877.11",226.163003212627,1.85873718057187,0.10742367082337,17.3028641297139,6.53526088078124e-16,1.88159762325811e-14,"POLR1G"
"ENSG00000108018.15",40.0024727791423,-3.58210873246806,0.323346834800493,-11.0782242067662,6.9937320877996e-16,2.0112152631187e-14,"SORCS1"
"ENSG00000171431.4",13774.8293830217,-2.83956390120417,0.230435088598645,-12.3226194347073,7.14079736327679e-16,2.05108009370716e-14,"KRT20"
"ENSG00000187980.7",20.030841353913,-2.91104675660655,0.239425301261762,-12.1584759057019,7.21026797266409e-16,2.06858927669112e-14,"PLA2G2C"
"ENSG00000263400.8",17.1202144910213,-2.40949001418415,0.176639582535935,-13.6407139305482,7.3482272811167e-16,2.10568305343321e-14,"TMEM220-AS1"
"ENSG00000280040.1",7.9941457812592,-2.27586040472372,0.159917550886658,-14.2314611004563,7.42180209254086e-16,2.12426137631028e-14,"AC095031.1"
"ENSG00000204710.2",23.2256964663345,3.54684824078949,0.319449303576614,11.1030082115638,7.76719790689048e-16,2.22050481338163e-14,"SPDYC"
"ENSG00000144218.19",70.4662602209945,-2.89857056928153,0.238172021783697,-12.1700716464251,7.84271097822441e-16,2.23945801140838e-14,"AFF3"
"ENSG00000270722.1",18.4096027660534,6.42229452401204,0.680273568390606,9.44075269484001,7.88534027574712e-16,2.2489878955476e-14,"RNVU1-31"
"ENSG00000160183.17",493.867308138027,2.91881210392486,0.240738646023741,12.1244019277113,7.90042815251347e-16,2.25064952058707e-14,"TMPRSS3"
"ENSG00000207296.1",2.54152137597582,-3.14126268979736,0.268658082179365,-11.6924183494325,7.9199244842225e-16,2.25356165066284e-14,"RNU6-140P"
"ENSG00000115657.14",43.7343558703292,2.78028057140082,0.223540816973143,12.4374626927075,8.32780943495394e-16,2.36685110256586e-14,"ABCB6"
"ENSG00000253746.1",12.4068813717709,3.31747045051843,0.291155878603949,11.394138653237,8.63314212361843e-16,2.4507634766814e-14,"AC091182.2"
"ENSG00000213820.3",46.4571134057103,4.15967636907643,0.396986751650161,10.4781238965427,8.66138648569212e-16,2.45591238742495e-14,"RPL13P2"
"ENSG00000198049.7",3.6764545673193,-3.71682824576055,0.341375292236759,-10.8878068515362,8.70831625941507e-16,2.46634131822595e-14,"AVPR1B"
"ENSG00000254973.2",21.5190588031064,2.61995330523798,0.203706866703752,12.8613892483465,9.14850283534196e-16,2.5879932351433e-14,"AC105219.3"
"ENSG00000259237.1",4.68633097348736,-4.8570774661835,0.485320816858893,-10.0079726594454,9.51718931075176e-16,2.6891593052473e-14,"LINC02490"
"ENSG00000197275.14",92.1984116682833,2.04680888903485,0.131720809712503,15.5389941308611,9.54030952328833e-16,2.6925612243427e-14,"RAD54B"
"ENSG00000163687.14",165.53300116589,-3.36144755490584,0.297211547527493,-11.3099493706411,9.68274435507414e-16,2.72959034603598e-14,"DNASE1L3"
"ENSG00000196756.13",1823.67374569699,2.15454353542207,0.145330155798836,14.8251649740495,9.76605109463755e-16,2.74988460718068e-14,"SNHG17"
"ENSG00000227121.2",29.5108837799536,4.69878791586064,0.465782723603065,10.0879394570781,1.00266152985246e-15,2.81998555271004e-14,"LINC02672"
"ENSG00000287641.1",4.16070328704339,4.92965120073249,0.49514786115271,9.95591738850733,1.04135267855195e-15,2.92541850737717e-14,"AC007483.1"
"ENSG00000226380.9",67.2711702411702,3.11002213589296,0.266006791341875,11.691514040692,1.0763867652487e-15,3.02034623505119e-14,"AC016831.1"
"ENSG00000048462.11",80.5616148858049,-3.29850809549718,0.289831967288599,-11.3807601223391,1.0914575829968e-15,3.05910256826093e-14,"TNFRSF17"
"ENSG00000113946.4",30.5797482646582,2.92502378491159,0.242748840296961,12.0495891199041,1.09480364122035e-15,3.06494567760997e-14,"CLDN16"
"ENSG00000227309.1",13.0597333695205,5.69371316294794,0.591901474403284,9.619359655571,1.09670667400453e-15,3.06674018162372e-14,"AC140076.1"
"ENSG00000172016.16",2174.53697417264,4.88914204836442,0.490849189482105,9.96057883588023,1.15650643793914e-15,3.23024211976104e-14,"REG3A"
"ENSG00000144648.16",37.7940752605643,-2.49686490222013,0.188933360966676,-13.2155850583769,1.16191237567273e-15,3.24161546829475e-14,"ACKR2"
"ENSG00000146469.13",169.566547829666,-3.50429832983725,0.316140286535556,-11.0846307132803,1.17351878982814e-15,3.27024158174586e-14,"VIP"
"ENSG00000197992.7",8.70249996401513,-2.79692328264865,0.226919363499816,-12.3256263348849,1.19931397436552e-15,3.33829662967723e-14,"CLEC9A"
"ENSG00000140807.7",3626.94965693748,3.19449683456687,0.277406550721095,11.5155782235965,1.27910445060352e-15,3.55632015442397e-14,"NKD1"
"ENSG00000259225.7",14.4417363660564,3.71731237518143,0.343729377620311,10.8146484333604,1.33555535120852e-15,3.70902800392766e-14,"LINC02345"
"ENSG00000135451.13",799.636018492448,1.90953812522449,0.11505870135966,16.5962078718019,1.3397529672882e-15,3.71643802569672e-14,"TROAP"
"ENSG00000235269.2",11.8337694170546,4.07576376789165,0.389132834468254,10.4739652038388,1.34885473865425e-15,3.73741962933846e-14,"LINC02331"
"ENSG00000197191.6",44.7251210017664,2.58105954992995,0.200108603578733,12.8982937453483,1.38329156144282e-15,3.82847208918684e-14,"CYSRT1"
"ENSG00000175356.14",172.723621651769,-2.58614629888637,0.200850403728893,-12.875982576451,1.42673407038075e-15,3.94421364166692e-14,"SCUBE2"
"ENSG00000213613.2",52.8320396800334,4.0117089816128,0.381596982163968,10.5129473479143,1.4823683723089e-15,4.09335811898935e-14,"RPL11P3"
"ENSG00000012504.15",87.6141644473726,-3.91861174727974,0.369813420667626,-10.5961858826147,1.48548393531687e-15,4.0973052926447e-14,"NR1H4"
"ENSG00000165553.4",5.29669817118058,-4.81251864588135,0.483217581030221,-9.95932026235687,1.51263908903159e-15,4.16747504120949e-14,"NGB"
"ENSG00000100146.18",42.4983773483481,-3.66653001668498,0.338071818148196,-10.8454175114879,1.54191899241888e-15,4.24333312749477e-14,"SOX10"
"ENSG00000221986.7",15.2675849757686,5.32421607011671,0.548270745533514,9.71092496451875,1.54758077555168e-15,4.25409647578119e-14,"MYBPHL"
"ENSG00000163817.16",975.327879847242,3.18969307625997,0.277865349954562,11.4792761198241,1.63153381657054e-15,4.4798047166852e-14,"SLC6A20"
"ENSG00000166183.16",82.6197934018317,-3.1284887188781,0.270268310956706,-11.5754921759186,1.69738471128139e-15,4.6553553593835e-14,"ASPG"
"ENSG00000204866.8",107.742634536924,3.71971918461632,0.345437463656487,10.7681406215839,1.72757901279831e-15,4.73282638229976e-14,"IGFL2"
"ENSG00000256694.1",9.4629559150711,2.92778124696583,0.245084173132765,11.9460233173842,1.83384049012489e-15,5.0182797195985e-14,"AC026369.2"
"ENSG00000179674.4",364.189069020835,-2.37772987263133,0.175198630543753,-13.571623620868,1.86301704999728e-15,5.09238631214106e-14,"ARL14"
"ENSG00000109182.12",205.25333277024,-4.03466958222831,0.385953153994046,-10.4537805701947,1.8783144566223e-15,5.12843160628336e-14,"CWH43"
"ENSG00000147889.18",253.552151321649,3.06318913932982,0.262412839745205,11.6731679071195,1.88453146268758e-15,5.13963126187521e-14,"CDKN2A"
"ENSG00000264175.1",15.7951104393829,3.17672073221678,0.276890788754746,11.4728292208757,1.90088053787778e-15,5.17840774332175e-14,"MIR3189"
"ENSG00000253339.2",5.85140301044045,5.48285694633422,0.570728077352192,9.60677626334965,2.00479616396697e-15,5.45538037899185e-14,"AC111149.2"
"ENSG00000183856.11",2281.02360390318,1.89925576279183,0.1145124065227,16.5855894611327,2.03244699134258e-15,5.52443645297816e-14,"IQGAP3"
"ENSG00000135480.16",234.447803991429,3.22509331765838,0.283384330819042,11.38063388451,2.04960430599005e-15,5.56484744531376e-14,"KRT7"
"ENSG00000127129.10",53.7216039716705,-2.94563172101535,0.247935414864623,-11.8806412654833,2.12489161416804e-15,5.76281989110307e-14,"EDN2"
"ENSG00000259823.6",1410.07743259406,-3.63807648105544,0.336313118897815,-10.8175277044748,2.18020578977483e-15,5.90624310942346e-14,"LYPD8"
"ENSG00000275491.1",10.2912628275934,3.36264998725489,0.301212172054355,11.1637254375234,2.18545260683353e-15,5.91386395835799e-14,"LINC01730"
"ENSG00000118432.12",43.8005738452932,-3.58649226341968,0.32989003103692,-10.871781278587,2.2443498645475e-15,6.06648517335976e-14,"CNR1"
"ENSG00000238133.6",64.391333001336,3.57636709271215,0.328942930024671,10.8723026588348,2.3958552641832e-15,6.46880921329465e-14,"MAP3K20-AS1"
"ENSG00000157111.13",680.259460602834,-2.3672779981061,0.174608508854287,-13.557632521114,2.42899597890043e-15,6.55101024276144e-14,"TMEM171"
"ENSG00000254510.2",11.0759059699881,-3.02052145489263,0.258062096488139,-11.7046303815929,2.4472387238225e-15,6.59289367947746e-14,"AP001107.5"
"ENSG00000109814.12",2886.68767889504,-1.86197823143109,0.110136845447648,-16.9060428765971,2.50960729163364e-15,6.7534282598779e-14,"UGDH"
"ENSG00000141639.12",26.9435078749274,-3.7615717727461,0.352910631201472,-10.6587091466753,2.53565122530388e-15,6.81596512996507e-14,"MAPK4"
"ENSG00000125851.10",25.6155381494698,-4.63436213236225,0.464491730174962,-9.97727587231015,2.55072284275903e-15,6.84890221867894e-14,"PCSK2"
"ENSG00000124882.4",1927.22574841736,3.36308424652149,0.302070394229811,11.1334454179012,2.57979991582427e-15,6.91933090005849e-14,"EREG"
"ENSG00000271303.2",20.9845870031304,4.54561017388161,0.453371029098821,10.0262475591285,2.62968076735483e-15,7.04534097538284e-14,"SRXN1"
"ENSG00000128510.12",11.6937009612551,3.63822609333345,0.337393514174311,10.7833314527018,2.65308257276178e-15,7.10020996895498e-14,"CPA4"
"ENSG00000099834.19",5611.56852432398,-2.53556903909857,0.196685724776738,-12.8914746709592,2.92312134207042e-15,7.81428477583183e-14,"CDHR5"
"ENSG00000263934.5",137.947776429836,3.40992032683622,0.308749150153884,11.0443067620969,2.96491643120693e-15,7.91730431629981e-14,"SNORD3A"
"ENSG00000158158.12",3057.92392028831,-1.75695371974269,0.0971051919916463,-18.0933035989861,3.21550361657889e-15,8.57702940536411e-14,"CNNM4"
"ENSG00000105976.16",5599.73303952496,1.87036314728975,0.111686681568295,16.7465191106609,3.27442101872295e-15,8.72460863541312e-14,"MET"
"ENSG00000141052.18",211.286300401038,-2.93333982061748,0.248183532782883,-11.8192363035771,3.3515176470524e-15,8.92024959730265e-14,"MYOCD"
"ENSG00000135916.16",21225.412924197,-2.29440912150439,0.166285598992344,-13.798002565514,3.50632365662003e-15,9.32206398860686e-14,"ITM2C"
"ENSG00000168298.7",58.4059525578596,4.25673725529663,0.418398342771661,10.173886509918,3.51835160988952e-15,9.34381902954265e-14,"H1-4"
"ENSG00000136982.6",491.198552238972,1.93689399922369,0.120372167069263,16.0908791989197,3.53253640963481e-15,9.37124833560327e-14,"DSCC1"
"ENSG00000287171.1",5.86409659978432,4.45139977766204,0.443633447698404,10.0339588927664,3.63065246170475e-15,9.62103105991552e-14,"AC006062.1"
"ENSG00000213401.10",29.0961106674756,8.45745976155423,0.959674710537562,8.81284008913477,3.89897183984613e-15,1.03208078113574e-13,"MAGEA12"
"ENSG00000203783.5",16.6690161904916,6.84617159158149,0.752912727178111,9.09291521374686,4.09064286991632e-15,1.08163897430867e-13,"PRR9"
"ENSG00000173237.4",195.368984874266,-3.74291068982448,0.353334566823317,-10.5931064811332,4.14954698382559e-15,1.09602164898871e-13,"C11orf86"
"ENSG00000101144.13",1289.03930573925,3.19757801940053,0.28310803739964,11.2945504789282,4.1691541478946e-15,1.10000484032398e-13,"BMP7"
"ENSG00000196361.10",3.87148855638574,-3.44845549909507,0.315615561642646,-10.926126332768,4.32366859206379e-15,1.13953521461117e-13,"ELAVL3"
"ENSG00000228109.1",55.7581573687446,2.21951222999865,0.15721515391237,14.1176736132941,4.34934332097229e-15,1.14506005091687e-13,"MELTF-AS1"
"ENSG00000139292.13",2351.39086603775,2.84425752072186,0.237776739507233,11.9618829268846,4.37363073159245e-15,1.1502080820097e-13,"LGR5"
"ENSG00000256612.7",34.6362179654764,-3.07045531596939,0.267148102628899,-11.4934573210674,4.58684325554584e-15,1.20497612010556e-13,"CYP2B7P"
"ENSG00000179284.5",7.84238452017766,-2.93307411837641,0.249578239975251,-11.7521227758769,4.76545036666369e-15,1.25054475064717e-13,"DAND5"
"ENSG00000122756.15",102.361339622204,-3.97666251147208,0.384404109088686,-10.3450052105312,4.8329406315075e-15,1.26688735000682e-13,"CNTFR"
"ENSG00000127951.8",929.864681886443,-2.56622261253772,0.202341193140384,-12.6826503921882,4.95121330845234e-15,1.29649227796758e-13,"FGL2"
"ENSG00000048540.15",166.173798216705,-3.39106714592672,0.309198019217166,-10.9672990613339,5.24687983119002e-15,1.37119479852945e-13,"LMO3"
"ENSG00000143333.7",647.522836968272,2.21143954258847,0.156656314736226,14.1165043127182,5.24778256227321e-15,1.37119479852945e-13,"RGS16"
"ENSG00000100078.4",86.599248177378,4.39214276812411,0.439116813763431,10.0022195244164,5.59612950603753e-15,1.46064389899798e-13,"PLA2G3"
"ENSG00000226539.1",9.45327870774894,5.02462807396813,0.521057139974212,9.6431421594507,5.63820915935524e-15,1.47004809626966e-13,"MLXP1"
"ENSG00000160957.14",1312.19873532814,2.20665348474366,0.156242203418094,14.1232870278897,5.68260068846236e-15,1.48003426291142e-13,"RECQL4"
"ENSG00000225194.3",9.25437819073511,-2.44346702690583,0.186952819048859,-13.0699662050415,5.76998358173852e-15,1.5011841652703e-13,"LINC00092"
"ENSG00000159261.12",46.8026882953896,3.22973972866704,0.288855255579377,11.181170036837,5.85179524675761e-15,1.52084090370278e-13,"CLDN14"
"ENSG00000115841.21",200.006615481298,-1.97316988851705,0.126080232127948,-15.6501130685947,5.87815460694662e-15,1.52605936911114e-13,"RMDN2"
"ENSG00000228307.2",12.4899578461122,-2.56418226323047,0.202658482360332,-12.6527260708056,5.89382058481929e-15,1.52849349211429e-13,"OR2S1P"
"ENSG00000261616.1",22.0320436996,-3.01488074091036,0.261236984937985,-11.540788306166,6.15210669120089e-15,1.59377604047102e-13,"AC036108.3"
"ENSG00000196502.12",643.332131916209,-2.34510069931224,0.174423506905845,-13.4448661244848,6.2079305090394e-15,1.60652514770668e-13,"SULT1A1"
"ENSG00000015520.15",198.975473265146,3.88122552168686,0.37398714680959,10.3779650044041,6.58965347146222e-15,1.70349552506949e-13,"NPC1L1"
"ENSG00000248810.2",110.387094357566,4.6077307205526,0.468807030740988,9.82862973123441,7.044015071363e-15,1.81901770705761e-13,"LINC02432"
"ENSG00000111863.13",642.622357890484,-3.14994185398043,0.279443547290667,-11.272193917235,7.14959293201924e-15,1.84432174361006e-13,"ADTRP"
"ENSG00000259439.2",38.1209920237404,4.41874838580997,0.444422974965984,9.94266416165406,7.21124610017131e-15,1.8582532368416e-13,"LINC01833"
"ENSG00000270403.1",9.33753947565095,-3.34659098526788,0.305059078697749,-10.9703045047994,7.22843571281142e-15,1.86070961675125e-13,"AP001554.1"
"ENSG00000180438.15",42.6090711927791,3.94850562965063,0.383376692110237,10.2992845180981,7.30609919784272e-15,1.87871122230241e-13,"TPRXL"
"ENSG00000167701.14",465.968952238812,-2.88634334504788,0.245285346551858,-11.7672881222754,7.33357256883946e-15,1.88378238290485e-13,"GPT"
"ENSG00000187848.15",4.76009319118898,-3.7405052882498,0.356495498031327,-10.4924334498078,7.51075211539359e-15,1.92725740658991e-13,"P2RX2"
"ENSG00000178403.4",13.1979474148398,5.73195345308228,0.615757767419457,9.30877977732053,7.66393225700645e-15,1.96448896461241e-13,"NEUROG2"
"ENSG00000137094.15",224.458359499886,-2.43862191341112,0.187213577738461,-13.0258816848097,7.6864589443385e-15,1.96818706372419e-13,"DNAJB5"
"ENSG00000233845.1",8.42378758553311,4.09901632044912,0.403323342252514,10.1631021342742,7.7278052822175e-15,1.97669124587248e-13,"AC093732.1"
"ENSG00000232956.9",922.911260782684,1.79823488309777,0.103928961876841,17.3025386824198,7.91839012918478e-15,2.02331104247308e-13,"SNHG15"
"ENSG00000082397.17",777.230818134554,-2.67685374618766,0.218499784655197,-12.2510589674579,8.31003279218325e-15,2.12115332825686e-13,"EPB41L3"
"ENSG00000130822.16",97.129905941021,-3.34975420962026,0.30647372576015,-10.9299882112629,8.79877837416058e-15,2.24354999467054e-13,"PNCK"
"ENSG00000164400.6",23.8555548523191,3.48517718274221,0.324672590739211,10.7344361124146,9.71007484418344e-15,2.47332095087692e-13,"CSF2"
"ENSG00000079308.19",4168.16482046392,-2.72387757551548,0.225305176556385,-12.0897247775122,9.94785163013054e-15,2.53123345143636e-13,"TNS1"
"ENSG00000167656.5",18.2770193363777,4.92814179734936,0.513717028523037,9.59310578338823,1.032546396452e-14,2.62456876922423e-13,"LY6D"
"ENSG00000150625.16",75.8871774993341,-4.20526794410858,0.419258695196732,-10.0302462233617,1.04404481611047e-14,2.65102288730245e-13,"GPM6A"
"ENSG00000249167.2",6.11130886652569,-2.57347813803233,0.205850771387068,-12.501668663623,1.05467336716417e-14,2.67521532589659e-13,"SEMA6A-AS2"
"ENSG00000102683.8",4.61641999360492,-3.85051690869772,0.373037430893855,-10.3220658030785,1.074615086443e-14,2.72295584990249e-13,"SGCG"
"ENSG00000186912.6",6.79644667372401,-3.52769528560443,0.330896740773804,-10.6610155100195,1.09521680647662e-14,2.77226754139394e-13,"P2RY4"
"ENSG00000251493.5",59.8977170971152,3.96452675866812,0.388180252154967,10.2131077937613,1.11183707161087e-14,2.81140903643539e-13,"FOXD1"
"ENSG00000117122.14",453.890175050251,2.47363421208532,0.193009534403405,12.8161244455169,1.128810798224e-14,2.85136199551384e-13,"MFAP2"
"ENSG00000168314.17",4.66957528116066,-2.87331269606377,0.245366140403423,-11.710306447905,1.13116796298517e-14,2.85138812246261e-13,"MOBP"
"ENSG00000183134.5",74.2482570409166,-2.62008232739015,0.212194686791553,-12.3475397381838,1.13009818043104e-14,2.85138812246261e-13,"PTGDR2"
"ENSG00000071991.9",38.9940411806025,-4.08402406876943,0.404019283474086,-10.1084879752562,1.14357776704174e-14,2.87968287451962e-13,"CDH19"
"ENSG00000168903.9",632.141607882576,-2.84228546486687,0.241405492873039,-11.7739055190501,1.16020986431387e-14,2.91854034190756e-13,"BTNL3"
"ENSG00000210112.1",40.1944763347325,4.26554367629287,0.427954468736139,9.96728387692766,1.16843872980864e-14,2.93620073778179e-13,"MT-TM"
"ENSG00000089327.15",3874.91703312769,2.05461306823503,0.138256581394571,14.8608698950205,1.19266187634563e-14,2.9939755780164e-13,"FXYD5"
"ENSG00000269978.1",6.5468870891194,4.2357986913003,0.424405028182177,9.98055727436403,1.22664417948732e-14,3.07610459871433e-13,"AL359881.1"
"ENSG00000079335.20",237.108878052398,-1.90794749266685,0.119155244149688,-16.0122830202085,1.2696547727769e-14,3.18068154417305e-13,"CDC14A"
"ENSG00000131471.7",1080.37780472614,-2.7381954131575,0.228131460298008,-12.0027084803674,1.27556210073887e-14,3.19218939731766e-13,"AOC3"
"ENSG00000214748.2",16.3638591400144,4.51538342028147,0.461612571163291,9.78176007837576,1.31396066945697e-14,3.28490167364243e-13,"AL355309.1"
"ENSG00000182816.9",7.83258472486991,-5.9498473891455,0.650077554383607,-9.15251934023018,1.3262239084659e-14,3.31215220716561e-13,"KRTAP13-2"
"ENSG00000214259.3",33.4754053613589,5.02323982246444,0.528480531120769,9.50506125894829,1.34064708971987e-14,3.34473555238119e-13,"AC018695.1"
"ENSG00000183929.7",4.78161118017395,4.39963277995075,0.446759014658258,9.84788809088988,1.37531375948562e-14,3.42770506210262e-13,"DUSP5P1"
"ENSG00000224958.6",10.5975511471187,-4.58641637749581,0.471482635020742,-9.72764644300005,1.40615890093179e-14,3.50098988654123e-13,"PGM5-AS1"
"ENSG00000165462.5",4.24781751073201,-3.70155764217999,0.355173611564017,-10.4218261764439,1.41025233428984e-14,3.50758768917535e-13,"PHOX2A"
"ENSG00000286848.1",6.25777457505291,-3.82524674326121,0.371452716211147,-10.2980718038061,1.41421216078745e-14,3.5138400314044e-13,"AC009570.2"
"ENSG00000132514.14",130.22028821557,-2.76434656411296,0.231997391195696,-11.9154209013547,1.42421544521434e-14,3.53508021641558e-13,"CLEC10A"
"ENSG00000275897.1",7.42722859657524,-2.48971104093333,0.195991630892179,-12.7031497702215,1.47049273348242e-14,3.6462217779207e-13,"AC021491.4"
"ENSG00000144452.15",79.0497217003495,4.0658309462343,0.403378347926495,10.0794476628061,1.4762494909939e-14,3.65676479420508e-13,"ABCA12"
"ENSG00000159217.10",130.434876372166,4.41839003863234,0.44993539654143,9.82005432912301,1.50937914269402e-14,3.73502170748112e-13,"IGF2BP1"
"ENSG00000257913.2",17.5767998443762,2.61351688195334,0.212404223334808,12.3044487577524,1.52188943358372e-14,3.76214783683463e-13,"DDN-AS1"
"ENSG00000064205.10",69.0278880808089,-3.58747130812526,0.340798836488827,-10.5266536267734,1.57051693430314e-14,3.87841072190716e-13,"CCN5"
"ENSG00000183230.17",19.1862042528783,-3.62046913819223,0.345415612059741,-10.4814866838331,1.64428100719159e-14,4.05644959134574e-13,"CTNNA3"
"ENSG00000133488.15",16.5087570142453,4.70878315750225,0.488946223752922,9.63047249114603,1.65913311724777e-14,4.08893861552949e-13,"SEC14L4"
"ENSG00000167080.9",868.933530133095,-4.22587594562476,0.425349907635886,-9.93505786591648,1.67463023229925e-14,4.12294981204375e-13,"B4GALNT2"
"ENSG00000080031.10",1869.99645285644,-2.13544351800889,0.149742299384023,-14.2607902162129,1.69283023161494e-14,4.16353994212985e-13,"PTPRH"
"ENSG00000205038.12",38.8378114654997,-2.99984026434858,0.263838375198263,-11.3699921859143,1.73053387542016e-14,4.25196897600706e-13,"PKHD1L1"
"ENSG00000165490.13",327.491114757138,1.94477336843842,0.124718710693797,15.593276723435,1.79240994100861e-14,4.39955167338476e-13,"DDIAS"
"ENSG00000277223.1",11.7841812569071,4.03390330915543,0.400890425112106,10.0623588304145,1.89635923827425e-14,4.65000297578853e-13,"AC090116.1"
"ENSG00000125648.15",2731.45405356836,-1.80551231985999,0.106515769785842,-16.9506573861326,1.97885907209302e-14,4.8474067995827e-13,"SLC25A23"
"ENSG00000152763.17",127.804337167665,-2.27377826769076,0.168439423312177,-13.4990860392383,1.98102988382543e-14,4.84783748005619e-13,"DNAI4"
"ENSG00000253250.3",13.7553355971113,-2.92404617266317,0.254546003543643,-11.4872994741865,2.03501697003524e-14,4.9749408824805e-13,"C8orf88"
"ENSG00000213315.5",158.954147869986,3.39427704681196,0.316771327958975,10.7152281384872,2.04065205756339e-14,4.9837030149538e-13,"AL122020.1"
"ENSG00000182489.9",228.53448269716,2.46864762330798,0.194466309488733,12.6944745843033,2.13990395499282e-14,5.22085001067526e-13,"XKRX"
"ENSG00000111802.14",3720.03319600673,-1.9080167127919,0.12024180528002,-15.8681642241523,2.14989522151212e-14,5.23996528412683e-13,"TDP2"
"ENSG00000256193.6",3.07120218038608,-3.69915570987941,0.357667483886964,-10.3424434049154,2.23469005901248e-14,5.44117920180392e-13,"LINC00507"
"ENSG00000224728.1",13.0956392298269,2.78455712926619,0.236539537305487,11.7720579019734,2.27126519477891e-14,5.51917442331274e-13,"IMPDH1P8"
"ENSG00000287281.1",5.49066718131132,-3.77439377182469,0.367734453220838,-10.2639111966972,2.26912672297203e-14,5.51917442331274e-13,"AC012101.2"
"ENSG00000088325.16",4219.18574493834,1.81509739997747,0.108065819755923,16.796221081532,2.30343878394536e-14,5.59176448050672e-13,"TPX2"
"ENSG00000240972.2",10.7457034071975,5.55426220754906,0.604036320968055,9.19524540949385,2.35498347570726e-14,5.71118747102658e-13,"MIF"
"ENSG00000251138.7",6.74150105438525,5.31661646909195,0.572764299985288,9.28238102344806,2.4144651762218e-14,5.84960157349847e-13,"LINC02882"
"ENSG00000145384.4",407.993052361092,-3.24399137034445,0.2979909040698,-10.8862093642449,2.52921264063644e-14,6.12150071389098e-13,"FABP2"
"ENSG00000213246.7",10.5535946037578,3.27566623426697,0.302570533055063,10.8261244120255,2.71565828391218e-14,6.56621853722048e-13,"SUPT4H1"
"ENSG00000231221.1",3.53163108130044,4.76493670412014,0.501111924790663,9.50872742872895,2.88572975327704e-14,6.97050029867117e-13,"LINC01593"
"ENSG00000126583.11",76.919068658714,3.57190928869611,0.342506377659671,10.4287380372383,2.97711708761711e-14,7.17697869336268e-13,"PRKCG"
"ENSG00000133048.13",1042.76200996027,2.84025980044344,0.245070459721702,11.5895640938071,2.97664942428153e-14,7.17697869336268e-13,"CHI3L1"
"ENSG00000105948.13",314.02504691357,1.70667849253999,0.0941163512026379,18.1337086566968,2.98901033267342e-14,7.19850853161191e-13,"TTC26"
"ENSG00000144712.12",46.9440653255492,-2.26849752882211,0.16899560863332,-13.4234111002505,3.04580088545849e-14,7.32801599174667e-13,"CAND2"
"ENSG00000186417.14",78.9591207897031,-2.5604681774743,0.207953059574864,-12.3127218359224,3.09628114817682e-14,7.44210008908969e-13,"GLDN"
"ENSG00000286449.1",5.57864868423213,-3.5908161983162,0.34544675218353,-10.3947024414589,3.19331974049463e-14,7.66775392233394e-13,"AC016590.4"
"ENSG00000074755.15",2617.96181338218,-1.79712082758024,0.106286281669824,-16.9083046216911,3.19691741323619e-14,7.66881472276797e-13,"ZZEF1"
"ENSG00000272945.1",13.5828792537182,2.71646848163255,0.228926865387183,11.8660973976916,3.24266146125558e-14,7.77087509945863e-13,"AL356299.2"
"ENSG00000073737.17",989.906288537142,-3.32210963937461,0.309775353496528,-10.7242542115664,3.28702069399031e-14,7.86941900137581e-13,"DHRS9"
"ENSG00000262097.2",7.23710807966817,-2.62776675507501,0.217155507169465,-12.1008524689375,3.29331388840159e-14,7.87672514647232e-13,"LINC02185"
"ENSG00000144619.15",92.7585786756386,-2.4616912810354,0.195095476276073,-12.6178798607916,3.38683348675839e-14,8.09243399490943e-13,"CNTN4"
"ENSG00000253844.1",13.5526048211943,3.61304022826974,0.349167547248988,10.3475831495111,3.61490554842391e-14,8.628900277672e-13,"AC064807.2"
"ENSG00000115008.6",99.9054812721867,3.10679806156051,0.281937954030054,11.0194389125394,3.93249730971261e-14,9.37779044416254e-13,"IL1A"
"ENSG00000109906.14",149.950746552636,-3.34540272229553,0.314282600489988,-10.6445686687072,4.23775004447864e-14,1.00958162824344e-12,"ZBTB16"
"ENSG00000204983.14",38.0040442523755,4.34290488308733,0.447964339830672,9.69475580294834,4.24688774658462e-14,1.01076760276206e-12,"PRSS1"
"ENSG00000162073.14",656.08205135704,2.02785658789451,0.137794683492651,14.7165081880873,4.34804074140358e-14,1.03382964790711e-12,"PAQR4"
"ENSG00000160401.15",92.9231392250301,1.88200521271422,0.118286257034064,15.9105990831398,4.4414901475531e-14,1.05501672126628e-12,"CFAP157"
"ENSG00000203446.2",9.51686897732192,4.1081833682825,0.416948058398096,9.85298596680372,4.50684980177619e-14,1.06949658381993e-12,"SUGCT-AS1"
"ENSG00000175065.12",37.4628751242738,2.44147031521629,0.19343398143903,12.6217239445378,4.59673485130037e-14,1.08976250621072e-12,"DSG4"
"ENSG00000116194.13",132.585629146508,-3.65275780725149,0.356129946903645,-10.2568117031725,4.70794240493707e-14,1.11503899064299e-12,"ANGPTL1"
"ENSG00000271178.1",20.1316335025135,-3.78956363447356,0.37475876755648,-10.1120079436232,4.89797569140887e-14,1.15891732523111e-12,"IGHV3OR16-13"
"ENSG00000225731.1",7.80580356518142,-3.35687605011518,0.316769768569875,-10.5972109184235,5.02117186830972e-14,1.18691124902652e-12,"PDE9A-AS1"
"ENSG00000144063.4",481.416465168756,-2.37254334887486,0.184489135736426,-12.8600708079876,5.04580869178044e-14,1.19157581351083e-12,"MALL"
"ENSG00000108405.4",81.3885165965934,-2.34673876853259,0.181037044913351,-12.9627544995324,5.07162738554422e-14,1.19651015018179e-12,"P2RX1"
"ENSG00000244300.3",166.782869079153,2.71089842501201,0.230000599782087,11.7864841551737,5.08522453429476e-14,1.19855437617229e-12,"GATA2-AS1"
"ENSG00000214429.3",23.1729356461182,4.14657969696198,0.423259142535788,9.7967870749806,5.26139653758604e-14,1.23887534751299e-12,"CYCSP6"
"ENSG00000130600.19",1141.70632764514,3.52655780159788,0.340124129145173,10.3684434575727,5.49843406393337e-14,1.29343608667552e-12,"H19"
"ENSG00000155324.10",636.571053479692,-1.67632869815337,0.0910574690775973,-18.4095683213514,5.53376925723314e-14,1.30048929352771e-12,"GRAMD2B"
"ENSG00000092607.15",27.6180028518721,2.93830251148003,0.261036225868724,11.2563016941477,5.62130919368512e-14,1.31978563677825e-12,"TBX15"
"ENSG00000101084.18",527.753237573347,3.37235058169202,0.319753311708739,10.5467260484979,5.88637520043843e-14,1.38068453060477e-12,"RAB5IF"
"ENSG00000244485.1",21.416242989233,4.32668733796119,0.448411257505691,9.64892666171807,5.90792825569496e-14,1.3844036317588e-12,"RPL18P13"
"ENSG00000154822.18",287.358156732235,-2.39553335265956,0.188121875069111,-12.7339436297852,5.93431257773101e-14,1.38924658611622e-12,"PLCL2"
"ENSG00000204421.3",45.6588441463553,3.13718667363797,0.28818824131341,10.8858940924874,6.03826348835739e-14,1.41222139333094e-12,"LY6G6C"
"ENSG00000126249.8",225.387433011115,1.81289244622671,0.109619858056387,16.5379930093887,6.05567649063702e-14,1.41493210310077e-12,"PDCD2L"
"ENSG00000118707.11",1263.51744487692,1.88095940504951,0.118904379123752,15.8190927778351,6.36403220872657e-14,1.48555218705145e-12,"TGIF2"
"ENSG00000006740.17",624.66066143386,-2.26036231349252,0.170180083465263,-13.2821788981782,6.50580897934523e-14,1.51718961802389e-12,"ARHGAP44"
"ENSG00000147697.9",14.0214525900767,2.96471659272155,0.265606048362662,11.1620823810212,6.95912391239869e-14,1.62134909943709e-12,"GSDMC"
"ENSG00000166840.13",75.9187217492213,3.02337058295508,0.273563038127658,11.0518241193981,6.99843621211887e-14,1.62894635971732e-12,"GLYATL1"
"ENSG00000197472.15",39.4874216409379,2.45970761314094,0.197366610432187,12.4626329030769,7.02163987080702e-14,1.63278324268527e-12,"ZNF695"
"ENSG00000248538.8",27.9186965025305,2.80178804857811,0.243662066430242,11.4986632495798,7.09073649844563e-14,1.64727434906529e-12,"AC022784.1"
"ENSG00000088340.17",632.04036839482,2.78480693387774,0.241460885356472,11.5331596244522,7.24805074568744e-14,1.68221235071829e-12,"FER1L4"
"ENSG00000167641.11",263.826840452153,-2.52785414714422,0.206784520303517,-12.2245811409571,7.41751100400341e-14,1.71826041370146e-12,"PPP1R14A"
"ENSG00000184357.5",39.7693949956054,4.2373532449455,0.438150365536897,9.67100241889145,7.41462760587483e-14,1.71826041370146e-12,"H1-5"
"ENSG00000039987.7",192.235789950067,-3.7949863908592,0.378543291663942,-10.0252374680259,7.70724767903565e-14,1.78198019600919e-12,"BEST2"
"ENSG00000112782.19",2233.33999245183,-2.16718547132752,0.158076997535257,-13.7096826554044,7.7003078748734e-14,1.78198019600919e-12,"CLIC5"
"ENSG00000144891.18",36.0240418255332,-3.66463736985297,0.360942569873712,-10.1529652518825,7.77064734039398e-14,1.79493089706819e-12,"AGTR1"
"ENSG00000135298.14",14.7685325405796,-3.35069352375472,0.318505367842727,-10.5200535439932,7.8913836981999e-14,1.82108854573844e-12,"ADGRB3"
"ENSG00000261241.7",8.77768638049375,5.34880979969616,0.589424895981618,9.07462483543106,8.03087998896722e-14,1.85152166728561e-12,"LINC02128"
"ENSG00000236120.7",10.1452431226173,-2.67060435791201,0.226607740761262,-11.7851418002776,8.38986716819881e-14,1.93245281694058e-12,"AC110995.1"
"ENSG00000260015.1",9.41901926832602,5.53556346686227,0.61526332563235,8.99706391758842,8.42053598685974e-14,1.93768015606716e-12,"AC010547.2"
"ENSG00000183960.9",161.024542178842,2.5763583048324,0.213851225892225,12.0474329482255,8.44956517621993e-14,1.94252066019058e-12,"KCNH8"
"ENSG00000136997.21",7828.24843435345,1.91838244412141,0.124592165675203,15.3972959192506,8.46071550704689e-14,1.94324562212892e-12,"MYC"
"ENSG00000219222.1",12.6880321815315,4.93896984350397,0.534660609812569,9.23757941553872,8.71022542881459e-14,1.99866362530873e-12,"RPL12P47"
"ENSG00000105737.9",51.8255286937898,-2.82295023167426,0.247603380999387,-11.4010972720976,9.03297645354373e-14,2.06881553083047e-12,"GRIK5"
"ENSG00000185681.13",16.8387491174005,-4.78672878661515,0.514331323832153,-9.30670282912275,9.0295516621374e-14,2.06881553083047e-12,"MORN5"
"ENSG00000136842.14",70.0683679729882,-2.74600822071437,0.237175772856381,-11.5779457051761,9.08162099301973e-14,2.07799802382655e-12,"TMOD1"
"ENSG00000173597.9",2720.46784949789,-2.6950611460655,0.230331445126417,-11.7007955409055,9.24898541147179e-14,2.11430240356317e-12,"SULT1B1"
"ENSG00000197301.7",38.5120436254454,3.56385512891446,0.348428809830293,10.2283595052036,9.3110677990074e-14,2.12649386763045e-12,"HMGA2-AS1"
"ENSG00000154721.15",205.791777420526,-2.40140637042404,0.190461395838208,-12.6083627595798,9.33745211502604e-14,2.13051724314679e-12,"JAM2"
"ENSG00000164442.10",1039.38387513053,-1.77600710168426,0.10558607937507,-16.8204664118213,9.9459243099583e-14,2.26722289617248e-12,"CITED2"
"ENSG00000163013.12",704.816860303839,1.98264811443816,0.13375439457032,14.8230502691693,1.01610156461121e-13,2.31408322587182e-12,"FBXO41"
"ENSG00000144191.12",20.5376375191713,-3.52827737809572,0.344177656190985,-10.251326065565,1.02227911058141e-13,2.32597213362624e-12,"CNGA3"
"ENSG00000182118.8",305.898929550558,1.84001741151156,0.114354828270624,16.0904217105473,1.02334813371794e-13,2.32622634699213e-12,"FAM89A"
"ENSG00000123388.4",56.1318915158725,4.9069851626373,0.532061534506843,9.22258957732301,1.04345213393244e-13,2.36970905182789e-12,"HOXC11"
"ENSG00000180155.20",96.2043591027171,-2.56191202121053,0.212791360028942,-12.0395490722089,1.06709070685382e-13,2.42113017521454e-12,"LYNX1"
"ENSG00000237730.1",25.8160252945084,4.59118505039786,0.4893989401651,9.38127297302486,1.08444917935159e-13,2.458219688269e-12,"RPS5P8"
"ENSG00000198074.10",936.288819452509,-3.13006109989062,0.290391860959639,-10.7787494096663,1.10755894241285e-13,2.50826489288278e-12,"AKR1B10"
"ENSG00000101955.15",248.271961468775,-2.57705874693999,0.215168471082739,-11.976934789619,1.15580860304403e-13,2.61509767727839e-12,"SRPX"
"ENSG00000099937.11",50.9947414388031,3.71888123218586,0.371043544441888,10.0227622549792,1.17102298584754e-13,2.64705660986933e-12,"SERPIND1"
"ENSG00000248740.6",9.25436326803709,5.64428386595143,0.634328339932822,8.89804776269207,1.22536698238144e-13,2.76732506244136e-12,"LINC02428"
"ENSG00000212232.1",73.731463228193,3.42865215423372,0.331966295099429,10.3283140633503,1.27773840097319e-13,2.88291951194509e-12,"SNORD17"
"ENSG00000133119.13",1209.08495612827,1.81074652832933,0.11084374354335,16.3360282722783,1.29344717352157e-13,2.91565550246514e-12,"RFC3"
"ENSG00000206579.9",15.3930379979302,-3.72648050764503,0.372968786787161,-9.99140045939445,1.33361663462152e-13,3.00341837083437e-12,"XKR4"
"ENSG00000224585.1",5.47093337098933,-4.14124496696685,0.430006041624145,-9.63066693510921,1.38511539936708e-13,3.11650964857593e-12,"AC103563.1"
"ENSG00000196620.10",232.544444626776,-3.24455685662186,0.307567204393565,-10.5490988970011,1.46280543467382e-13,3.28826753585327e-12,"UGT2B15"
"ENSG00000238741.1",49.8153243015052,5.09908241034818,0.562248059801664,9.06909738763154,1.54377047683576e-13,3.46706308568474e-12,"SCARNA7"
"ENSG00000198203.10",463.530500877253,2.89879962342205,0.260495977370172,11.1280014865749,1.55934453800474e-13,3.49880630411035e-12,"SULT1C2"
"ENSG00000166391.15",976.281664904357,-2.91698294040271,0.263049795716726,-11.0890903087564,1.5784601498108e-13,3.53843004062754e-12,"MOGAT2"
"ENSG00000233221.7",5.63004539584613,4.5307393665928,0.484552563631827,9.35035681708898,1.58940705310046e-13,3.55968584242776e-12,"AC133785.1"
"ENSG00000102243.13",7.78347586476943,5.5357896077708,0.623208292802189,8.8827277680785,1.69242290308324e-13,3.7869131256835e-12,"VGLL1"
"ENSG00000105784.15",74.9703466504071,-2.47665418227039,0.202912615107443,-12.2055209872437,1.70294818999136e-13,3.80695869519689e-12,"RUNDC3B"
"ENSG00000123485.12",847.068154921508,1.67978215027012,0.0934601721586297,17.9732404881411,1.75151114907764e-13,3.91192287891422e-12,"HJURP"
"ENSG00000280623.1",36.153182970914,4.77220389505093,0.518690556917683,9.20048347016329,1.7637974244923e-13,3.93574631911506e-12,"PCAT14"
"ENSG00000166682.13",64.1838809771805,3.18798515423313,0.301010673937834,10.590937233314,1.81352954616465e-13,4.04300623594504e-12,"TMPRSS5"
"ENSG00000100307.13",635.162331450549,-1.81459314644961,0.11210001998338,-16.1872687151942,1.84237303198571e-13,4.10354396675093e-12,"CBX7"
"ENSG00000197380.11",179.755135676509,-2.50612542479361,0.207449824063856,-12.0806341297363,1.93271509711433e-13,4.3008220567654e-12,"DACT3"
"ENSG00000119950.21",1554.26950724651,-1.66925392498407,0.0922171133769902,-18.1013465272985,1.97341135102608e-13,4.3873646687954e-12,"MXI1"
"ENSG00000088280.19",493.809775263432,-1.97246955789558,0.134021620171948,-14.7175474775259,1.99257141184897e-13,4.42591273381443e-12,"ASAP3"
"ENSG00000211890.4",37503.2324860541,-3.67504073210561,0.368683319184462,-9.96801466427857,1.9985430476711e-13,4.43512292770848e-12,"IGHA2"
"ENSG00000250329.1",9.40350602960683,3.81851638977706,0.388660614510126,9.82480922228248,2.05527622905935e-13,4.55686244216626e-12,"KDELC1P1"
"ENSG00000197888.2",2619.29760249717,-4.11134080445196,0.429320310287129,-9.57639484072463,2.12845096251801e-13,4.71480021779285e-12,"UGT2B17"
"ENSG00000230834.1",4.29781298220469,4.96161396142892,0.546663226060744,9.07618022375919,2.13208618757515e-13,4.71855139873188e-12,"AC068580.2"
"ENSG00000224945.1",33.0733729944609,2.59288267160908,0.219995857521087,11.7860522503727,2.23496828356741e-13,4.94174060879781e-12,"AL353150.1"
"ENSG00000196990.9",21.2325096195682,-3.04277626474369,0.282166110618206,-10.7836347110473,2.24966831275107e-13,4.96972181816828e-12,"FAM163B"
"ENSG00000229155.1",44.7903304317498,-2.04173609131284,0.143906521731313,-14.1879330189424,2.26039793779583e-13,4.98888918151124e-12,"LINC02038"
"ENSG00000172318.5",91.8991212779696,-3.28370103455108,0.315552688809182,-10.4061893655318,2.2911156872704e-13,5.05209720514253e-12,"B3GALT1"
"ENSG00000174939.11",306.051212389855,2.43036881299141,0.197672214823941,12.2949440069564,2.30946577947757e-13,5.0879436483504e-12,"ASPHD1"
"ENSG00000106038.13",177.497923891152,3.43709051931852,0.336882598667783,10.2026359714353,2.34066776895269e-13,5.1520132957926e-12,"EVX1"
"ENSG00000221829.10",52.9140138368095,2.32073004649258,0.182771627096347,12.6974305769528,2.4849094964633e-13,5.46455210534464e-12,"FANCG"
"ENSG00000182968.5",72.8209242650942,4.60779129109843,0.499307524818093,9.22836340745544,2.49466070581505e-13,5.48103572796616e-12,"SOX1"
"ENSG00000139910.20",40.2455289943182,-3.02063809563796,0.279662675780696,-10.8010054870771,2.50055224729183e-13,5.48901712820159e-12,"NOVA1"
"ENSG00000263325.1",9.04404236568737,3.20702490081946,0.306045199350784,10.4789256868677,2.76827449511003e-13,6.07121572483517e-12,"AC003965.2"
"ENSG00000174640.15",1024.73507059056,-2.22833128613148,0.170335454081352,-13.0820168833861,2.772058717724e-13,6.07403307851155e-12,"SLCO2A1"
"ENSG00000108821.14",83286.1814669735,2.62083766234641,0.224871260765012,11.6548359867345,2.84217044657897e-13,6.22204881548369e-12,"COL1A1"
"ENSG00000257671.1",6.25744500967684,3.91584034259543,0.404622022445921,9.67777363902331,2.87397296294305e-13,6.28600747070352e-12,"KRT7-AS"
"ENSG00000149218.5",1925.44407315451,-1.65666645591313,0.0911437355515236,-18.1764160300036,2.9078434090529e-13,6.35437003956704e-12,"ENDOD1"
"ENSG00000198597.9",18.8173802131525,-2.99823205448179,0.27757617369996,-10.8014748330765,3.03589938398342e-13,6.628243938077e-12,"ZNF536"
"ENSG00000117472.10",14402.4956531253,-2.32335670392674,0.183895285901169,-12.6341286702444,3.09452415146556e-13,6.75017386720045e-12,"TSPAN1"
"ENSG00000285897.1",25.8528526840774,2.62456926841995,0.225852058352345,11.6207454010689,3.16756288254181e-13,6.9032984794409e-12,"AC004687.2"
"ENSG00000137727.12",42.3579530417326,-2.5773011217487,0.219313458094962,-11.7516779140509,3.19258683612711e-13,6.95160036898645e-12,"ARHGAP20"
"ENSG00000178462.12",314.326149630206,-2.64490262020589,0.228781354588836,-11.5608311916821,3.24323113610318e-13,7.05288141188600e-12,"TUBAL3"
"ENSG00000202402.1",7.13057350820865,5.76390962354051,0.662595079437224,8.69899249544094,3.24490593353438e-13,7.05288141188600e-12,"Y_RNA"
"ENSG00000198682.13",3539.05202732575,-2.04961283952994,0.146046863279992,-14.0339394732535,3.31583388379284e-13,7.20060441252601e-12,"PAPSS2"
"ENSG00000132517.15",55.5158073996782,-2.81315112617657,0.252487760464113,-11.1417326566862,3.45650852867312e-13,7.49437449431059e-12,"SLC52A1"
"ENSG00000287566.1",18.9508659746244,3.5386251374896,0.353514108268087,10.009855490141,3.45728140251941e-13,7.49437449431059e-12,"AL732437.3"
"ENSG00000172965.17",387.331197856305,2.17832859557599,0.164140016863111,13.2711610319418,3.51625867225733e-13,7.61542653617228e-12,"MIR4435-2HG"
"ENSG00000238178.7",57.7057896705433,4.22524402219847,0.44960650964851,9.39764868062442,3.65570428651645e-13,7.91038416405607e-12,"AC078993.1"
"ENSG00000147655.12",41.4672859152856,-3.51318674404629,0.350489515738421,-10.0236571603137,3.73608715285266e-13,8.07712791942345e-12,"RSPO2"
"ENSG00000170523.3",9.47885482643786,4.18927037808582,0.444865357979351,9.41693998632339,3.77547900823795e-13,8.15503465779396e-12,"KRT83"
"ENSG00000135333.14",130.869519504476,-3.4219762476459,0.337907625499115,-10.1269577524076,3.81705753957982e-13,8.23752204367580e-12,"EPHA7"
"ENSG00000213886.4",8.41613044796494,4.82397879632279,0.53419864797918,9.03030888335532,4.08281012398323e-13,8.79541542666601e-12,"UBD"
"ENSG00000249650.1",4.24440256157967,3.96062228087899,0.413587192607554,9.57626916807639,4.08122488188123e-13,8.79541542666601e-12,"AC106772.1"
"ENSG00000175084.12",8995.36100057065,-3.73489874006928,0.382085444923311,-9.77503537413972,4.09851199445095e-13,8.81417348466672e-12,"DES"
"ENSG00000239205.1",10.7695277298782,-3.90252783059514,0.405504953166222,-9.62387216265505,4.09877203196436e-13,8.81417348466672e-12,"LINC02023"
"ENSG00000137273.6",211.325361512403,-2.25062059929901,0.174742071219385,-12.8796722139879,4.12453109940616e-13,8.86172464328644e-12,"FOXF2"
"ENSG00000138600.10",2198.43912973828,-1.63467948541169,0.0886951488596967,-18.4303144695943,4.16111653914867e-13,8.93243214675907e-12,"SPPL2A"
"ENSG00000140323.6",193.517330292228,-2.34551126479974,0.188123419291484,-12.4679387267862,4.26742983020834e-13,9.15256353698699e-12,"DISP2"
"ENSG00000213816.3",9.37526691579649,5.57098609096347,0.639228966605094,8.71516527254802,4.31429048621555e-13,9.2449081847476e-12,"CNN2P4"
"ENSG00000168646.13",4620.22466226664,2.39605229625805,0.195261796373538,12.270973333024,4.35016750906121e-13,9.31357449076541e-12,"AXIN2"
"ENSG00000124143.10",9.71872565051046,4.56435362053046,0.498738020783202,9.15180601904533,4.4429755693589e-13,9.50390020558285e-12,"ARHGAP40"
"ENSG00000205361.8",6.62092687199388,-2.54739176159429,0.216795956424936,-11.7501811546762,4.7504879795502e-13,1.01527579510176e-11,"MT1DP"
"ENSG00000135437.10",52.9613136908894,-2.05044582598864,0.147183001612874,-13.9312679013151,4.76931706601263e-13,1.0184042592628e-11,"RDH5"
"ENSG00000233760.2",3.91887273255079,-3.12461833914641,0.297706008880877,-10.4956508969783,4.78226001400818e-13,1.02027145162773e-11,"AC004947.1"
"ENSG00000163191.6",14111.7833666801,1.87227382575662,0.122228921707151,15.3177644014761,4.79053294233795e-13,1.02113991665625e-11,"S100A11"
"ENSG00000152413.15",313.848366122356,2.09858120299191,0.153948718868716,13.6316899446337,4.80358687392154e-13,1.02302507481414e-11,"HOMER1"
"ENSG00000204876.4",669.535040801484,2.35835266308125,0.190365409539912,12.3885566646854,4.82174579651244e-13,1.02599319487962e-11,"AC021218.1"
"ENSG00000175161.14",15.7638230064566,-3.99679388706006,0.420138610937682,-9.51303637182941,4.91488705511671e-13,1.0448972479382e-11,"CADM2"
"ENSG00000196460.14",9.49192885694964,3.01138992195109,0.28199720058969,10.6787936747383,4.92240587726164e-13,1.04558096868407e-11,"RFX8"
"ENSG00000106483.12",1420.50723445761,3.17811122987325,0.305403459597445,10.4062712127176,4.94913340658884e-13,1.05034010288305e-11,"SFRP4"
"ENSG00000228222.1",2.2099116467848,-3.29350222806551,0.321765635327526,-10.2357177599561,5.09685899361791e-13,1.08074758765197e-11,"AC073050.1"
"ENSG00000185247.15",54.9868362199875,6.35915996924894,0.752274953025959,8.45323899681862,5.24431981532284e-13,1.11104595913117e-11,"MAGEA11"
"ENSG00000258116.1",4.43925942360281,3.67338839163483,0.375425513258279,9.78459977254576,5.35906792215961e-13,1.134367164708e-11,"PPIAP45"
"ENSG00000269667.2",6.41535975508315,-3.04759751499728,0.287624852808596,-10.5957377647937,5.43616817016247e-13,1.14968569656178e-11,"AC092723.1"
"ENSG00000164342.13",403.586446882869,-2.10043726937404,0.154599967445873,-13.5862723910949,5.47657993863816e-13,1.15722515225137e-11,"TLR3"
"ENSG00000241598.5",4.34855976392566,3.9917842916542,0.420486997021781,9.49324074210893,5.59377917445757e-13,1.18096293604969e-11,"KRTAP5-4"
"ENSG00000091127.14",1095.82870957768,1.66401532333371,0.0933661187284887,17.8224750690635,5.72066683569355e-13,1.20670316065411e-11,"PUS7"
"ENSG00000105929.16",7.83351499029177,4.54932501271086,0.499083541928075,9.11535771172851,5.73172713181129e-13,1.20798759152658e-11,"ATP6V0A4"
"ENSG00000225840.2",38.9700293172502,4.91719114714191,0.551261807608541,8.91988358212852,5.97862830281793e-13,1.25893126307171e-11,"AC010970.1"
"ENSG00000125398.8",8164.6419103702,1.84698048183244,0.1192080029134,15.493762471419,6.01334271827735e-13,1.26514483163757e-11,"SOX9"
"ENSG00000122585.8",5.7029965937206,-3.60018598350351,0.366009531272516,-9.83631757071091,6.05334080149371e-13,1.27245831726901e-11,"NPY"
"ENSG00000239223.3",30.0106819434915,4.09187430845614,0.435499443676118,9.39581982910472,6.25566881688703e-13,1.31385265557783e-11,"RPL34P31"
"ENSG00000135447.17",45.7505356943164,-3.4247474809936,0.34154647293804,-10.0271785901735,6.2686406810015e-13,1.31544014290446e-11,"PPP1R1A"
"ENSG00000286540.1",8.15984288808919,4.70839404830928,0.522399147312675,9.01302016385401,6.29337290101689e-13,1.31949060823736e-11,"AL096854.1"
"ENSG00000135709.12",618.684159152034,-2.01723777471863,0.14335959795141,-14.0711734934018,6.43457017142701e-13,1.34793151004893e-11,"KIAA0513"
"ENSG00000214691.9",7.62847163559456,5.42563143038988,0.623759477232039,8.69827494159507,6.46323173883082e-13,1.35276943370878e-11,"LINC01913"
"ENSG00000231764.10",48.2771084079947,4.21116269181561,0.452674222646543,9.30285508018371,6.52577837036357e-13,1.3646851497404e-11,"DLX6-AS1"
"ENSG00000106809.11",217.647547954308,-3.69640019630324,0.380200043726345,-9.72225084477838,6.6066764739275e-13,1.38041477486189e-11,"OGN"
"ENSG00000156113.24",682.599989282946,-2.83453403226884,0.258795673894756,-10.9527875393371,6.76715489527573e-13,1.41273078999313e-11,"KCNMA1"
"ENSG00000227088.2",4.57090021690506,4.98893881527936,0.562770515891809,8.8649612486779,6.80133009694576e-13,1.41864653524276e-11,"AC012494.1"
"ENSG00000114346.14",2971.68070226461,1.83632503485354,0.118125249146531,15.5455759722939,7.20848446646556e-13,1.50228278332001e-11,"ECT2"
"ENSG00000110092.4",6563.97625505188,1.71922253912216,0.101640106810299,16.9148045301735,7.40972386931968e-13,1.54289880055243e-11,"CCND1"
"ENSG00000162892.16",59.8784151780719,3.45688622765697,0.347299209962226,9.95362537114022,7.51221196544024e-13,1.56290026335786e-11,"IL24"
"ENSG00000197321.15",2647.57701039889,-1.95095291480369,0.134452647964787,-14.5103346370288,7.59344898655972e-13,1.57845004596579e-11,"SVIL"
"ENSG00000263961.8",13.8489800377436,-2.80095142777729,0.254660362791527,-10.9987726282721,7.63726018489573e-13,1.58532513371333e-11,"RHEX"
"ENSG00000267476.1",7.73947605514564,5.17163516845855,0.589886219869424,8.76717406553985,7.63957091184491e-13,1.58532513371333e-11,"AC104365.1"
"ENSG00000255717.7",1557.78745137402,1.78971386314853,0.111685532667929,16.0245809855233,7.6982759347735e-13,1.59614424244877e-11,"SNHG1"
"ENSG00000180660.8",6.80912300773756,-3.22808079269071,0.315236626892803,-10.2401831427679,7.86122665640965e-13,1.62854056053499e-11,"MAB21L1"
"ENSG00000122584.13",4.08025001339544,4.56619863372931,0.504718320807124,9.04702374668554,7.98923163297466e-13,1.65364845554757e-11,"NXPH1"
"ENSG00000151892.15",164.821209833684,-2.89474209015362,0.268230244100989,-10.792004830983,8.09673482157523e-13,1.67447366948322e-11,"GFRA1"
"ENSG00000167968.13",38.810627884836,2.53379031499688,0.217151951664402,11.6682824887189,8.134848542661e-13,1.68092533662128e-11,"DNASE1L2"
"ENSG00000189410.12",15.7511143046961,3.20777586302474,0.312822512133838,10.2542999259987,8.47020080223346e-13,1.7487330458307e-11,"SH2D5"
"ENSG00000122861.16",1903.90611886486,2.18734740380977,0.168251651589352,13.0004513070004,8.50841853945978e-13,1.75513217749467e-11,"PLAU"
"ENSG00000228033.6",2.46863265595429,4.23705635440758,0.459134992834704,9.22834552044912,8.92425952948194e-13,1.83935120073292e-11,"AC010967.1"
"ENSG00000257191.1",12.6283657759542,3.92582108088481,0.415184995509691,9.4555947911012,9.13885224331667e-13,1.8819839789203e-11,"AC090709.1"
"ENSG00000064787.13",1819.80329063524,-2.5498381615212,0.219970088903582,-11.5917494702603,9.22810713304745e-13,1.89875532034761e-11,"BCAS1"
"ENSG00000151650.8",131.746520069926,3.53772288586434,0.360266205986169,9.81974669586453,9.33846809805215e-13,1.91983735010717e-11,"VENTX"
"ENSG00000161533.12",3810.35717185385,-1.67051152428507,0.0951956267550034,-17.5481960803128,9.37270312257252e-13,1.92524671072284e-11,"ACOX1"
"ENSG00000250337.7",50.0228608534422,4.43289800461245,0.487522233374687,9.09270942153222,9.50763302171701e-13,1.9513131961801e-11,"PURPL"
"ENSG00000088726.16",8.39125917521409,3.91322993107013,0.413776008119901,9.45736305217626,9.57092647985887e-13,1.96264568321157e-11,"TMEM40"
"ENSG00000140481.15",18.5501032104176,3.25830141149718,0.320789837830216,10.157121664252,9.62469743418985e-13,1.9720079903104e-11,"CCDC33"
"ENSG00000287401.1",10.2079330821083,-2.18339821272842,0.168143687761023,-12.9853117997008,9.74971194376384e-13,1.99593934484803e-11,"AC034139.1"
"ENSG00000218358.2",8.79637298155775,2.988108802145,0.282570215625733,10.5747479277957,9.90572583405545e-13,2.02617119332952e-11,"RAET1K"
"ENSG00000268941.2",5.18505221649051,3.54690841301277,0.362304558192658,9.78985312993682,1.03456165333718e-12,2.11436906443175e-11,"LINC01711"
"ENSG00000180616.9",47.4209899326271,-2.36445142917308,0.194165648840275,-12.1774960879827,1.05318484314308e-12,2.15062115028376e-11,"SSTR2"
"ENSG00000102265.12",9912.94670503728,2.00927144763273,0.143653250067898,13.9869543270552,1.06461685870845e-12,2.17214019031194e-11,"TIMP1"
"ENSG00000134538.3",5.62082117458723,5.07309517289287,0.579859917088327,8.74882885226244,1.07590772952501e-12,2.19333538820953e-11,"SLCO1B1"
"ENSG00000147576.17",8.18301784565181,-2.38705581214795,0.197544344134081,-12.0836454347069,1.09756568087562e-12,2.23561157127222e-11,"ADHFE1"
"ENSG00000145681.11",105.403228396792,-2.40583385888297,0.200244986485684,-12.0144524020578,1.10482800165042e-12,2.24851929984131e-11,"HAPLN1"
"ENSG00000177508.12",46.9995652633141,3.49219078391809,0.355089678508574,9.8346727468559,1.12145218823072e-12,2.28044252502147e-11,"IRX3"
"ENSG00000134812.8",75.0850774258837,3.64032062086666,0.376595347431332,9.66639828584298,1.18286475549818e-12,2.403312170452e-11,"CBLIF"
"ENSG00000282890.1",23.0749520557288,4.47384789786668,0.495608115358318,9.02698676479933,1.19787899119649e-12,2.43178441821843e-11,"AC009975.1"
"ENSG00000196917.6",73.3998690221967,3.55873881834655,0.365157744428454,9.74575747781744,1.21554287232364e-12,2.46558362249285e-11,"HCAR1"
"ENSG00000174403.16",15.9762767829833,-3.31307679839429,0.33011519777211,-10.0361232101814,1.218476024638e-12,2.46947184309453e-11,"MIR1-1HG-AS1"
"ENSG00000181061.14",2061.2350759899,-1.78742538680836,0.112400655454454,-15.9022683593926,1.23032376225467e-12,2.4914056185657e-11,"HIGD1A"
"ENSG00000224080.1",19.7387379645531,-1.89879002615382,0.128331463158881,-14.7959820562711,1.24679787827707e-12,2.52266348394112e-11,"UBE2FP1"
"ENSG00000197061.5",27.253557623348,4.45882198607893,0.494031053194253,9.02538809503888,1.26868088324857e-12,2.56480411505327e-11,"H4C3"
"ENSG00000171714.12",74.5304011405346,-3.14273281538709,0.306069888725973,-10.2680235173373,1.27256263511686e-12,2.57051305347795e-11,"ANO5"
"ENSG00000271447.6",437.039992670999,-2.63142786997948,0.233179316092371,-11.2849969460288,1.31262918425902e-12,2.64924328716729e-11,"MMP28"
"ENSG00000064218.5",7.75837959199808,4.27671844475394,0.468450351140104,9.12950205789228,1.32814896501914e-12,2.67834189626266e-11,"DMRT3"
"ENSG00000225187.1",9.22950035272697,3.18019311508371,0.311727444157743,10.2018387366447,1.33666297898849e-12,2.69327615169322e-11,"AC073283.1"
"ENSG00000111012.10",138.273101271379,1.90997030070885,0.130136802126314,14.6766346606165,1.35098785813865e-12,2.71763286032857e-11,"CYP27B1"
"ENSG00000235934.2",3.15097083722738,4.28499242184397,0.469791866265246,9.12104429544263,1.35071011526598e-12,2.71763286032857e-11,"AC007405.2"
"ENSG00000182492.16",8435.54719411873,2.48161729217262,0.211972525533973,11.7072591644661,1.37770072718673e-12,2.76907590327854e-11,"BGN"
"ENSG00000124253.11",2346.52235734685,-2.84277293322142,0.263696034893153,-10.7804917672474,1.39171369280046e-12,2.79492915165712e-11,"PCK1"
"ENSG00000265554.2",8.07187962139875,4.31506723493996,0.474812860011036,9.08793252743758,1.45669813274748e-12,2.92301937454697e-11,"AP005271.1"
"ENSG00000170703.15",85.5597646293739,-2.3857419463261,0.19849743569904,-12.0190063812378,1.46378496335674e-12,2.93481638692812e-11,"TTLL6"
"ENSG00000238279.1",74.998735486804,2.38081004155286,0.197846203847195,12.0336402481175,1.48423114161269e-12,2.97335669754232e-11,"BX470102.1"
"ENSG00000127418.15",3057.42656685547,2.32791734327325,0.190302837725725,12.2326990553256,1.49794629514554e-12,2.99836037660927e-11,"FGFRL1"
"ENSG00000155265.11",288.133666669406,2.44066126340645,0.20648227827343,11.8201972770489,1.5059619525376e-12,3.0119239050752e-11,"GOLGA7B"
"ENSG00000285108.1",12.3664263292165,3.35471646736419,0.337554096054122,9.93830768632209,1.5204640448178e-12,3.03842732640399e-11,"AC103718.1"
"ENSG00000244342.5",4.6619263518686,4.11769482266284,0.447202856695771,9.20766663497429,1.56739548379206e-12,3.12963929795785e-11,"LINC00698"
"ENSG00000143603.19",149.757204839973,-2.22882924931057,0.176380327279415,-12.6364957117907,1.61966811658455e-12,3.23135757249627e-11,"KCNN3"
"ENSG00000259319.1",24.1250393446597,-1.8192930604326,0.117671382474439,-15.4607944784518,1.67082188594749e-12,3.33067857494044e-11,"AF111167.2"
"ENSG00000175600.16",108.185046490244,-2.19256368288727,0.171299074330119,-12.7996236492316,1.67880150404371e-12,3.34384234002149e-11,"SUGCT"
"ENSG00000276023.5",519.108271872012,1.73014021167473,0.104893555766598,16.49424694425,1.69205562480446e-12,3.36748171029881e-11,"DUSP14"
"ENSG00000180176.15",41.8603023399223,3.20515636834424,0.316822537333989,10.1165668178631,1.69864004532347e-12,3.37781940272998e-11,"TH"
"ENSG00000169933.16",7.17140840928571,-4.13691144199892,0.450767436609411,-9.17748511985692,1.71292013915102e-12,3.40343085702125e-11,"FRMPD4"
"ENSG00000081051.8",14.5639251078858,4.23290898079777,0.464572903093091,9.1113987764146,1.7148928153419e-12,3.40456661869347e-11,"AFP"
"ENSG00000167757.14",398.73468404837,3.28400749630659,0.328541652151946,9.99571127373458,1.80126387331914e-12,3.5731193568698e-11,"KLK11"
"ENSG00000125872.8",13.7456312743458,3.04504450972521,0.294319925295876,10.3460358882059,1.84761970834181e-12,3.66208474002495e-11,"LRRN4"
"ENSG00000213760.11",9.70003228771891,-2.24245339974405,0.178830457348675,-12.5395496549664,1.85696017238605e-12,3.67759838541002e-11,"ATP6V1G2"
"ENSG00000092421.17",995.3484455288,-2.37895533463154,0.198491621740474,-11.9851675036542,1.86341294544398e-12,3.68737252233621e-11,"SEMA6A"
"ENSG00000141391.14",114.960902782231,1.89210459455907,0.128424103217143,14.7332513691751,1.87162201332963e-12,3.70060332985436e-11,"PRELID3A"
"ENSG00000163993.7",8298.63728845417,2.43184294996468,0.206217703536489,11.7926002872706,1.9144630749391e-12,3.78223192853823e-11,"S100P"
"ENSG00000250290.1",4.03956029187183,4.03576360704694,0.437347720746038,9.22781442684243,1.94248095671155e-12,3.83446687636804e-11,"NCAPGP1"
"ENSG00000141570.11",530.136674843094,1.67020244696883,0.0965564764577759,17.2976739442145,1.94610722851186e-12,3.83850695234075e-11,"CBX8"
"ENSG00000259459.6",50.3777592142568,-2.91021662835424,0.275320559400741,-10.5702844520168,1.9862731253568e-12,3.91455287479078e-11,"LINC02568"
"ENSG00000162373.13",23.6020583271679,-2.40694088463967,0.202787774495289,-11.8692603172465,1.98849680432759e-12,3.91575950933229e-11,"BEND5"
"ENSG00000204136.11",87.3758088068961,-2.34612840254875,0.194057138033612,-12.0898845892615,2.00592808341676e-12,3.94688683619654e-11,"GGTA1"
"ENSG00000128383.13",38.9133542309301,-2.78241218310086,0.257033693694032,-10.825087338211,2.03762712713117e-12,4.00277600560125e-11,"APOBEC3A"
"ENSG00000260230.5",15.5017570347554,-3.29718529201423,0.331264736596041,-9.95332411742627,2.03699781265853e-12,4.00277600560125e-11,"FRRS1L"
"ENSG00000260577.2",8.73658174313582,2.45711753677094,0.210286088723537,11.6846413934747,2.11591004346659e-12,4.15319984299178e-11,"AC126773.4"
"ENSG00000137441.8",9.1789722118702,-2.80105125232167,0.259980298591556,-10.7740904503009,2.13951723104617e-12,4.19614759599855e-11,"FGFBP2"
"ENSG00000076258.10",128.653277543032,-1.86268026674843,0.124565781435603,-14.9533864379231,2.17219814940006e-12,4.25680766374367e-11,"FMO4"
"ENSG00000115665.9",7.37917052129126,-4.0638356418648,0.442423738424363,-9.18539239403756,2.17809445901597e-12,4.26492307446318e-11,"SLC5A7"
"ENSG00000160307.10",114.696291843943,-2.3667402943833,0.197388904775656,-11.9902397608074,2.19379689380395e-12,4.29221131396424e-11,"S100B"
"ENSG00000187239.17",1292.49777029266,-1.9059742742519,0.130867138047398,-14.5641931403863,2.21314753326267e-12,4.32658769575889e-11,"FNBP1"
"ENSG00000169862.19",12.662626038408,-3.20281594365376,0.318818338289826,-10.0458962330523,2.43501815083231e-12,4.7565065164972e-11,"CTNND2"
"ENSG00000174450.12",5.93049510187091,5.25884284323176,0.616604599967848,8.52871166304301,2.47632640597212e-12,4.83331178033113e-11,"GOLGA6L2"
"ENSG00000109846.9",468.024693338649,-2.44835690409604,0.209707826813108,-11.675085957941,2.48296714521792e-12,4.8423837583303e-11,"CRYAB"
"ENSG00000066629.18",331.341899580751,-2.22939490065423,0.178036870527801,-12.5220966536036,2.50517956640136e-12,4.88178536195294e-11,"EML1"
"ENSG00000034971.17",23.2427227906428,-4.86919301952594,0.560574268405414,-8.68608013952664,2.56025047500063e-12,4.98510308834257e-11,"MYOC"
"ENSG00000120068.7",1282.35982087169,2.71604441240798,0.248667147880777,10.9224094761009,2.58244044379598e-12,5.02428364965912e-11,"HOXB8"
"ENSG00000235277.1",12.8350205394309,4.64571934046406,0.528585481186315,8.78896508855594,2.65330248852447e-12,5.15802003769156e-11,"AF127577.3"
"ENSG00000236347.1",5.79429205263765,3.37201425559332,0.344065196256115,9.80050959029073,2.71065524914608e-12,5.2653015630895e-11,"AL513123.1"
"ENSG00000180869.4",29.3087530275313,2.860057910958,0.269860451361851,10.598284767274,2.73782014445102e-12,5.31382024841532e-11,"LINC01555"
"ENSG00000227210.2",11.2220598965157,2.81824010812514,0.263851697902739,10.6811520658245,2.76726923947441e-12,5.3666913423167e-11,"AC079145.1"
"ENSG00000172020.13",40.1160963252948,-3.13389610455871,0.310061865459094,-10.1073251943399,2.94753806068392e-12,5.71173643338271e-11,"GAP43"
"ENSG00000092009.10",12.9104435731189,-3.71456680722539,0.394684010382164,-9.41149554963896,3.03870335547271e-12,5.88370450501887e-11,"CMA1"
"ENSG00000175906.5",106.310255624279,-2.25979945751171,0.183187022721116,-12.3360237201521,3.0536957056548e-12,5.90802592734169e-11,"ARL4D"
"ENSG00000270460.1",15.9195757818091,2.42285191437474,0.206913874225835,11.709470539082,3.06614641666408e-12,5.92739522075872e-11,"AC106900.1"
"ENSG00000058668.15",2460.52875096758,-2.12553217377846,0.163872267225,-12.9706643459083,3.24742367824196e-12,6.27284541981556e-11,"ATP2B4"
"ENSG00000101057.16",3776.59403416873,2.05785434064942,0.154147532301346,13.3499012921367,3.38069042228926e-12,6.52508159345743e-11,"MYBL2"
"ENSG00000175894.18",46.8477990293417,3.11854306139684,0.30874302241314,10.1007726005345,3.39912546645507e-12,6.55545625673478e-11,"TSPEAR"
"ENSG00000163497.3",12.6242781306467,-3.90221849596768,0.423079473324861,-9.2233699387523,3.44911056236812e-12,6.6465810202653e-11,"FEV"
"ENSG00000100448.4",50.753489174272,-3.29560777885957,0.334738609038742,-9.84531718143737,3.49372444998748e-12,6.72721902810585e-11,"CTSG"
"ENSG00000196196.3",293.31958391611,-2.5576783297442,0.227190563081004,-11.2578546179855,3.53425116525463e-12,6.7998656623664e-11,"HRCT1"
"ENSG00000141682.12",485.798386395997,2.09090518958266,0.159154167750412,13.1376087672529,3.58080129593029e-12,6.88397717492928e-11,"PMAIP1"
"ENSG00000138722.10",175.432470714712,-3.02846935452451,0.295962828646611,-10.2326003855727,3.59573812743529e-12,6.90722818155554e-11,"MMRN1"
"ENSG00000142973.14",17.8219274964519,-2.87853006272908,0.274282351418609,-10.4947695243282,3.72122096833922e-12,7.1426279250113e-11,"CYP4B1"
"ENSG00000133878.9",13.7679487260446,-2.79694547971174,0.262630879529124,-10.6497205687558,3.90215971449278e-12,7.48401586915348e-11,"DUSP26"
"ENSG00000101194.18",1763.78669335093,2.37505188621534,0.201179725234463,11.8056224773513,4.10189180593172e-12,7.86088098455368e-11,"SLC17A9"
"ENSG00000154920.15",117.522814934749,1.8104657288644,0.118646947428049,15.2592693542522,4.21910381100544e-12,8.07913495724446e-11,"EME1"
"ENSG00000266401.2",8.35235608397931,3.97147590029438,0.435252227341939,9.12453894733167,4.33481405796855e-12,8.29417178020754e-11,"AP002478.1"
"ENSG00000105696.9",23.7287679292478,-2.94074947526029,0.284368273505441,-10.3413416658944,4.40316229132898e-12,8.41831972299719e-11,"TMEM59L"
"ENSG00000101680.15",151.352629069108,-2.51043029242389,0.221328923016136,-11.3425315508397,4.4156237730243e-12,8.4355076795983e-11,"LAMA1"
"ENSG00000203805.11",94.3671106123186,2.878043336777,0.275333241409407,10.4529453909907,4.52098467356796e-12,8.63000216556963e-11,"PLPP4"
"ENSG00000072163.20",855.47821718814,-2.42952755904428,0.20960189131036,-11.5911528462634,4.54558089857295e-12,8.67014253024511e-11,"LIMS2"
"ENSG00000184908.18",5.18619492209353,-2.97331736962435,0.289639837217058,-10.2655677416229,4.77907412009657e-12,9.10835302888993e-11,"CLCNKB"
"ENSG00000112186.12",181.483045736907,-2.16229363931052,0.170645034965073,-12.6712953573662,4.84015180935386e-12,9.21753048333062e-11,"CAP2"
"ENSG00000256540.1",10.2870011031539,2.57122795554769,0.230816790787742,11.1396919902252,4.9740453306556e-12,9.46509800586775e-11,"AC007406.3"
"ENSG00000256817.1",16.0400490572622,4.36730084417474,0.494980679365001,8.82317437071979,5.12692281131093e-12,9.74837435953487e-11,"TPT1P12"
"ENSG00000141527.18",139.145770609921,2.18752578516899,0.174578883538206,12.5303000044118,5.15058443441806e-12,9.78570772137286e-11,"CARD14"
"ENSG00000121743.4",23.7182336319528,3.31332609422946,0.340265968714827,9.73745951363806,5.28269314684794e-12,1.00288627709691e-10,"GJA3"
"ENSG00000172935.9",283.215987691911,-2.46898001772846,0.216199644267337,-11.4199078638423,5.43243019895798e-12,1.02970400807082e-10,"MRGPRF"
"ENSG00000224167.2",6.48766567234153,3.32572836385129,0.342292827176147,9.71603288122611,5.43226646135896e-12,1.02970400807082e-10,"LINC01357"
"ENSG00000282608.2",46.9566592806831,-2.26532991421754,0.186263795833361,-12.1619443224716,5.48310796653715e-12,1.0384997941298e-10,"ADORA3"
"ENSG00000207445.1",21.417411531495,3.77705906146542,0.409023610224883,9.23433016345627,5.62678418607133e-12,1.06488205390602e-10,"SNORD15B"
"ENSG00000276043.5",859.496600180465,1.89530030746876,0.131948953659506,14.3638903902154,5.79620892075458e-12,1.09609242625943e-10,"UHRF1"
"ENSG00000240668.1",404.945620846162,3.85334891584009,0.420550407779583,9.16263269410428,5.81251457586521e-12,1.09832118346442e-10,"KRT8P36"
"ENSG00000074410.14",5291.73869908419,-2.30129395959793,0.19191988055411,-11.9909097116653,5.99209352262722e-12,1.13137430147507e-10,"CA12"
"ENSG00000213082.3",11.2981597080748,3.62144155120527,0.386719622088846,9.364514610467,6.0647020302106e-12,1.1441945600475e-10,"PPP1R14BP2"
"ENSG00000077943.8",168.474889543504,-2.03456655030847,0.152653473011307,-13.3280069570233,6.12540786734809e-12,1.15475105645119e-10,"ITGA8"
"ENSG00000189001.11",8.04101159797764,3.92216976802223,0.431247878717713,9.09493115579964,6.17405156805351e-12,1.16301901630775e-10,"SBSN"
"ENSG00000233839.1",12.526443023271,4.19043635051393,0.471121373134521,8.89460039274725,6.35048223033353e-12,1.19532701934241e-10,"AL357055.1"
"ENSG00000280997.1",5.80744989801084,4.27945835538466,0.484510401160485,8.83254176821515,6.50160862242718e-12,1.22282577031719e-10,"CCAT2"
"ENSG00000254827.6",218.290946165771,-2.09338073078156,0.161584249072456,-12.9553514206875,6.59085725162938e-12,1.23865298696515e-10,"SLC22A18AS"
"ENSG00000186377.8",359.167676146188,2.89977981684368,0.280782310056676,10.3275018154041,6.61848499794107e-12,1.24288396792866e-10,"CYP4X1"
"ENSG00000139618.16",601.567939186148,2.06802202059346,0.157891602067143,13.09773283391,6.69897701085068e-12,1.25702811863839e-10,"BRCA2"
"ENSG00000228566.2",5.9691540607072,3.62012787681782,0.3873604530858,9.3456310472044,6.70904945052879e-12,1.25794677197415e-10,"AC013287.1"
"ENSG00000148357.16",630.147769551872,-2.47529348963106,0.218114292249895,-11.3486074850845,6.71836905674952e-12,1.25872296128769e-10,"HMCN2"
"ENSG00000127325.19",16.0548315378311,3.89637182323043,0.42827790403121,9.09776522803401,6.76597237989279e-12,1.26568998330558e-10,"BEST3"
"ENSG00000243297.2",18.023124935461,4.09053390472099,0.456982319627755,8.95118635673481,6.76199462959329e-12,1.26568998330558e-10,"RPL31P61"
"ENSG00000072195.15",293.799818408425,-2.90324487886248,0.281452659828066,-10.3152156410105,6.79464462678743e-12,1.27007588023796e-10,"SPEG"
"ENSG00000121207.12",9.96841683283262,-3.4052053192724,0.355693111731625,-9.57343622060826,6.80386285966519e-12,1.27082142574838e-10,"LRAT"
"ENSG00000231246.2",36.8294450327473,-2.50712520062174,0.222885065904923,-11.2485113816069,6.80996477701446e-12,1.27098420953496e-10,"LINC02884"
"ENSG00000271952.2",4.03191173783946,-3.07791526065269,0.307550891393342,-10.0078242228737,7.07655168865121e-12,1.31972529573465e-10,"LINC01954"
"ENSG00000173320.12",40.4213077991075,-2.43498603751779,0.21258954775705,-11.4539311231826,7.390678540827e-12,1.3772506790038e-10,"STOX2"
"ENSG00000131781.13",698.47733913948,-2.11223954500242,0.164781550215175,-12.8184225858066,7.40337185718288e-12,1.3785588975444e-10,"FMO5"
"ENSG00000166415.15",581.429075590397,3.01143478158127,0.298026163215671,10.1045987006248,7.43371180795395e-12,1.38314852169434e-10,"WDR72"
"ENSG00000184144.12",21.6512955978097,-3.38525568395211,0.353429597707426,-9.57830273953024,7.44928449886908e-12,1.38498556482417e-10,"CNTN2"
"ENSG00000214575.9",13.4331815264005,-2.84506682175928,0.273636690731326,-10.3972417374129,7.77023351147949e-12,1.44355255603174e-10,"CPEB1"
"ENSG00000213867.4",15.5107724254791,4.27648395295262,0.485975830868049,8.79978731722928,7.80719316409711e-12,1.44931087767425e-10,"AL049830.1"
"ENSG00000164690.8",902.779082462045,2.12294830126382,0.166576261562803,12.7446028704602,7.84627225182941e-12,1.45545355511034e-10,"SHH"
"ENSG00000205899.4",6.56261448640186,5.05512271877056,0.601599719880361,8.40280098497363,7.8885316693041e-12,1.46217635060328e-10,"BHLHA9"
"ENSG00000088899.15",1315.6984141332,2.1454404412694,0.16994735769933,12.6241470906838,7.9208549847075e-12,1.46704859853958e-10,"LZTS3"
"ENSG00000182352.8",76.5958536976611,3.91262188673767,0.432346954017323,9.04972696206598,8.09732420133474e-12,1.49859084609622e-10,"C17orf77"
"ENSG00000163518.11",7.06661618297236,-3.12631034799395,0.315685232655956,-9.90325179829081,8.16614040148549e-12,1.51017664958978e-10,"FCRL4"
"ENSG00000287591.1",11.0185014910333,5.47217067667813,0.6645981022761,8.23380424641173,8.53370372964538e-12,1.57695057513599e-10,"AL360169.3"
"ENSG00000236345.1",15.7699815720028,2.95710843119431,0.290931346240081,10.1642826371623,8.6571249793788e-12,1.59854207445976e-10,"SCAT8"
"ENSG00000135423.13",12.852188236551,2.47581909419102,0.21960440592272,11.2739955457099,9.06425162287291e-12,1.67244733816106e-10,"GLS2"
"ENSG00000165891.16",283.258212707501,1.89504866250846,0.133343538375345,14.2117772304357,9.57565190372353e-12,1.76546541168803e-10,"E2F7"
"ENSG00000118526.7",98.1038723826074,-2.17433775760858,0.175051511877377,-12.4211309819003,9.8299538260268e-12,1.8109770884947e-10,"TCF21"
"ENSG00000129244.9",34.6724387008188,-2.37209908451497,0.204652285643592,-11.5908751131471,1.01022088638646e-11,1.85972481357507e-10,"ATP1B2"
"ENSG00000249001.5",4.71101213132791,4.80309709221688,0.567259624987857,8.46719364580141,1.01164601465735e-11,1.86093854323797e-10,"AC093895.1"
"ENSG00000223573.7",60.5286605405933,-2.90196696094916,0.28375350174262,-10.2270701264557,1.02172460595098e-11,1.87805657523516e-10,"TINCR"
"ENSG00000147081.15",4.1024297452352,4.5402579119951,0.528443733272536,8.59175277541524,1.04635847906432e-11,1.92188292073038e-10,"AKAP4"
"ENSG00000205683.11",72.6521676924063,-2.35137952052019,0.201787143827293,-11.6527717074617,1.06331087998928e-11,1.95154489303168e-10,"DPF3"
"ENSG00000152580.8",54.9315241954847,-2.76427873655658,0.263645935340422,-10.4848145410902,1.10184248704692e-11,2.01928114547049e-10,"IGSF10"
"ENSG00000203635.2",9.05493754469889,4.03168770098552,0.453042202174127,8.89914379198594,1.10187934110859e-11,2.01928114547049e-10,"AC144450.1"
"ENSG00000236311.6",12.224496382024,3.09043069395618,0.312436861481281,9.89137670665449,1.11029993613906e-11,2.03317923497959e-10,"TLX1NB"
"ENSG00000254211.6",19.5157517031846,3.38061692166431,0.355931708308624,9.49793694337851,1.1280475900498e-11,2.06412322576884e-10,"LINC01485"
"ENSG00000197696.10",239.353203067221,1.95663700477702,0.143189994615758,13.6646209815675,1.18745451556894e-11,2.17119222936985e-10,"NMB"
"ENSG00000244998.1",3.59780486452425,3.69790063692755,0.403886333791266,9.15579539969944,1.19592439617997e-11,2.18503479903559e-10,"AC100803.2"
"ENSG00000133083.15",91.0197421965093,-2.7011007829724,0.254715676817024,-10.6043758936469,1.20757878993084e-11,2.20467051805555e-10,"DCLK1"
"ENSG00000225210.10",9.19448625648503,3.78499450435856,0.417106736558659,9.07440271904183,1.21995676090719e-11,2.2255967935469e-10,"DUXAP9"
"ENSG00000215148.11",9.31922095235859,3.6082688400553,0.391042772226109,9.22729966216824,1.27871519108334e-11,2.33104119604841e-10,"PRSS41"
"ENSG00000158458.21",9.3339356740176,-2.75894243277502,0.263806799428898,-10.4581930365241,1.30063137270252e-11,2.36921606871599e-10,"NRG2"
"ENSG00000287115.1",2.43264473413925,-2.42503077148078,0.21388155672118,-11.3381948806465,1.34411961349496e-11,2.44659974591218e-10,"AC009951.6"
"ENSG00000131730.16",530.377568995965,3.40657807515498,0.361228682457566,9.43053041076038,1.34878407257947e-11,2.4532524673414e-10,"CKMT2"
"ENSG00000198121.13",365.070515777328,-2.13835157158591,0.170933257917475,-12.5098626074177,1.37262616860466e-11,2.49475062805485e-10,"LPAR1"
"ENSG00000176402.6",19.1120988933903,2.62783471128426,0.244498156079835,10.7478712863021,1.3892077572594e-11,2.52300063538143e-10,"GJC3"
"ENSG00000241935.9",19.8561300763386,2.9573115306044,0.294216045075137,10.0514964431976,1.43947194897358e-11,2.61233520239417e-10,"HOGA1"
"ENSG00000127241.18",190.054590438719,-3.19568403631171,0.330138790177894,-9.67981991631377,1.45761175694905e-11,2.64328102193e-10,"MASP1"
"ENSG00000240654.6",4.1556052380718,-2.6027369629046,0.241015754109574,-10.7990325052416,1.46620070223241e-11,2.65687375572316e-10,"C1QTNF9"
"ENSG00000125775.15",1939.95227978798,-2.25601378384061,0.188920055830616,-11.9416319983693,1.48160422899982e-11,2.68278560094602e-10,"SDCBP2"
"ENSG00000205702.11",73.6321902704808,2.38854368711749,0.208894956445801,11.4341855244227,1.49471587042713e-11,2.70451196212802e-10,"CYP2D7"
"ENSG00000233828.5",12.2940205957481,3.19173260141137,0.329773782834347,9.67855168467,1.50408965717362e-11,2.71944781765766e-10,"MIR4280HG"
"ENSG00000228462.1",13.7947966429547,3.63943896656083,0.397242403327182,9.16175850331685,1.52223352156173e-11,2.74900639187281e-10,"RPS19P7"
"ENSG00000277840.1",12.6415773784983,2.94070761450095,0.29208351123638,10.0680370557483,1.52270065986041e-11,2.74900639187281e-10,"AC026368.1"
"ENSG00000134668.12",94.1298908810087,2.38782236120983,0.208907411831571,11.4300509506814,1.53429348720467e-11,2.76787911945609e-10,"SPOCD1"
"ENSG00000139269.3",11.3296411471079,2.88549986456502,0.284026919092679,10.1592478409537,1.58494258187768e-11,2.85712943172312e-10,"INHBE"
"ENSG00000100253.13",13.8374004561991,3.4580882996077,0.37042901608848,9.33536021590087,1.61387093686131e-11,2.90712110939436e-10,"MIOX"
"ENSG00000169313.10",14.230136026573,-2.73368575764347,0.261279095510632,-10.4627036935384,1.61835172140307e-11,2.91303309852552e-10,"P2RY12"
"ENSG00000118308.15",127.166058207169,-2.39887956683465,0.210832824225443,-11.3781123771768,1.62231557092993e-11,2.91800654134696e-10,"IRAG2"
"ENSG00000109265.14",483.692724899091,-2.15723575876307,0.174469464011602,-12.3645462601961,1.64594986514098e-11,2.95832705051226e-10,"CRACD"
"ENSG00000210144.1",460.982299899485,3.69201310498394,0.405877565626986,9.09637146187335,1.64941111008884e-11,2.96235698264293e-10,"MT-TY"
"ENSG00000185105.5",65.5880248687021,2.97351474963209,0.297720144143353,9.98761692188464,1.69261661883901e-11,3.0377092937805e-10,"MYADML2"
"ENSG00000179148.10",10.8866819340364,3.32417594162532,0.350665462816409,9.47962173099919,1.70246944846429e-11,3.05313709207987e-10,"ALOXE3"
"ENSG00000132031.13",77.3011440779204,2.66728847881978,0.251586693445214,10.6018662684186,1.71180683775634e-11,3.06761844819166e-10,"MATN3"
"ENSG00000128040.11",11.7911059835631,-3.02729005772746,0.305981773456856,-9.89369407048786,1.73007438116275e-11,3.09806982035776e-10,"SPINK2"
"ENSG00000233999.3",17.6034331172439,-3.29860204320968,0.347057690308837,-9.5044775993131,1.75856852732969e-11,3.14677578896254e-10,"IGKV3OR2-268"
"ENSG00000239571.1",14.4118056568675,-3.67023910517113,0.403209983711397,-9.10255016849522,1.76643385841893e-11,3.15852411770272e-10,"IGKV2D-30"
"ENSG00000088256.9",3763.32342953098,-1.71596637495554,0.108117073231497,-15.8713727967956,1.77017974840019e-11,3.16289469750916e-10,"GNA11"
"ENSG00000092051.17",15.8920423625526,-2.54882219952248,0.234070988985349,-10.8890991171999,1.83415993749375e-11,3.27480429692124e-10,"JPH4"
"ENSG00000186185.14",778.041955321171,1.76259222170177,0.115322189280298,15.2840683367333,1.88673319427391e-11,3.36619798978384e-10,"KIF18B"
"ENSG00000092758.18",817.170810780696,2.97238777966371,0.29834835068291,9.96280949051672,1.90836711716672e-11,3.40229794183062e-10,"COL9A3"
"ENSG00000287750.1",16.199914813981,-2.49286372572283,0.225929500390739,-11.0338124123299,1.95230373718485e-11,3.47807777225746e-10,"AL353572.4"
"ENSG00000234997.2",5.78227241929151,3.51074601857352,0.380039309558439,9.23784969152953,1.9669909684241e-11,3.50167622950224e-10,"AC016745.1"
"ENSG00000100626.17",52.1378660990377,-2.66155168607697,0.251732914675903,-10.5729188791367,2.04949388191317e-11,3.64587857470644e-10,"GALNT16"
"ENSG00000197632.9",26.9358299002276,4.13193094309272,0.474534944918269,8.70732701003587,2.05577994905284e-11,3.65438571777498e-10,"SERPINB2"
"ENSG00000224367.6",10.6105548357681,2.66596843980402,0.252664697709285,10.551408502946,2.14652332866986e-11,3.81290328118988e-10,"OACYLP"
"ENSG00000200033.1",2.3451474490559,4.18009356151888,0.482352163526144,8.66606159898009,2.15676686589044e-11,3.82550619278377e-10,"RNU6-403P"
"ENSG00000278505.5",33.6014417114683,4.10787499776284,0.471397380671374,8.71425079178913,2.15661002803579e-11,3.82550619278377e-10,"C17orf78"
"ENSG00000075702.18",555.402402793827,1.82334842305682,0.124945929719157,14.5930998084947,2.20450405446672e-11,3.90732666108981e-10,"WDR62"
"ENSG00000067842.17",3.6403587881405,-3.35660458382273,0.35764317934926,-9.3853448846142,2.21009200920605e-11,3.91437578889992e-10,"ATP2B3"
"ENSG00000181143.15",50.3748727193377,3.93330613599176,0.445365385314982,8.83163861782827,2.25474426672378e-11,3.99055248954027e-10,"MUC16"
"ENSG00000154645.14",21.2625943397839,-2.80531828156895,0.274202941972535,-10.2308102946975,2.29169079609253e-11,4.05299027256539e-10,"CHODL"
"ENSG00000180210.15",20.8736517607987,3.47607056835023,0.3761059598604,9.24226398762852,2.29844931818528e-11,4.06198679504743e-10,"F2"
"ENSG00000165935.9",8.05089272042183,2.58363194309373,0.240631945739745,10.73686178762,2.33431148251576e-11,4.12236693496607e-10,"SMCO2"
"ENSG00000211445.12",1301.59657493075,-2.3698406899378,0.208210364593827,-11.3819535091869,2.36622534291558e-11,4.17569178161573e-10,"GPX3"
"ENSG00000171916.17",168.077422826596,-2.87692046278763,0.285472512062384,-10.0777494897965,2.43617182400504e-11,4.29600691751252e-10,"LGALS9C"
"ENSG00000109255.11",173.416149248429,2.85846897454353,0.282730257981957,10.1102336727113,2.46071513662017e-11,4.33614052355838e-10,"NMU"
"ENSG00000281756.1",6.21207727578332,3.11614500110664,0.321949067269485,9.67899993478873,2.46692230876952e-11,4.34392841326808e-10,"C2-AS1"
"ENSG00000110680.13",36.5586542604795,3.899702400441,0.441212558538315,8.83860244903328,2.48017330672737e-11,4.36409930148264e-10,"CALCA"
"ENSG00000231416.1",11.9658627106725,3.96659328758305,0.45159007543852,8.78361483859284,2.5290230912648e-11,4.44683510258573e-10,"AL358472.1"
"ENSG00000158125.10",1129.25270690862,-2.40949414271847,0.214608787970312,-11.2273787364747,2.55427800764832e-11,4.48799389630181e-10,"XDH"
"ENSG00000213005.3",4.61916816989647,4.38584229575773,0.515820037000928,8.50265980603976,2.61917462002759e-11,4.5986953227363e-10,"PTTG3P"
"ENSG00000181804.15",117.87615235136,-2.12058762285792,0.17079500785991,-12.4159812949409,2.67224063677175e-11,4.68847996198942e-10,"SLC9A9"
"ENSG00000144395.18",96.4941527995439,2.03651303007297,0.158002133939456,12.8891488949974,2.68821661639078e-11,4.71310705471111e-10,"CCDC150"
"ENSG00000181544.15",92.6416371041403,2.04071040207567,0.158675910609704,12.860870904943,2.7136332577738e-11,4.7542385121776e-10,"FANCB"
"ENSG00000135220.11",715.970106498262,-3.30398538095492,0.351468855056224,-9.40050685408918,2.77642189152569e-11,4.86073861412638e-10,"UGT2A3"
"ENSG00000135960.10",583.527573227165,2.8160242785332,0.277041748471548,10.1646206539965,2.78104307675006e-11,4.86213937238478e-10,"EDAR"
"ENSG00000136352.19",21.287895418562,6.3580072200324,0.817386585264988,7.77845799606707,2.7812237562201e-11,4.86213937238478e-10,"NKX2-1"
"ENSG00000166311.10",1111.40821651402,-1.85149250737068,0.12994104708899,-14.2487116184518,2.82125065303454e-11,4.92856871809772e-10,"SMPD1"
"ENSG00000250073.3",34.6024625523064,-2.02831365613827,0.15698669273578,-12.9202903812495,2.87062470380431e-11,5.01121984931356e-10,"AP000866.2"
"ENSG00000200795.1",33.6279447728602,4.62739329084467,0.553939398717682,8.3536092604293,2.90866376835157e-11,5.07397915082148e-10,"RNU4-1"
"ENSG00000183019.7",42.1062318614956,3.1604500259492,0.329969139323866,9.57801700009044,2.92677118884495e-11,5.10190386577707e-10,"MCEMP1"
"ENSG00000122694.16",773.022188239446,-1.92574245890652,0.141410085404172,-13.6181408377094,2.94487141374954e-11,5.12977601104759e-10,"GLIPR2"
"ENSG00000099625.13",47.9005901016644,2.55694350236241,0.237913093162702,10.7473845527862,2.99135450819969e-11,5.20701393619287e-10,"CBARP"
"ENSG00000124772.12",236.065216191092,-2.07148669452854,0.163739706917482,-12.6510956537407,2.99791655553338e-11,5.21470095200151e-10,"CPNE5"
"ENSG00000184347.15",531.897412699624,-2.44654986655982,0.221103339478826,-11.0651873116286,3.02665646049501e-11,5.26092646566729e-10,"SLIT3"
"ENSG00000286180.1",4.99993013752429,3.16753462522761,0.331362084494421,9.5591341720961,3.04957479892987e-11,5.29697409678311e-10,"AC073140.2"
"ENSG00000039139.9",58.3606532177377,2.43649753007257,0.219667203043505,11.0917674387197,3.08775898011187e-11,5.35946737262275e-10,"DNAH5"
"ENSG00000182324.7",63.1608772687261,1.91508742720807,0.140039560258671,13.6753316253683,3.19128406325444e-11,5.53520362149057e-10,"KCNJ14"
"ENSG00000100625.9",54.8280906890649,2.64271240185153,0.251507124656974,10.5075051271644,3.25626294413195e-11,5.64387942527862e-10,"SIX4"
"ENSG00000180305.5",2.86944151300565,3.94886267195269,0.451524849790499,8.74561538259723,3.26882885403144e-11,5.66162089472302e-10,"WFDC10A"
"ENSG00000108813.11",27.4620022516678,2.3513478553849,0.206955769968853,11.3615960344511,3.29627243512356e-11,5.70508690694463e-10,"DLX4"
"ENSG00000250584.3",8.63222040169127,3.77097403970042,0.424573835322425,8.88178621943747,3.36659132961536e-11,5.82264550246642e-10,"LINC01511"
"ENSG00000182912.6",31.3528466240431,2.99454426756109,0.305717092603754,9.79514832506399,3.41940485997629e-11,5.90978222599032e-10,"TSPEAR-AS2"
"ENSG00000087116.16",1608.77811408827,2.34209978995079,0.206004389019311,11.3691742253668,3.63669377474222e-11,6.28085705232664e-10,"ADAMTS2"
"ENSG00000279774.1",5.89086306277512,3.41704712799725,0.371154858441481,9.20652673750736,3.70207340984307e-11,6.38923180818086e-10,"AL590483.3"
"ENSG00000171557.17",7.20219805536839,5.40731718005511,0.676844113486297,7.98901412055286,3.71849139762313e-11,6.41301213358709e-10,"FGG"
"ENSG00000186862.20",57.0430479788744,2.10782009437044,0.170147706756018,12.38817809865,3.73430544581942e-11,6.43571789598666e-10,"PDZD7"
"ENSG00000281181.1",29.7887721708331,9.38911583797023,1.2892520542609,7.28260684707836,3.83429482724077e-11,6.60335678964924e-10,"FP236383.5"
"ENSG00000151224.13",130.356270515476,3.06728667437355,0.31774292657671,9.65335942303989,3.85477691454984e-11,6.63392910931737e-10,"MAT1A"
"ENSG00000150471.16",85.018613311808,-2.44254353946858,0.221800118153828,-11.0123635631906,3.91580834331889e-11,6.73419269233185e-10,"ADGRL3"
"ENSG00000283554.1",9.47181801814387,3.75475306494594,0.42393839254123,8.8568365852375,4.06965154470786e-11,6.99381418220658e-10,"LINC02341"
"ENSG00000064655.19",175.560273967835,-2.87530325853075,0.288768638161963,-9.95711749320252,4.17552092798207e-11,7.17068258303635e-10,"EYA2"
"ENSG00000018280.17",338.204359841359,2.42878794474041,0.220037053225983,11.0380861274577,4.19610708051342e-11,7.20094647291498e-10,"SLC11A1"
"ENSG00000225972.1",489.267422474452,4.19117063969017,0.491544215162443,8.5265384280946,4.23146210065564e-11,7.2564946397976e-10,"MTND1P23"
"ENSG00000119547.6",194.855817797932,2.6723465106167,0.257671156171891,10.3711511614982,4.28511233141265e-11,7.34331661871139e-10,"ONECUT2"
"ENSG00000258088.1",4.12867032440743,3.98308925685649,0.459732362323456,8.6639305458642,4.32751661713731e-11,7.41075784330069e-10,"AC078820.1"
"ENSG00000142235.12",261.992070235633,2.04574864135262,0.161194095529919,12.6912132521188,4.36326737233953e-11,7.46671810900356e-10,"LMTK3"
"ENSG00000117592.9",6805.01241228293,-1.50003283309789,0.0770858858747274,-19.4592410280605,4.38690852021613e-11,7.50189141739985e-10,"PRDX6"
"ENSG00000213383.2",10.4349857060613,3.28946306186011,0.353026234008426,9.31789976203752,4.4292654891476e-11,7.56899798778387e-10,"AC104297.1"
"ENSG00000214145.7",6.86100802647727,3.27812102182434,0.351326965168449,9.33068436763057,4.45626006097103e-11,7.60977649203063e-10,"LINC00887"
"ENSG00000152779.14",4.7717448987435,-2.63082960165301,0.251515943032975,-10.4598920049696,4.46608432794054e-11,7.62119727310078e-10,"SLC16A12"
"ENSG00000167747.15",3878.6103607539,1.886864164274,0.136803239712954,13.7925400614276,4.50263707123462e-11,7.67818111094746e-10,"C19orf48"
"ENSG00000276337.1",31.8617142458729,2.67302250046259,0.258213474210125,10.3519868923935,4.6098292045967e-11,7.85545930376577e-10,"AC105429.1"
"ENSG00000213269.2",16.6093443005032,3.65067335481743,0.409177567591184,8.92197824115537,4.64573221526021e-11,7.91109270012776e-10,"RPS6P26"
"ENSG00000144834.14",14.8037038042188,-3.44262860648521,0.377247994499984,-9.1256379269774,4.74493980221381e-11,8.0743723525067e-10,"TAGLN3"
"ENSG00000287937.1",5.28245450274781,4.33471145584384,0.515535883781467,8.408166322097,4.95108477143024e-11,8.41926941537823e-10,"AC079753.2"
"ENSG00000204839.9",1135.84810155072,2.20312685809658,0.186165812583008,11.8342182569866,5.14382091952812e-11,8.73479024070812e-10,"MROH6"
"ENSG00000231123.1",3.85484777245907,4.22820805315626,0.499512388192202,8.46467105342208,5.14191786858636e-11,8.73479024070812e-10,"SPATA20P1"
"ENSG00000080224.17",7.80560854790776,-3.74557097354166,0.424899382208486,-8.81519515061055,5.17676990754202e-11,8.78460256656921e-10,"EPHA6"
"ENSG00000141505.12",150.462911356737,2.50336548928282,0.232749533478731,10.7556197938054,5.26443506447422e-11,8.92712994185091e-10,"ASGR1"
"ENSG00000274997.2",13.4758556617235,3.89271202872943,0.447967566147902,8.68971845931409,5.32536236751764e-11,9.02414961859683e-10,"H2AC12"
"ENSG00000118407.15",57.842493968711,-2.42989930587826,0.221488083160234,-10.9707902619771,5.37978140286027e-11,9.11001310728254e-10,"FILIP1"
"ENSG00000258137.5",3.28377165640312,-3.62313408159778,0.406528945833193,-8.91236434387731,5.50045304027407e-11,9.30786969907103e-10,"AC079313.2"
"ENSG00000231369.1",51.0617918497188,3.20135106070821,0.341336304212913,9.37887655428335,5.62156513944517e-11,9.50619574728725e-10,"Z97353.1"
"ENSG00000185974.7",15.0124889874955,3.42009410867505,0.375411884934414,9.11024462976858,5.72299082102563e-11,9.67097892565528e-10,"GRK1"
"ENSG00000222033.1",99.3695317990746,2.47037879053853,0.22810172407902,10.8301627289881,5.73621306244224e-11,9.68658633893998e-10,"LINC01124"
"ENSG00000046653.15",155.960439192623,-2.34623192235667,0.208902833415505,-11.2312115828992,5.80686955889326e-11,9.79909238063238e-10,"GPM6B"
"ENSG00000242634.1",7.56564947419146,4.73748636746861,0.58012348423054,8.16634129844319,5.87334366485931e-11,9.90438938626518e-10,"RPS24P16"
"ENSG00000280055.2",9.43917383748228,4.04038250335162,0.472374805765062,8.55334038572989,6.11793074913166e-11,1.0309689126484e-09,"TMEM75"
"ENSG00000146090.16",6.65322356910063,-3.08145364539518,0.32353771148045,-9.52424875386243,6.23825669934933e-11,1.05051724043097e-09,"RASGEF1C"
"ENSG00000125531.7",38.8186835237035,2.51017306277055,0.234909163950679,10.6857179198747,6.43273642240459e-11,1.08251727883955e-09,"FNDC11"
"ENSG00000166501.14",263.709871894956,-2.33620806165834,0.207980477431646,-11.2328238232175,6.60735043560464e-11,1.1111322877868e-09,"PRKCB"
"ENSG00000124731.13",209.321090690868,2.74525931141708,0.271737662353408,10.1026088457578,6.69879507566995e-11,1.12573112267483e-09,"TREM1"
"ENSG00000183091.19",130.764067464362,2.82370643205562,0.284099124319038,9.93915922417506,6.84687240580526e-11,1.14982031417462e-09,"NEB"
"ENSG00000228168.1",26.9856029779422,2.24810482468175,0.19451239542255,11.5576429964685,6.96837382301738e-11,1.16941632527156e-09,"HNRNPA1P21"
"ENSG00000135119.15",146.700720126425,1.93688769421116,0.146013874179344,13.2650935063345,6.97538658134984e-11,1.16978532730712e-09,"RNFT2"
"ENSG00000268555.2",8.30199352780827,-3.48481762972711,0.387560403765334,-8.99167612550314,7.20789735660268e-11,1.20794417769273e-09,"AC123912.4"
"ENSG00000275576.1",8.07755077566349,3.42010067369626,0.377643744573134,9.05642082741801,7.35164879779585e-11,1.23118584277353e-09,"AL049539.1"
"ENSG00000241635.8",39.3391888541806,-2.70887881551884,0.266699703513699,-10.1570372213769,7.3961697683095e-11,1.23778874221709e-09,"UGT1A1"
"ENSG00000233554.6",35.7958805465456,-1.77414364485715,0.120844438148487,-14.6812188631899,7.46360727760725e-11,1.2482151193796e-09,"B4GALT1-AS1"
"ENSG00000171747.9",46772.8514542254,-1.97105695927848,0.151770183838858,-12.9871158446461,7.86063499617292e-11,1.31370997528887e-09,"LGALS4"
"ENSG00000163683.12",2606.5135402207,-1.79620848517772,0.124523485879508,-14.424656300706,8.07781435791924e-11,1.34907827420919e-09,"SMIM14"
"ENSG00000197256.11",2197.23346132977,-1.86106158547545,0.134683178650743,-13.8180699632989,8.12047032460419e-11,1.35527080280139e-09,"KANK2"
"ENSG00000006555.11",1212.92600186723,-1.76365954877231,0.119521710772406,-14.7559764445698,8.33257795330431e-11,1.38971615830676e-09,"TTC22"
"ENSG00000105717.14",122.172561784208,1.9021164902144,0.141260824148204,13.4652795754525,8.5042598402205e-11,1.41737664003675e-09,"PBX4"
"ENSG00000256940.2",17.73011458239,2.57268663509491,0.246290419621598,10.4457438460156,8.54210743923741e-11,1.42270877843365e-09,"PPP1R14B-AS1"
"ENSG00000172348.15",305.377962299452,-1.96322797704458,0.150892215002991,-13.0107969917842,8.65146145472963e-11,1.43993502294473e-09,"RCAN2"
"ENSG00000213361.2",11.8550705531292,3.94115685547096,0.46076828942417,8.55344637626058,8.67363013058518e-11,1.4416498780658e-09,"AC004884.1"
"ENSG00000272727.2",3.04326035915414,4.3869051158702,0.53059869907676,8.2678399391167,8.67259292288416e-11,1.4416498780658e-09,"LINC02266"
"ENSG00000006377.11",29.4228594946215,3.79861014566725,0.438504345726189,8.66265108359765,8.72968652064396e-11,1.4499752730803e-09,"DLX6"
"ENSG00000240771.8",59.3920825522158,-2.22505976745658,0.19199217167312,-11.5893254816915,8.80942579852754e-11,1.4622202657392e-09,"ARHGEF25"
"ENSG00000065328.17",460.766338848557,1.7098626004759,0.111499649487231,15.3351387949583,9.6694686674778e-11,1.6038777380185e-09,"MCM10"
"ENSG00000229814.1",8.50016152088589,4.64490576947957,0.572730494790622,8.11010730479378,9.82284200924337e-11,1.62820641763038e-09,"RPL35AP21"
"ENSG00000267532.5",3.44576285331559,-2.39765877848462,0.219745848147266,-10.9110538319604,1.00652421937249e-10,1.66724870693602e-09,"MIR497HG"
"ENSG00000076555.15",756.844035443534,-1.86766250468115,0.136435568436673,-13.6889707433442,1.01203316257243e-10,1.6744733545842e-09,"ACACB"
"ENSG00000214297.3",21.7815538375247,3.84905496817657,0.448002043194804,8.59160137022609,1.01226393328567e-10,1.6744733545842e-09,"ALDOAP2"
"ENSG00000050030.16",17.1006222115351,-3.21652840871449,0.348584617530673,-9.22739629619903,1.01765707417221e-10,1.68224944914181e-09,"NEXMIF"
"ENSG00000172831.14",6761.23376835281,-2.11425505139775,0.175315448659876,-12.0597190239609,1.03729582897982e-10,1.71354783441262e-09,"CES2"
"ENSG00000180537.13",50.3324183218861,3.48376115087291,0.390851128314826,8.91326875757867,1.04383030869706e-10,1.72317095797137e-09,"RNF182"
"ENSG00000239039.1",14.2911904575444,5.64222581671139,0.730667689982432,7.72201356932459,1.0530195219442e-10,1.73617027626114e-09,"SNORD13"
"ENSG00000240616.1",71.2358852698667,2.79235410075338,0.28211007384345,9.8981013428926,1.05313373959215e-10,1.73617027626114e-09,"RPS6P25"
"ENSG00000090659.18",164.263385567358,-2.33409719112765,0.21008321210318,-11.1103460755412,1.0742853532435e-10,1.76983959890285e-09,"CD209"
"ENSG00000234350.5",26.390847381952,2.50685281036019,0.237330507161769,10.5627078471268,1.0823666900901e-10,1.78194516051419e-09,"AC007405.1"
"ENSG00000257277.2",7.40375332558765,-3.98009351724595,0.469796969514222,-8.47194378746512,1.12400195606203e-10,1.84923815384613e-09,"AC092652.1"
"ENSG00000073711.11",304.158196383972,-1.98166564865671,0.154911425444261,-12.7922497838595,1.17180516720967e-10,1.92658089060859e-09,"PPP2R3A"
"ENSG00000144136.11",2422.16937942734,-1.64942874500565,0.102484992293081,-16.0943442361658,1.17279384687591e-10,1.9269026693093e-09,"SLC20A1"
"ENSG00000081059.20",1721.78328567619,1.84747365501992,0.133877893356072,13.7996917094164,1.2242291222998e-10,2.01005186972197e-09,"TCF7"
"ENSG00000062282.15",936.516771865603,1.93577852185069,0.147854697047291,13.0924384582218,1.23344336442479e-10,2.02381321779355e-09,"DGAT2"
"ENSG00000104312.8",922.632362695864,1.58064836697739,0.0917512149570132,17.2275469890829,1.23770908545551e-10,2.02944202271045e-09,"RIPK2"
"ENSG00000166510.14",527.057317261839,-2.10856384179433,0.175232720806504,-12.0329344433489,1.25605387757372e-10,2.05813278658405e-09,"CCDC68"
"ENSG00000163794.6",26.593847602363,2.23181223299935,0.194742843799299,11.4603042117401,1.26348164317376e-10,2.06890862056081e-09,"UCN"
"ENSG00000100593.18",83.0369124772009,3.50492043499449,0.396033314653198,8.85006464181861,1.2659616845922e-10,2.07157366569632e-09,"ISM2"
"ENSG00000279017.1",19.0554144282796,3.07958150114283,0.328800873928764,9.36609889245621,1.26826008139396e-10,2.07393808734005e-09,"AC098476.1"
"ENSG00000169760.17",13.8471307867302,-3.41275815470524,0.381514136024035,-8.94529935449166,1.27303192492541e-10,2.0803413433549e-09,"NLGN1"
"ENSG00000179058.7",20.0250100757115,2.66548800364242,0.263398874078837,10.1195876898267,1.28213309396949e-10,2.0938060607163e-09,"C9orf50"
"ENSG00000260719.1",4.40435775346606,-2.68568191708626,0.266603377428817,-10.0736980265876,1.28426343576317e-10,2.09587652713533e-09,"AC009133.3"
"ENSG00000224271.7",11.593044952964,4.70341307535299,0.585809163554164,8.02891686913346,1.29203092305795e-10,2.10713767988646e-09,"AL117329.1"
"ENSG00000287151.1",101.301606301339,2.13631567671769,0.1797703361801,11.8835828096659,1.29997054892065e-10,2.11866427490085e-09,"C2orf27A"
"ENSG00000271615.1",5.47095174177204,-3.04333430608929,0.323487267201856,-9.40789519295127,1.33704572458285e-10,2.17762809030584e-09,"ACTG1P22"
"ENSG00000256008.3",7.244384664131,3.29652257869837,0.363585398222605,9.06670783484016,1.33930514658793e-10,2.17984695660325e-09,"AC125616.1"
"ENSG00000004776.13",184.793028466477,-2.96627852988976,0.31153428536366,-9.52151550968834,1.38086256362356e-10,2.24598127818289e-09,"HSPB6"
"ENSG00000183171.5",7.19440269472287,3.04133308357625,0.32345443027965,9.40266324671083,1.38585385114242e-10,2.25259187844553e-09,"BX322650.1"
"ENSG00000102010.15",69.2813372053621,-2.36385379212643,0.216280651065619,-10.9295666555453,1.43220793190786e-10,2.32638053110702e-09,"BMX"
"ENSG00000177098.9",79.8324759300178,-2.15429838223209,0.183098727976982,-11.7657747054524,1.44805424937e-10,2.35054898194329e-09,"SCN4B"
"ENSG00000267533.1",20.735112020834,2.92639324494561,0.30563303803609,9.57485900002753,1.46005806496069e-10,2.36845200123797e-09,"AP002414.4"
"ENSG00000138795.10",466.064246242411,2.08758072514762,0.172696529011487,12.0881452400746,1.51104805766026e-10,2.44953087399228e-09,"LEF1"
"ENSG00000279343.1",4.56966322318962,4.88096944188778,0.616322765442545,7.91950211085103,1.51754474828015e-10,2.45842249221385e-09,"AC127071.2"
"ENSG00000233384.3",5.54988986346842,3.27986503836835,0.36218288995927,9.0558254663471,1.53908683018946e-10,2.49165955853457e-09,"CNIH3-AS2"
"ENSG00000102287.19",1135.42089532944,2.27560109847841,0.202669909061057,11.2281152590484,1.54710193344066e-10,2.50296784171825e-09,"GABRE"
"ENSG00000163209.15",20.7754207470346,5.05895402987465,0.64544455684341,7.8379373971574,1.60152642536002e-10,2.58929422064195e-09,"SPRR3"
"ENSG00000101412.13",1138.21108739245,1.84886716200239,0.134990218841752,13.6963046498191,1.60418077248823e-10,2.59186122150691e-09,"E2F1"
"ENSG00000271811.1",6.37434670909464,4.06433567116665,0.48736691231335,8.33937546534449,1.61274961013398e-10,2.60397445357181e-09,"Z97200.1"
"ENSG00000270864.1",7.47554903048256,-3.23406629807732,0.355334396862966,-9.10147265963823,1.61598347564631e-10,2.60746337703887e-09,"IGHV3OR16-6"
"ENSG00000259807.2",30.6435826681679,2.8281044340723,0.290778644543773,9.72597020840218,1.61904615069272e-10,2.61067162984957e-09,"AC009093.1"
"ENSG00000205221.12",17.5854143877818,-2.64346977236102,0.261536420137749,-10.1074633160794,1.65087255425196e-10,2.66022566766066e-09,"VIT"
"ENSG00000213641.4",9.43385010155509,3.88654985938999,0.459508524553105,8.45805823334801,1.67316034387562e-10,2.69435363526691e-09,"RPL7AP4"
"ENSG00000153790.12",187.361701722523,-1.85409248587889,0.136051062741951,-13.6279162287439,1.71770658045451e-10,2.76425628510228e-09,"C7orf31"
"ENSG00000174099.12",808.159005411213,-2.35776249638278,0.216414695381371,-10.8946506254017,1.76066036608018e-10,2.83150541997011e-09,"MSRB3"
"ENSG00000145708.11",6.13650945576327,-2.47686402136252,0.235570125425235,-10.514338424244,1.81316467192453e-10,2.91401465130729e-09,"CRHBP"
"ENSG00000110375.3",11.3299469574896,3.92977384701738,0.467787603264867,8.40076526096458,1.88768298543125e-10,3.03177108697815e-09,"UPK2"
"ENSG00000131650.14",69.0234772795579,2.40842270603019,0.224917938619133,10.708006310286,1.90108245043475e-10,3.05127500300953e-09,"KREMEN2"
"ENSG00000025772.8",3039.6323121093,1.70555784269035,0.112712292418313,15.1319594881493,1.92720026877752e-10,3.09115290635602e-09,"TOMM34"
"ENSG00000187867.10",125.017970592738,2.80726628331454,0.288720089353619,9.7231415022051,1.93008751968462e-10,3.09374186862377e-09,"PALM3"
"ENSG00000244743.1",5.52628686543192,5.23858269486785,0.677723782430162,7.72967222145208,1.99849973250572e-10,3.19917941369492e-09,"RPL35AP27"
"ENSG00000263520.1",7.22703803264465,4.10650883071726,0.496707397098326,8.26746059089666,1.99775676309409e-10,3.19917941369492e-09,"LINC02563"
"ENSG00000106034.18",358.754654708163,-2.24591331389688,0.199240885790592,-11.2723515807765,2.0093272867054e-10,3.21439454028579e-09,"CPED1"
"ENSG00000099866.15",57.3804425474533,-2.46829563404953,0.234832794849314,-10.5108642752958,2.01947128630464e-10,3.22637424439204e-09,"MADCAM1"
"ENSG00000146013.11",40.4512917731598,-2.83659001449319,0.293732823895749,-9.65704131009867,2.01854452834987e-10,3.22637424439204e-09,"GFRA3"
"ENSG00000166448.15",26.1672752212919,-2.55433334397941,0.248675721605535,-10.2717439703714,2.04645463229809e-10,3.26733558244701e-09,"TMEM130"
"ENSG00000237807.4",78.9290519832644,-2.3817042542125,0.22111182930626,-10.7714917907609,2.06685436281662e-10,3.29773874040997e-09,"AC022034.1"
"ENSG00000112818.10",4748.34569573737,-2.57809948380263,0.2527064641751,-10.2019530533903,2.12181269649165e-10,3.38320528377606e-09,"MEP1A"
"ENSG00000196155.13",1396.32461267599,1.95969519579367,0.153688336173629,12.7510990396806,2.12681805707564e-10,3.38896254340577e-09,"PLEKHG4"
"ENSG00000267013.6",8.39054951561202,3.19129594992633,0.350938242436064,9.09361125129513,2.13114022428844e-10,3.39362434142917e-09,"LINC01929"
"ENSG00000225173.1",5.03323410738203,3.03519353795619,0.326056342048628,9.30880080076319,2.16218033546061e-10,3.44079778334596e-09,"AL662890.1"
"ENSG00000075461.6",131.010234801824,3.52606951485891,0.404925579259703,8.70794460874855,2.21098109899088e-10,3.51615449643183e-09,"CACNG4"
"ENSG00000196549.12",657.176005559869,2.74730539041145,0.280251527303378,9.80299881626492,2.26213047157897e-10,3.59514522298032e-09,"MME"
"ENSG00000101189.7",1359.6134618348,1.60140865939319,0.0964889648748342,16.5968062925179,2.28899996464486e-10,3.63547053208301e-09,"MRGBP"
"ENSG00000249743.6",39.5588667443763,3.69619011700352,0.432655628147577,8.54303024516017,2.3066604297599e-10,3.66112661287821e-09,"AC116345.1"
"ENSG00000143318.13",7.90991608631469,-2.54601756866182,0.248136608118604,-10.2605479617295,2.32459871525478e-10,3.68718986819133e-09,"CASQ1"
"ENSG00000170465.10",4.86289532955094,4.56881835820132,0.572913454058205,7.97470948855943,2.34343941520605e-10,3.71464956226399e-09,"KRT6C"
"ENSG00000226235.1",5.11706649205876,3.87825905402465,0.462326464307683,8.38857247731256,2.3986020422476e-10,3.7996107970415e-09,"LEMD1-AS1"
"ENSG00000225506.2",9.15220276583465,2.24038545172885,0.199306212509407,11.2409213115878,2.43067224102729e-10,3.84790459003017e-09,"CYP4A22-AS1"
"ENSG00000166866.13",2839.07854459949,-2.07448410783244,0.172666432320955,-12.0144030310208,2.44040762604739e-10,3.86080112714529e-09,"MYO1A"
"ENSG00000124491.16",675.472876186472,-2.61982473383209,0.260366186301751,-10.0620774573079,2.46474411744725e-10,3.89676526050542e-09,"F13A1"
"ENSG00000151090.20",301.129591027071,-2.42740058936958,0.229583698595672,-10.5730528962536,2.5282191645461e-10,3.99452052655853e-09,"THRB"
"ENSG00000154258.17",41.8544786692734,-2.6475204691735,0.26499239312034,-9.99093007160847,2.52992875285463e-10,3.99462434661257e-09,"ABCA9"
"ENSG00000260029.2",4.65055113518368,4.9966579071459,0.643238572169523,7.7679699622072,2.59355474081341e-10,4.09219750818238e-09,"AC007608.2"
"ENSG00000261175.6",6.83995470320923,3.99359537835023,0.481808782906189,8.28875587169984,2.59509315230825e-10,4.09219750818238e-09,"LINC02188"
"ENSG00000281398.4",560.044329491791,1.91231536829981,0.146902082669513,13.017619175638,2.64310474553209e-10,4.16520397642216e-09,"SNHG4"
"ENSG00000057593.14",62.5898492634375,3.29185037898187,0.369214616628888,8.91581814674102,2.69399518026192e-10,4.24264957098928e-09,"F7"
"ENSG00000120057.5",29.7551238606705,-3.75412953415093,0.443707235257006,-8.46082559815923,2.69878131398457e-10,4.24743432187987e-09,"SFRP5"
"ENSG00000277342.1",8.09070129271,2.67785533750193,0.270430375313428,9.902198798483,2.74548472436201e-10,4.31814102278296e-09,"AC048344.4"
"ENSG00000168267.7",9.21923208786261,5.77971615814225,0.770421810941781,7.50201522861482,2.75185225580038e-10,4.32535639171729e-09,"PTF1A"
"ENSG00000112238.12",14.7562928246139,4.03899474255746,0.489923613310178,8.24413160098146,2.76989339831024e-10,4.34528144473459e-09,"PRDM13"
"ENSG00000225698.3",304.214614103638,-3.10585061281203,0.339481514868178,-9.1488062730545,2.76741697268e-10,4.34528144473459e-09,"IGHV3-72"
"ENSG00000283175.1",5.66606299062364,-2.71404626688407,0.276324814989061,-9.82194185850268,2.76962282239072e-10,4.34528144473459e-09,"AC007920.2"
"ENSG00000253307.1",7.55388874455968,2.70237892042587,0.274610677806804,9.84076417569992,2.83672962997618e-10,4.4472600005433e-09,"AC011676.1"
"ENSG00000276563.1",7.1065633552404,3.26943860352931,0.366295396280822,8.92568849274529,2.90222239640085e-10,4.54700220712705e-09,"AL359075.1"
"ENSG00000081041.9",863.294403013877,2.33619837964589,0.216031170355585,10.8141726761029,3.10097213938392e-10,4.85525921308178e-09,"CXCL2"
"ENSG00000135747.11",8.35288440058302,2.54112517652716,0.249168467404679,10.1984219873218,3.10368560647839e-10,4.85637863731004e-09,"ZNF670-ZNF695"
"ENSG00000124678.20",24.8971044891989,4.0282424848048,0.489784992123139,8.22451187681971,3.14873065444162e-10,4.92369079169443e-09,"TCP11"
"ENSG00000139117.14",230.827024194509,-2.11932513760734,0.181232569699746,-11.6939529198228,3.2835366967542e-10,5.13118596341653e-09,"CPNE8"
"ENSG00000224126.2",11.3055701706976,2.92801998899051,0.312615175377022,9.36621194239609,3.47129899734538e-10,5.42111604341213e-09,"UBE2SP2"
"ENSG00000253177.2",3.16482483897215,-2.53535014713255,0.249024606529997,-10.1811229920652,3.5140251302753e-10,5.48431667730827e-09,"AC104211.1"
"ENSG00000251307.1",11.4106875013875,2.26277317807188,0.204820906574595,11.0475693908121,3.51847581031425e-10,5.48773826640798e-09,"AC026704.1"
"ENSG00000102048.16",284.538171727985,2.15502894787893,0.187416952315956,11.4985806846644,3.57159048797294e-10,5.56700762397321e-09,"ASB9"
"ENSG00000152583.12",2928.85438425101,-2.23476804665426,0.20046114429481,-11.1481357373061,3.64557504468249e-10,5.67868420421696e-09,"SPARCL1"
"ENSG00000174827.14",52.1813710360579,-2.52965540677044,0.248372578516803,-10.1849222723244,3.66692681033971e-10,5.70463005705858e-09,"PDZK1"
"ENSG00000189221.10",4971.78660607543,-2.02396038116298,0.166261339948854,-12.1733674333769,3.66629751253728e-10,5.70463005705858e-09,"MAOA"
"ENSG00000036828.17",4.35918867254088,-3.1253062859573,0.345162487664257,-9.05459427849912,3.69725708139807e-10,5.74445953183971e-09,"CASR"
"ENSG00000163586.10",19696.8327322079,-2.86247117873047,0.302473747288182,-9.46353594119775,3.69595435282228e-10,5.74445953183971e-09,"FABP1"
"ENSG00000203685.10",133.358869218578,-3.13876173170782,0.347460944294349,-9.03342313215163,3.74436868805048e-10,5.81393987984835e-09,"STUM"
"ENSG00000244753.2",3.16095739802414,-2.4627028213416,0.23781279834513,-10.3556361914869,3.85834966875852e-10,5.9870943135908e-09,"RPL15P21"
"ENSG00000257138.1",10.6739919752025,2.72204105547701,0.280119311058921,9.71743449313443,3.93501290339646e-10,6.10215785274627e-09,"TAS2R38"
"ENSG00000213130.3",7.74238035628967,4.8650475835432,0.628734056217042,7.73784644785293,3.93943574818275e-10,6.10512045158423e-09,"EEF1DP5"
"ENSG00000160161.9",63.6072409865724,2.78180114634998,0.290007826371877,9.59215887774999,4.0240485370572e-10,6.23227402488783e-09,"CILP2"
"ENSG00000144339.12",6.39040032446939,-3.57261123765763,0.419042025862957,-8.52566333961457,4.14513399514872e-10,6.41571694790534e-09,"TMEFF2"
"ENSG00000224537.1",6.15901856337435,-3.38085939261248,0.387922808917231,-8.71528900826719,4.19265662303485e-10,6.48514041627924e-09,"MEP1AP4"
"ENSG00000288530.1",6.64686187672961,3.12472035135387,0.34630854771764,9.02293741216457,4.24888844603873e-10,6.56793824673926e-09,"AC078860.3"
"ENSG00000175329.13",890.019776434348,-2.51336896148042,0.246673387121504,-10.1890560259036,4.25494965292717e-10,6.56895022656482e-09,"ISX"
"ENSG00000237676.1",15.1366311601249,3.40781587981942,0.392460055716676,8.68321713300572,4.25295072657695e-10,6.56895022656482e-09,"RPL30P4"
"ENSG00000267405.1",3.85346447327843,-3.08857627975641,0.34062515347266,-9.0673758184576,4.35005426127976e-10,6.71151228883162e-09,"AC005180.1"
"ENSG00000235209.1",2.71689118373119,-2.92435100044503,0.31387274224092,-9.31699573389645,4.36666359600216e-10,6.732863285714e-09,"AL022318.1"
"ENSG00000204410.16",105.439217393684,2.08729278660008,0.177435486649622,11.7636715519135,4.45455469406404e-10,6.86402530537452e-09,"MSH5"
"ENSG00000118193.12",400.528111572983,1.83898948672754,0.13697844844192,13.4253928822043,4.53491008994496e-10,6.98341667843236e-09,"KIF14"
"ENSG00000164935.6",15.528711672597,3.10365154950213,0.343504256439117,9.03526373057396,4.5601195037561e-10,7.01778998994764e-09,"DCSTAMP"
"ENSG00000229274.2",2.71387551573835,-3.28406487848606,0.373084290678431,-8.80247429478788,4.6170709623383e-10,7.10093825220384e-09,"LINC02829"
"ENSG00000250072.6",7.74153550773062,3.08475326197022,0.340731892536326,9.0533153178238,4.72430339428629e-10,7.2612632815406e-09,"SH3TC2-DT"
"ENSG00000286954.1",5.50340019509816,4.88209039562105,0.63450901493869,7.69428058653002,4.73016543672271e-10,7.26567763036421e-09,"AL033539.2"
"ENSG00000259078.2",13.5210518773188,2.70719638832799,0.279083883295822,9.70029639962561,4.76335449904682e-10,7.31203501748817e-09,"PTBP1P"
"ENSG00000106089.12",339.637888977604,1.97347416631137,0.159217919732339,12.3947993393518,4.85519249733957e-10,7.44830667205502e-09,"STX1A"
"ENSG00000135477.11",4.56646045638717,3.45093439055425,0.401245504762093,8.60055589308192,5.03438824538684e-10,7.71833655286437e-09,"KRT87P"
"ENSG00000078596.11",285.611873119611,-2.1495897228126,0.18822196865165,-11.4205038774774,5.05614260507432e-10,7.74680109100289e-09,"ITM2A"
"ENSG00000185046.18",13.2449016311096,-2.79366220268691,0.293708565977612,-9.51168105495384,5.07779514062294e-10,7.77507384481017e-09,"ANKS1B"
"ENSG00000254270.1",7.94493064691525,4.17791826303566,0.520466707918853,8.02725361578181,5.11111357813017e-10,7.82116246527475e-09,"ERHP1"
"ENSG00000171819.5",18.6622132191061,-3.7359093264031,0.448511443294995,-8.32957415524828,5.30419841063568e-10,8.11151802255802e-09,"ANGPTL7"
"ENSG00000183778.17",1412.41246640706,-2.69504051774449,0.278018299430352,-9.69375225755471,5.40838148621316e-10,8.26348956649911e-09,"B3GALT5"
"ENSG00000188883.5",32.7188981488705,3.63652644620551,0.432443754578393,8.40924723204965,5.41037526761321e-10,8.26348956649911e-09,"KLRG2"
"ENSG00000258987.2",4.53398446466833,-2.99364802295412,0.327232295398602,-9.14838805658698,5.5596065330732e-10,8.48608283628636e-09,"AL132642.1"
"ENSG00000165449.11",490.049956808206,-2.35922075902049,0.22316570638742,-10.5716097567645,5.62320122348e-10,8.57776457818983e-09,"SLC16A9"
"ENSG00000125823.12",6.03765897432331,3.34161088381338,0.384560355209276,8.68943155098473,5.67879536499444e-10,8.65170704510124e-09,"CSTL1"
"ENSG00000164406.8",42.1303465025611,-1.86744460707401,0.142458223659325,-13.1087174829572,5.67680225198842e-10,8.65170704510124e-09,"LEAP2"
"ENSG00000220105.2",5.31437821269704,4.293656872853,0.540933866554875,7.93748947574432,5.6867752557002e-10,8.65843600961873e-09,"AL353151.1"
"ENSG00000251791.1",30.018107891214,3.70628908476496,0.444698344084574,8.33438921926835,5.80011855992273e-10,8.82547783382106e-09,"SCARNA6"
"ENSG00000204334.7",30.0340600222912,2.5084157883083,0.247914289600268,10.1180766641278,5.84552225028498e-10,8.88899816532697e-09,"ERICH2"
"ENSG00000203808.12",5.01174237637706,-3.043373306885,0.336008455203948,-9.05743072756235,5.96003703936693e-10,9.0574671705201e-09,"BVES-AS1"
"ENSG00000285601.1",5.51354451439403,3.74876413485925,0.452061224114173,8.29260271593756,5.98993317437192e-10,9.09721100857735e-09,"AC084262.2"
"ENSG00000203740.4",3.66234411551629,3.60194863501127,0.427995396520127,8.41585835805102,6.0322324782394e-10,9.15327191634823e-09,"METTL11B"
"ENSG00000279835.1",5.3427377187499,-3.58476748185691,0.425173253506403,-8.43130994787028,6.03437926337031e-10,9.15327191634823e-09,"AL121785.1"
"ENSG00000151150.22",787.271560724142,-1.69428670971938,0.114213990099634,-14.8343185299925,6.05336897766953e-10,9.17634848143291e-09,"ANK3"
"ENSG00000259051.1",21.2938076190109,2.88074140480177,0.309462742996513,9.30884725220131,6.10579878807437e-10,9.25005676746928e-09,"HNRNPUP1"
"ENSG00000189233.12",38.3984103372348,-2.48823366809959,0.245133947662603,-10.1505062510736,6.35169768551405e-10,9.61658901918949e-09,"NUGGC"
"ENSG00000216588.9",24.053200351244,2.71067961098383,0.281861532961726,9.61706119490917,6.42665461628507e-10,9.72401663609758e-09,"IGSF23"
"ENSG00000230191.1",9.17602991956288,3.22251704731758,0.366216965436451,8.79947504200697,6.4413367451193e-10,9.74016695123827e-09,"IFITM3P4"
"ENSG00000167654.18",9.27511882956135,-3.08532161533433,0.343757467215172,-8.97528609437625,6.54622238622074e-10,9.89261218813209e-09,"ATCAY"
"ENSG00000240280.7",9.66546514152471,4.53926497767933,0.58351322357837,7.77919812997978,6.57960728435242e-10,9.93688359290017e-09,"TCAM1P"
"ENSG00000131142.13",50.4152747394533,4.07843080312345,0.507653809573411,8.03388200031556,6.63738520232735e-10,1.00179167960593e-08,"CCL25"
"ENSG00000233668.1",28.6938981826582,3.09492289384926,0.345579649133883,8.95574407117428,6.71965538356831e-10,1.01357930366673e-08,"AL353662.1"
"ENSG00000128059.8",820.388125962147,1.59367510947011,0.097965936084449,16.2676453996859,6.80541368215574e-10,1.02524211082693e-08,"PPAT"
"ENSG00000286874.1",4.37358113353792,2.77991911270403,0.293712575960646,9.46476024600494,6.80306677269982e-10,1.02524211082693e-08,"AC072054.1"
"ENSG00000288534.1",18.9782458983261,2.31320431771519,0.216720971736915,10.6736523889495,6.83048093392548e-10,1.02838095845346e-08,"AP001931.2"
"ENSG00000084453.16",12.5708035685814,4.02513765376108,0.499352782652562,8.06070936939522,6.88620434066868e-10,1.03591341739403e-08,"SLCO1A2"
"ENSG00000198901.14",33.8485860182763,2.34940160038918,0.222748831210847,10.547312807964,6.89330039475779e-10,1.03591341739403e-08,"PRC1"
"ENSG00000238062.6",27.8185530106224,2.19264873449123,0.19687016572336,11.1375368961304,6.889203275939e-10,1.03591341739403e-08,"SPATA3-AS1"
"ENSG00000183010.17",3278.26479020491,1.80349214565227,0.132637993660884,13.5971006185699,6.90053208796348e-10,1.03635926908228e-08,"PYCR1"
"ENSG00000165821.12",70.2707552361616,-2.24469687891103,0.205514784473595,-10.9223133735151,6.95647489314721e-10,1.04411574986706e-08,"SALL2"
"ENSG00000102854.16",2687.1770696386,2.9248355200951,0.317912705437355,9.20012151156834,7.03817793222661e-10,1.05572668983399e-08,"MSLN"
"ENSG00000286035.1",11.3654351041948,-2.57820301733664,0.260811939398963,-9.88529521799526,7.19233920884672e-10,1.07818533482403e-08,"AC073840.1"
"ENSG00000065600.13",371.409829516479,1.50971187123865,0.0842559710680249,17.9181588212872,7.26192765945532e-10,1.08794600570138e-08,"PACC1"
"ENSG00000274370.1",11.799874414682,-2.10856283981886,0.183265022952949,-11.5055388412016,7.28918081275071e-10,1.0913560921124e-08,"AC130371.2"
"ENSG00000170500.13",45.7887880112766,-3.27793821181247,0.376898307647363,-8.6971422935637,7.5213254142231e-10,1.12541999732526e-08,"LONRF2"
"ENSG00000144847.13",7.806218121563,-3.01120650695749,0.332808666973139,-9.04786084552459,7.55757248342158e-10,1.13014776213627e-08,"IGSF11"
"ENSG00000232021.7",10.3565313616748,2.30493957281675,0.216064849422681,10.6678137558029,7.72609820475358e-10,1.15463829259232e-08,"LEF1-AS1"
"ENSG00000288050.1",6.94805149079017,3.66601765967779,0.441450515549694,8.30448154559943,7.74295389078345e-10,1.15644609432107e-08,"AC010727.1"
"ENSG00000095637.22",2162.66208041798,-2.17131130598712,0.194053819012477,-11.1892222324545,7.89844384301946e-10,1.17894462767428e-08,"SORBS1"
"ENSG00000206013.2",3.64976311519629,4.17745268071645,0.526475864401225,7.93474680072482,7.93217834051587e-10,1.18325312261839e-08,"IFITM5"
"ENSG00000078900.15",164.456547572751,2.29531842808283,0.214639970607393,10.6938070369069,7.95588762737932e-10,1.18606177512465e-08,"TP73"
"ENSG00000149609.6",12.8471835124066,2.2724905497979,0.210932625115702,10.7735375148884,8.06276791051843e-10,1.20125849310606e-08,"C20orf144"
"ENSG00000108370.17",115.72957949374,-1.70533473813846,0.116939602295488,-14.5830386341605,8.11642330103417e-10,1.20851155769075e-08,"RGS9"
"ENSG00000198300.14",21.6272902504897,-2.6451277977689,0.273053510424313,-9.68721403236488,8.45923513809429e-10,1.25878391828347e-08,"PEG3"
"ENSG00000280219.1",55.2592114717425,2.71082727883575,0.28405703475048,9.54324993646781,8.5696629755285e-10,1.27443580358227e-08,"AC093908.1"
"ENSG00000090402.8",834.917320347508,-3.31165075019929,0.383914858289639,-8.62600308035192,8.65328456776083e-10,1.28577881427083e-08,"SI"
"ENSG00000188483.8",396.311274005522,1.99091536718509,0.164571120434565,12.0975986669344,8.65651909525544e-10,1.28577881427083e-08,"IER5L"
"ENSG00000204099.12",384.395562732787,-2.44409325041232,0.239841318610503,-10.1904595278743,8.66520197840377e-10,1.28628227290905e-08,"NEU4"
"ENSG00000197153.5",10.925041095564,3.50593674026983,0.416301702151449,8.42162480275995,8.74671083298659e-10,1.29758896972878e-08,"H3C12"
"ENSG00000236305.1",34.5441659197408,2.10821339453555,0.184120049906488,11.4502108575698,8.77642028089157e-10,1.301202030663e-08,"SLC12A9-AS1"
"ENSG00000235408.6",28.7467341007486,2.57472736287524,0.261662330729228,9.83988545733626,8.82020796049508e-10,1.30689666731726e-08,"SNORA71B"
"ENSG00000227304.3",20.1881818312436,3.09374898946878,0.347947910069675,8.89141420291695,8.86089886613831e-10,1.31212579187789e-08,"AC067942.1"
"ENSG00000107719.9",1525.56949935621,1.96175682271727,0.159833180132326,12.2737770786587,8.87003727942972e-10,1.31267908581085e-08,"PALD1"
"ENSG00000159527.3",4.90027026234377,4.62298984597297,0.602136466722899,7.67764468930671,8.88990298332744e-10,1.31481827446657e-08,"PGLYRP3"
"ENSG00000174576.10",4.09951018780595,-2.65680759758489,0.275470047102473,-9.64463332957784,9.02355377246552e-10,1.33377345906881e-08,"NPAS4"
"ENSG00000279175.1",12.6245031101693,3.52228464052544,0.419445187522504,8.39748492843648,9.08454317048819e-10,1.3419720306557e-08,"AL033543.1"
"ENSG00000175877.4",10.8234566172185,2.45475678210657,0.242127126667069,10.1382972486264,9.37766784181257e-10,1.38443091467828e-08,"TMEM270"
"ENSG00000049192.15",91.6173382580082,2.2743264264352,0.212114190964136,10.7221794831245,9.40649242876584e-10,1.38730809334218e-08,"ADAMTS6"
"ENSG00000228847.1",15.6770387435106,3.42246201127012,0.403226072835308,8.48770018070725,9.4085750527898e-10,1.38730809334218e-08,"ATP5MC2P4"
"ENSG00000137265.15",226.871681239119,-2.43163341480098,0.238339225769081,-10.2024054452409,9.46657834072096e-10,1.39501427337489e-08,"IRF4"
"ENSG00000233818.1",6.67426161311489,2.66088447927825,0.276518244950366,9.62281703963465,9.48327483751194e-10,1.39662774879721e-08,"AP000695.2"
"ENSG00000272218.1",24.2453260563378,4.76164985024645,0.626301375030511,7.60280919072623,9.49997142372855e-10,1.3982392828383e-08,"AC108865.2"
"ENSG00000185519.9",18.057397231577,2.5905205282589,0.264823601904392,9.78206062310922,9.51002840540865e-10,1.39887221701834e-08,"FAM131C"
"ENSG00000240052.1",7.63626973258738,4.07637532982229,0.51254016581276,7.95327976561249,9.73229623412935e-10,1.43070053532573e-08,"AC108114.1"
"ENSG00000262543.2",3.02867055565172,-3.67830093670842,0.44630456820181,-8.24168336776952,9.80161632622653e-10,1.44001981092687e-08,"SMIM28"
"ENSG00000108106.14",1282.27411573376,1.7794648305433,0.129931657997432,13.6953907767302,9.92455338418623e-10,1.45720028541224e-08,"UBE2S"
"ENSG00000101938.15",415.150371467693,-3.00573539607757,0.334372873350558,-8.98917237501603,9.95747821738795e-10,1.4611516949428e-08,"CHRDL1"
"ENSG00000100228.12",361.705542846801,1.87722791200696,0.146336170925458,12.8281880011963,1.01988730396548e-09,1.49567057853718e-08,"RAB36"
"ENSG00000213901.11",37.6412627379222,-2.06210577427383,0.177217211968801,-11.6360355259221,1.02848710360445e-09,1.5073725342333e-08,"SLC23A3"
"ENSG00000107518.18",29.6093710428902,-2.91522406004024,0.319635116720108,-9.12047490261525,1.03696929197165e-09,1.51888811301454e-08,"ATRNL1"
"ENSG00000179698.14",71.3493233721204,2.4128256763515,0.235981916032841,10.2246210934897,1.06867977772495e-09,1.56439268666965e-08,"WDR97"
"ENSG00000136274.9",56.8910311363855,-2.13190552847978,0.189217508530656,-11.2669569800111,1.10184274819075e-09,1.61196741607677e-08,"NACAD"
"ENSG00000185774.16",11.2179118253241,-2.70836151784501,0.285665232905444,-9.48089303797598,1.11368963023051e-09,1.62831877344172e-08,"KCNIP4"
"ENSG00000165457.14",258.668169437911,-2.35739680382232,0.22704728258512,-10.382845268974,1.12617168610536e-09,1.64557859124236e-08,"FOLR2"
"ENSG00000267505.1",5.61778181920446,-2.95281058404689,0.326667383830894,-9.03919622895523,1.12961799058604e-09,1.6496224261563e-08,"AC005180.2"
"ENSG00000286733.1",13.246116956414,3.346479735179,0.392529851926954,8.52541461178281,1.13059442491898e-09,1.65005672826014e-08,"LINC02348"
"ENSG00000186469.8",318.901943993913,-1.91740472825489,0.15350897852557,-12.4905054197563,1.14181337187642e-09,1.66543006822311e-08,"GNG2"
"ENSG00000285212.1",4.62751925262027,3.18062498666235,0.364942541353453,8.71541304794572,1.14864809341148e-09,1.67439404138566e-08,"AL009178.3"
"ENSG00000089250.19",33.5358139980983,-3.25643799051946,0.377735148598429,-8.62095572149518,1.16038515702896e-09,1.69048916761413e-08,"NOS1"
"ENSG00000225366.4",4.33697161681739,3.59165217428836,0.433907369204234,8.27746295453633,1.1659099868699e-09,1.69752023253077e-08,"TDGF1P3"
"ENSG00000213085.10",24.7191811146759,2.02101118222917,0.170963292577277,11.8213164461351,1.17103970600136e-09,1.70396795543911e-08,"CFAP45"
"ENSG00000231826.6",412.798300401501,3.64316341999839,0.44269768632362,8.22946117078906,1.18203409213274e-09,1.71893647150362e-08,"LINC01819"
"ENSG00000236481.1",4.8743337337905,3.16253791748599,0.362278854595612,8.72956805888139,1.19163525430964e-09,1.7318622416103e-08,"LINC02195"
"ENSG00000218502.3",21.6815398141505,2.78792669288327,0.299713510900333,9.30197202157619,1.21978555845699e-09,1.77171482788433e-08,"H2AZP3"
"ENSG00000231292.6",66.3667137441464,-2.89875497159043,0.318621654247493,-9.09779650236448,1.26677495642714e-09,1.83886687223295e-08,"IGKV1OR2-108"
"ENSG00000184905.9",31.2584175182379,-3.67385661588465,0.448782781239236,-8.18626910270474,1.276564355838e-09,1.85197097593214e-08,"TCEAL2"
"ENSG00000182175.14",325.681483135555,-2.42597522204309,0.239378107210498,-10.134490786619,1.28455655198268e-09,1.86245371200353e-08,"RGMA"
"ENSG00000262152.7",121.881757432202,2.95642375465828,0.328493438888902,8.99994765392605,1.29443425619063e-09,1.87565607784331e-08,"LINC00514"
"ENSG00000127564.17",1050.346034692,1.91909296282087,0.154328776560863,12.4350947735533,1.29700944271929e-09,1.87826754815725e-08,"PKMYT1"
"ENSG00000231848.1",8.19775627917303,3.95854136780291,0.496920891698436,7.96613995091438,1.3103575795328e-09,1.89646749152156e-08,"KRTCAP2P1"
"ENSG00000132330.18",117.064295498522,1.84210585538483,0.141503545950326,13.0180897094373,1.33149544764618e-09,1.92591305820251e-08,"SCLY"
"ENSG00000186474.15",136.519239887966,3.2161458335248,0.372681215102368,8.62975031526982,1.36975027355908e-09,1.98006731989802e-08,"KLK12"
"ENSG00000179241.13",494.16520028802,1.88116282857133,0.14819871723773,12.693516270817,1.37538535127257e-09,1.98703115552458e-08,"LDLRAD3"
"ENSG00000132563.16",71.4332759474435,-2.33252695824435,0.224178026117093,-10.4047974667509,1.39026448269907e-09,2.00733374507353e-08,"REEP2"
"ENSG00000249196.6",13.0203065782917,6.484145710113,0.923060354443659,7.02461727328879,1.41415947142681e-09,2.04062204012301e-08,"TMEM132D-AS1"
"ENSG00000118160.14",39.4101689555333,-2.88177230167503,0.316861236860973,-9.09474547983111,1.43566809255573e-09,2.07042935602992e-08,"SLC8A2"
"ENSG00000146477.6",731.597998773041,1.96827384554633,0.163097436373823,12.0680857364,1.45335803121837e-09,2.09450928020738e-08,"SLC22A3"
"ENSG00000171408.14",49.676112444752,-2.07729468058244,0.181463584475649,-11.4474465308559,1.45408936448965e-09,2.09450928020738e-08,"PDE7B"
"ENSG00000172828.13",1676.48452492059,-2.23155244791431,0.207513624450741,-10.7537635363505,1.47099409531491e-09,2.11760405901377e-08,"CES3"
"ENSG00000224903.2",25.5289737476661,2.10680511353308,0.186562804780857,11.2927392789137,1.49074587580823e-09,2.14466492270401e-08,"RNF32-AS1"
"ENSG00000241547.1",78.1010898153231,2.91798336416465,0.323299682262629,9.02563016376322,1.4915570861604e-09,2.14466492270401e-08,"ACTG1P20"
"ENSG00000173641.18",273.672424761676,-2.74994783691219,0.295010622304222,-9.32152142669759,1.49803896918811e-09,2.1527112330734e-08,"HSPB7"
"ENSG00000164176.13",914.451577806463,-2.01592205541477,0.171370942091247,-11.7634998723493,1.53132115360458e-09,2.1992378269853e-08,"EDIL3"
"ENSG00000169253.3",19.4929277473513,3.12211788922362,0.358010143852854,8.72075258992338,1.53757305605238e-09,2.20620477954379e-08,"AL669983.1"
"ENSG00000170381.14",34.6254348777107,-3.46728932256628,0.416245117814622,-8.32992189979382,1.53798802327044e-09,2.20620477954379e-08,"SEMA3E"
"ENSG00000153237.18",15.4735851473995,2.34579140353684,0.227078685497819,10.3303020201752,1.54689990046538e-09,2.21767950332206e-08,"CCDC148"
"ENSG00000236144.8",222.892492341039,1.74128020922219,0.12511005029664,13.9179882438985,1.56124687339146e-09,2.23692800845592e-08,"TMEM147-AS1"
"ENSG00000186871.7",307.074436513652,1.75047066041121,0.126676339813501,13.818449940915,1.56800006620395e-09,2.24528000051597e-08,"ERCC6L"
"ENSG00000120885.22",2681.52732682248,-2.36064431714952,0.229838158897105,-10.2708981331788,1.60960519036833e-09,2.30349859399002e-08,"CLU"
"ENSG00000254911.3",11.1587141235047,3.6355391590642,0.445434767682545,8.16177681409726,1.64153495430415e-09,2.34781044082347e-08,"SCARNA9"
"ENSG00000179066.8",12.3536166421843,3.72133495102773,0.460017518734532,8.08955050508685,1.65213206569233e-09,2.36157701154844e-08,"AC020907.1"
"ENSG00000235350.1",3.70363405545874,3.07323608744503,0.350527207380747,8.76746803881286,1.66318856329284e-09,2.37458766674595e-08,"AL606490.8"
"ENSG00000265148.6",263.143289108966,2.14592476419433,0.193742229709379,11.0761849257816,1.66253029885279e-09,2.37458766674595e-08,"TSPOAP1-AS1"
"ENSG00000002079.14",9.87207958585471,2.37691564170302,0.232807046295194,10.2098097094928,1.66536605881089e-09,2.37630036577244e-08,"MYH16"
"ENSG00000287459.1",4.91244778110879,4.94912673965879,0.668028387264689,7.40855753139998,1.69384647783396e-09,2.41552050536181e-08,"AL512356.5"
"ENSG00000184489.12",2074.48375374262,2.17875090419758,0.199455139790299,10.9235134601608,1.71204765346301e-09,2.44004445625519e-08,"PTP4A3"
"ENSG00000081923.15",5984.73477747533,-1.63369824110839,0.107248346694633,-15.2328524537539,1.72409633564316e-09,2.45577614045303e-08,"ATP8B1"
"ENSG00000234800.2",2.93038329614604,3.4306292961969,0.411434716552952,8.33821055485816,1.73467672485086e-09,2.46939920409349e-08,"PCMTD1P3"
"ENSG00000283265.1",6.40176036221213,2.94664363243044,0.329574598925184,8.9407485954321,1.74689920555641e-09,2.48534254654688e-08,"AL356234.3"
"ENSG00000166961.15",21.5418774685406,3.20778030965278,0.373857219933332,8.58022832948044,1.75884981384689e-09,2.5008806598291e-08,"MS4A15"
"ENSG00000122034.17",6190.1673736041,1.82734085855557,0.140118697217686,13.0413777378806,1.76782312417808e-09,2.51216970277937e-08,"GTF3A"
"ENSG00000198569.10",19.0083583434745,2.68525397418285,0.285447597442316,9.40716964599954,1.77504062837231e-09,2.52095191522193e-08,"SLC34A3"
"ENSG00000101098.13",13.6019806650584,-3.42833360783529,0.411369043294922,-8.33396110795198,1.78416885831032e-09,2.53243593790542e-08,"RIMS4"
"ENSG00000203867.8",23.6836882846716,-2.52565363577415,0.258521151857385,-9.76962085163324,1.80143482770719e-09,2.55545045611702e-08,"RBM20"
"ENSG00000178537.10",792.256643008196,-1.61477996536198,0.104208883279455,-15.4956076156354,1.82306008803573e-09,2.58461844453141e-08,"SLC25A20"
"ENSG00000156804.7",1636.58674671184,-2.01273065677628,0.171676556528288,-11.7239691748164,1.82786891382333e-09,2.58992504990711e-08,"FBXO32"
"ENSG00000230524.8",8.0290837265371,2.37170893616037,0.232880112832545,10.1842484843941,1.92871793462655e-09,2.73122644588724e-08,"COL6A4P1"
"ENSG00000124766.7",5217.20609517894,1.63132229138314,0.107226899866299,15.2137410800576,1.95776251365905e-09,2.77074135596476e-08,"SOX4"
"ENSG00000164270.18",38.8623265273958,-2.92467863506004,0.326934004518657,-8.94577680705325,1.96568341700822e-09,2.78033219052967e-08,"HTR4"
"ENSG00000255737.2",48.3099443483087,2.35760485442309,0.230709638860289,10.2189265523093,1.99661040790829e-09,2.82243356091748e-08,"AGAP2-AS1"
"ENSG00000146678.10",26.7104147144644,3.69928469913605,0.458746100527396,8.06390440133045,2.00174178125848e-09,2.8280421677082e-08,"IGFBP1"
"ENSG00000228526.7",189.153831384317,2.05010574742639,0.178523885284191,11.4836496201214,2.02475417006143e-09,2.85889171019714e-08,"MIR34AHG"
"ENSG00000198930.13",16.8081362851446,5.85843889563488,0.8262591700854,7.09031634109352,2.05080793478697e-09,2.89399725989102e-08,"CSAG1"
"ENSG00000271797.1",6.98070854097312,-1.68557783288217,0.116643203027991,-14.4507162794362,2.08174509906736e-09,2.93594926914317e-08,"AC008494.3"
"ENSG00000124391.5",13.9031316251062,3.13416325609753,0.363149329315555,8.63050817691068,2.09111215418234e-09,2.94744926604587e-08,"IL17C"
"ENSG00000197168.13",111.571323875919,2.16432424430609,0.19815516653473,10.9223709992278,2.10376677323506e-09,2.96356710664417e-08,"NEK5"
"ENSG00000261236.8",4320.87467205097,1.88710612068901,0.151024893860037,12.4953315473798,2.12821623413024e-09,2.9962719866376e-08,"BOP1"
"ENSG00000260947.1",7.79888768263292,-3.07151022688742,0.352733204735033,-8.70774337560506,2.14325878186318e-09,3.01570286040968e-08,"AL356489.2"
"ENSG00000181355.21",4.92025722182357,4.24911484888298,0.553517694970738,7.67656551450917,2.17978363417821e-09,3.06532073556311e-08,"OFCC1"
"ENSG00000103184.12",22.6975029591131,-2.40248451529779,0.23900474981633,-10.0520366944341,2.20515792701614e-09,3.09741835991285e-08,"SEC14L5"
"ENSG00000287481.1",4.68969865765053,3.81034452797359,0.478923431527388,7.95606202816514,2.20481015522794e-09,3.09741835991285e-08,"AL161663.1"
"ENSG00000253641.6",37.3524721805174,2.97850643967912,0.337347779363606,8.82918644165365,2.24720001601957e-09,3.15464820273112e-08,"LINCR-0001"
"ENSG00000137757.11",257.473640674703,-2.22865006607076,0.209505213113165,-10.6376831056082,2.25200359746913e-09,3.15956624818128e-08,"CASP5"
"ENSG00000121871.4",12.7980465508701,-3.58650029512716,0.441372751348661,-8.12578548215363,2.31256913814862e-09,3.24266763167984e-08,"SLITRK3"
"ENSG00000176244.7",120.929741813382,1.99008012994863,0.168968537521792,11.7778147289224,2.32057133500973e-09,3.25201173245308e-08,"ACBD7"
"ENSG00000270472.2",9.85936785429852,-3.18686699171725,0.37350139182772,-8.53240994932414,2.38442223496388e-09,3.3395654357131e-08,"IGHV3OR16-9"
"ENSG00000137674.4",6.16863883003393,3.66093238622097,0.454514211036781,8.05460488874508,2.39290312401061e-09,3.34951301344804e-08,"MMP20"
"ENSG00000243694.3",4.68484982391367,4.66790900232938,0.626578937250251,7.44983389134424,2.40138128484929e-09,3.35944532077362e-08,"LINC02027"
"ENSG00000164122.9",13.2303872665134,-4.46654666740249,0.592221367778808,-7.54202213971908,2.40718735722852e-09,3.36563019451398e-08,"ASB5"
"ENSG00000142875.19",1893.35194634508,-2.03902380794551,0.177512916030137,-11.4866222331638,2.41059289271083e-09,3.3684535533567e-08,"PRKACB"
"ENSG00000139200.14",26.5768818184441,-2.32930579271577,0.227142023459856,-10.2548430151123,2.4239431238304e-09,3.38516194879763e-08,"PIANP"
"ENSG00000150201.15",19.7767467132454,2.91454081758481,0.327187296521737,8.90786668238259,2.4356015904313e-09,3.39948987061922e-08,"FXYD4"
"ENSG00000101003.10",1086.72444913505,1.72417291207828,0.123784504033581,13.9288267585621,2.4538615147148e-09,3.42301003487771e-08,"GINS1"
"ENSG00000136574.18",69.2018910253563,4.67058874366032,0.62747344106077,7.44348435810206,2.46094933814343e-09,3.42896037367462e-08,"GATA4"
"ENSG00000243989.9",53.2349635509903,2.43714528127094,0.245673019784077,9.92028055589072,2.46038564316482e-09,3.42896037367462e-08,"ACY1"
"ENSG00000270933.1",75.0430130948511,2.1530424830502,0.197162977572748,10.9201154778451,2.48506202842351e-09,3.46057348370724e-08,"AC010719.1"
"ENSG00000127249.15",66.9188595888465,-2.57356780831643,0.269238570644186,-9.55868916611337,2.54029119031559e-09,3.53545681126396e-08,"ATP13A4"
"ENSG00000244734.4",796.736331131967,-2.63921111585687,0.280513135153576,-9.40851170627698,2.55398110007905e-09,3.5524751420676e-08,"HBB"
"ENSG00000259306.2",6.25811011342091,2.74730884853102,0.299036887470982,9.18719048932589,2.56158204993804e-09,3.56100937148137e-08,"AC020891.2"
"ENSG00000210140.1",335.679156305753,3.47345856161313,0.423662768903367,8.19864008962606,2.63724693367393e-09,3.6640995133377e-08,"MT-TC"
"ENSG00000261039.3",5.5473293278338,3.69163772786865,0.461142079436666,8.00542369149736,2.65913523949684e-09,3.69239921827276e-08,"LINC02544"
"ENSG00000152642.11",2050.66189325072,-1.51598938595262,0.0884315596972197,-17.1430809446674,2.69112759430582e-09,3.73468878021881e-08,"GPD1L"
"ENSG00000069974.16",967.345074895277,-1.64630085197354,0.110770122216198,-14.8623186382365,2.6957696287006e-09,3.73899554665665e-08,"RAB27A"
"ENSG00000261730.1",3.95100626942188,-2.20892912628818,0.207250798838107,-10.6582417953123,2.7192066605278e-09,3.76935093273392e-08,"AL034346.1"
"ENSG00000229314.5",23.7139147162525,4.06218864322779,0.524973384535207,7.7378944588292,2.72139119475946e-09,3.77022839410804e-08,"ORM1"
"ENSG00000143217.9",655.578135675062,1.97202102387805,0.166707511875868,11.829227139725,2.7598131659196e-09,3.82127976819636e-08,"NECTIN4"
"ENSG00000166482.12",1603.49560125741,-2.25883990252509,0.216022894259122,-10.4564838383083,2.81580804848761e-09,3.89659086436497e-08,"MFAP4"
"ENSG00000141096.6",3.61472364695781,-2.62988019092292,0.279761547067357,-9.40043482920023,2.83922388255636e-09,3.92675813011494e-08,"DPEP3"
"ENSG00000125931.11",4.05113077942501,3.68908306552277,0.461595565101721,7.99202450029998,2.84494777710802e-09,3.93243634719709e-08,"CITED1"
"ENSG00000103021.9",343.123518025607,1.8038638521094,0.138010499867913,13.0704827084594,2.86149730369023e-09,3.95306335870794e-08,"CCDC113"
"ENSG00000171303.7",45.7010260291225,-2.88899113672424,0.324335183250869,-8.90742443594115,2.86943836778504e-09,3.9595316489027e-08,"KCNK3"
"ENSG00000286519.1",7.42407565563975,4.01389374544475,0.517470865436238,7.75675311123256,2.86801572430941e-09,3.9595316489027e-08,"AC009236.1"
"ENSG00000159307.19",122.217395828848,-2.13955535806355,0.195701794868295,-10.9327324233457,2.8914595464381e-09,3.98765419854971e-08,"SCUBE1"
"ENSG00000155816.20",30.6631698555451,-3.23256997957094,0.383432748424165,-8.43060482667738,2.89720613198986e-09,3.99284784576853e-08,"FMN2"
"ENSG00000259664.3",8.07081190483373,3.6061778766393,0.447603826287647,8.05662879727448,2.89851176952086e-09,3.99284784576853e-08,"LINC02254"
"ENSG00000243479.3",136.763433945105,1.88204428405378,0.151511562690098,12.4217865002377,2.91381959041135e-09,4.01166096583546e-08,"MNX1-AS1"
"ENSG00000108465.15",293.720966608564,2.01706061280767,0.17472177198527,11.5444148138431,2.92430983919609e-09,4.02382384442044e-08,"CDK5RAP3"
"ENSG00000255874.2",129.715205738352,2.00174794437944,0.172127247914892,11.629465808744,2.9457212589389e-09,4.04870059910719e-08,"PRECSIT"
"ENSG00000263781.3",11.827270592493,3.45905765258452,0.422527340378628,8.18658894235068,2.94452649220151e-09,4.04870059910719e-08,"AC024619.4"
"ENSG00000137634.10",1372.69010714646,-2.95789709297304,0.336484531935399,-8.79058860732689,2.96564085168644e-09,4.07147303367121e-08,"NXPE4"
"ENSG00000172167.8",257.978434244751,1.74341171501218,0.127761630918946,13.6458160597389,2.96464358163346e-09,4.07147303367121e-08,"MTBP"
"ENSG00000127472.11",38.8638843836688,-2.400653088906,0.240886259851973,-9.96591956046487,3.03926573263193e-09,4.1701952175582e-08,"PLA2G5"
"ENSG00000147588.7",7.0139566530273,-3.73966100307856,0.471243021783663,-7.9357376771838,3.05552067693391e-09,4.19013275674345e-08,"PMP2"
"ENSG00000167914.12",126.288681658828,2.38364211813034,0.238040595566945,10.01359500237,3.07492823515395e-09,4.21436864716531e-08,"GSDMA"
"ENSG00000089723.10",229.941229270681,1.85934597268407,0.147902924612273,12.5713942273849,3.11986226854048e-09,4.27354301722287e-08,"OTUB2"
"ENSG00000132185.18",44.5469275561702,-2.73495022947881,0.298807021705246,-9.15289812759709,3.19425233446481e-09,4.37297643535182e-08,"FCRLA"
"ENSG00000286223.1",33.7256918837329,2.04456334061271,0.179943810273622,11.3622321184805,3.2194188447691e-09,4.40494808152529e-08,"AC064836.3"
"ENSG00000287626.1",21.5926660262412,2.80702295217148,0.311325889875888,9.0163492451287,3.23213914890377e-09,4.41986388960954e-08,"AL021978.1"
"ENSG00000146122.17",270.342505944187,-1.90671002003828,0.156257847816118,-12.2023312536729,3.2636954366745e-09,4.46050613673737e-08,"DAAM2"
"ENSG00000280186.1",4.46204230995042,-1.89635830666489,0.154620907434797,-12.2645658865026,3.37286518541394e-09,4.60711770688919e-08,"AL359258.3"
"ENSG00000187140.6",5.3329850421411,-3.17844481095416,0.375803765508863,-8.45772475603149,3.38038592709613e-09,4.61479651845146e-08,"FOXD3"
"ENSG00000256643.1",72.0909841243052,-2.51959985620514,0.262368795917052,-9.60327560066141,3.48083273621652e-09,4.74925522122749e-08,"LINC02441"
"ENSG00000137819.14",604.593723792573,-1.92471466845693,0.159673070456808,-12.0540969303748,3.49218268124803e-09,4.76206729261095e-08,"PAQR5"
"ENSG00000125845.7",689.023184849154,-1.93261922256577,0.161065939670974,-11.9989317823106,3.51315610869267e-09,4.787980563165e-08,"BMP2"
"ENSG00000139629.16",2639.38654600203,1.79086236534926,0.136596704134994,13.1105825480197,3.52431783042659e-09,4.80050018382097e-08,"GALNT6"
"ENSG00000163710.9",74.5989810695613,-3.01736948618327,0.348464121362484,-8.65905354727896,3.53364683031139e-09,4.81051081101214e-08,"PCOLCE2"
"ENSG00000249239.2",8.72909089232735,4.14015933983858,0.542671549194442,7.62921761051294,3.59378180706915e-09,4.88963594130908e-08,"AC095059.2"
"ENSG00000118298.12",25.797654010825,-2.01800071715708,0.176040491777664,-11.4632758451151,3.67414370607110e-09,4.99617750741621e-08,"CA14"
"ENSG00000124615.20",344.854309861109,-1.8719189213455,0.150788666728901,-12.4141884264483,3.68233006420791e-09,5.00450897987987e-08,"MOCS1"
"ENSG00000205795.4",88.3573249472178,-2.16425038051748,0.201356468216747,-10.7483529070832,3.6900919049839e-09,5.01225451599267e-08,"CYS1"
"ENSG00000225831.1",4.56916174191667,4.10754845555097,0.537699855554344,7.63911020827088,3.74978751586924e-09,5.09049366679455e-08,"RPS18P1"
"ENSG00000263312.1",2.13953281639519,-2.60776462478183,0.278523967514208,-9.36280151419574,3.9064441242166e-09,5.30020057054514e-08,"LINC01975"
"ENSG00000174672.16",202.206632687435,2.65072383753469,0.286000412497763,9.26825179860686,3.92254479658839e-09,5.31749208390894e-08,"BRSK2"
"ENSG00000253313.6",884.824827105875,-1.66996558552307,0.116077495277512,-14.3866438669322,3.92356514668672e-09,5.31749208390894e-08,"C1orf210"
"ENSG00000116017.11",1538.87919484301,2.03551331887391,0.179526250182277,11.3382489569476,4.01010738071941e-09,5.43175079997111e-08,"ARID3A"
"ENSG00000186895.4",4.44075872687921,4.72064358592749,0.645589864147703,7.3121401807626,4.12744949239075e-09,5.58757786435071e-08,"FGF3"
"ENSG00000266282.1",12.9227720171169,3.20525855024039,0.382675446233618,8.37591902429931,4.13799709705388e-09,5.59873772040141e-08,"UBL5P2"
"ENSG00000172244.9",112.796758067417,1.62267361855908,0.108059652938533,15.0164615046663,4.14843015682423e-09,5.60973026214962e-08,"C5orf34"
"ENSG00000171403.10",2.81455780372055,-3.15013707871393,0.37319731588814,-8.44094248431876,4.17108237839703e-09,5.63423067146294e-08,"KRT9"
"ENSG00000197476.3",10.4484633946015,-3.19021062392857,0.380153119803717,-8.39190962203798,4.17118558763861e-09,5.63423067146294e-08,"AC034105.1"
"ENSG00000257859.2",3.96248688917947,-2.57325362802977,0.273098931189522,-9.42242291766425,4.18714425358673e-09,5.65264474234209e-08,"CASC18"
"ENSG00000236480.1",18.7817046863526,2.95088180409953,0.33870097048329,8.71235119252519,4.20833018270565e-09,5.6780912515129e-08,"PKMP1"
"ENSG00000148180.21",13060.787072166,-1.86944404900415,0.150958550759336,-12.3838235038735,4.21845837460196e-09,5.68859814111141e-08,"GSN"
"ENSG00000197629.6",955.061211665937,-2.09432144649275,0.190011740876723,-11.0220633568718,4.22490819014454e-09,5.69413583031128e-08,"MPEG1"
"ENSG00000167011.9",6.51208190621569,3.21638943262557,0.384924552182093,8.35589575773285,4.25621976064118e-09,5.73315632946678e-08,"NAT16"
"ENSG00000283016.1",9.34308929135853,2.75603221481468,0.304978494060892,9.03680839300235,4.25862480857378e-09,5.73321788633478e-08,"ATP5MC1P2"
"ENSG00000161640.15",7.83935331491044,-2.24917285487947,0.216955017392696,-10.3670008737728,4.26211153340448e-09,5.73473478747114e-08,"SIGLEC11"
"ENSG00000232888.4",219.225150810685,2.60044924973192,0.278007736353086,9.35387368655525,4.28486210982975e-09,5.76215546590277e-08,"RPS11P5"
"ENSG00000104369.5",972.894805034526,1.69452223323733,0.120700279724451,14.0390911860833,4.35506837377119e-09,5.85245702045702e-08,"JPH1"
"ENSG00000107738.20",1485.84379438933,-1.73340312214461,0.127458860823481,-13.5997066892448,4.35682911522911e-09,5.85245702045702e-08,"VSIR"
"ENSG00000143228.13",537.765956359656,1.70982393938231,0.123373833764159,13.8588863393092,4.37227694037397e-09,5.86996296414848e-08,"NUF2"
"ENSG00000243238.1",291.380373873394,-2.93778324591027,0.336864460165635,-8.72096523469935,4.39894697141987e-09,5.90250753205428e-08,"IGKV2-30"
"ENSG00000203896.10",76.4695870075881,2.09811765078537,0.190976624933527,10.9862536921242,4.46188813338794e-09,5.98365792722555e-08,"LIME1"
"ENSG00000164620.9",103.648422180427,2.0908933729627,0.189784423538079,11.0172022233593,4.513502966817e-09,6.04953789816067e-08,"RELL2"
"ENSG00000071967.12",1771.79392080767,-2.08850784506305,0.189463471711444,-11.0232744401722,4.59028966065682e-09,6.14906498092397e-08,"CYBRD1"
"ENSG00000231878.1",4.45381292264844,3.61984598433958,0.456074217718544,7.9369669314951,4.61397357487947e-09,6.17738610851631e-08,"SNRPFP1"
"ENSG00000184428.13",2302.14042932856,1.75997397815809,0.132303977263503,13.3025024232858,4.61917540237746e-09,6.18094505934869e-08,"TOP1MT"
"ENSG00000168913.7",13.584727887387,-2.42517623385319,0.248268019399612,-9.76837951065143,4.7205819412789e-09,6.31316131937685e-08,"ENHO"
"ENSG00000181634.8",580.17418660011,1.77802678596254,0.135539501129594,13.1181446821359,4.72763422159979e-09,6.31911504867299e-08,"TNFSF15"
"ENSG00000139734.19",628.446007138044,1.64670241918864,0.112672007994864,14.6150090736263,4.74249534852842e-09,6.3354940609808e-08,"DIAPH3"
"ENSG00000222489.1",20.7966732939424,3.63140597605651,0.458731376796752,7.91619269955772,4.83928237313221e-09,6.46123965203916e-08,"SNORA79B"
"ENSG00000112175.8",91.2360492394992,-2.63256953245386,0.284639235527368,-9.24879357400021,4.85911895329271e-09,6.48416202992932e-08,"BMP5"
"ENSG00000106714.17",13.2552781157229,-2.59815504327736,0.278679659319852,-9.32308819961402,4.88313799009925e-09,6.5126373852586e-08,"CNTNAP3"
"ENSG00000287600.1",6.5290772107544,3.05937219084808,0.359124978074199,8.51896241596424,4.89243145094992e-09,6.52145278431614e-08,"AC122719.3"
"ENSG00000288675.1",15.0505135895124,2.00491827216779,0.175270911396225,11.4389675742336,4.91853919171277e-09,6.55265912053839e-08,"AP006621.6"
"ENSG00000168631.13",9.52738517339765,4.17859488586584,0.554691467198451,7.53318760602256,5.01018851134539e-09,6.67110031921605e-08,"MUCL3"
"ENSG00000241749.4",11.3931919924427,2.43500892757138,0.250525742710363,9.71959568397142,5.08138034059311e-09,6.7621874192997e-08,"RPSAP52"
"ENSG00000134121.10",138.892204549787,-2.41244190212711,0.246631883654493,-9.78154919137181,5.11341627985959e-09,6.80109554464083e-08,"CHL1"
"ENSG00000197046.12",76.9312286153687,2.5640259888059,0.273124901727742,9.38774155189185,5.1288162852057e-09,6.81784659357213e-08,"SIGLEC15"
"ENSG00000163145.13",61.6086451776522,-2.55040989095688,0.270798490712221,-9.41810969569699,5.16173712915119e-09,6.85785742145291e-08,"C1QTNF7"
"ENSG00000226468.2",7.02935861936196,3.37430997919015,0.414723993768216,8.1362786573569,5.1705769153671e-09,6.8658480351596e-08,"AC018641.1"
"ENSG00000121898.13",411.517385284153,-2.40835711609123,0.246010858471465,-9.78963746175694,5.17850798358883e-09,6.87262392142046e-08,"CPXM2"
"ENSG00000131910.5",134.170766638468,2.55307046021731,0.271312117266582,9.41008638294159,5.19322224117797e-09,6.88838976313453e-08,"NR0B2"
"ENSG00000228325.5",4.23480925669921,-3.53337841532114,0.442748003028274,-7.9805631897915,5.26566166118562e-09,6.98066439535246e-08,"IGKV3D-7"
"ENSG00000232023.3",17.0161294786506,3.69281373013403,0.470668330835325,7.84589378167884,5.28699021214525e-09,7.00511789286421e-08,"LINC01807"
"ENSG00000152578.13",13.7350395062199,-2.58391213517553,0.27686130300679,-9.33287572915947,5.29622608461616e-09,7.01353100033638e-08,"GRIA4"
"ENSG00000188828.12",42.5331836122567,-2.54940325683475,0.270968147640557,-9.40849793244545,5.388392621651e-09,7.13169611689103e-08,"GLRA4"
"ENSG00000094755.17",229.823128592272,3.0239459856646,0.354041492683566,8.54121917389874,5.43090306244781e-09,7.1840470559326e-08,"GABRP"
"ENSG00000166405.15",17.1941583994026,-2.75601577091447,0.307304729201174,-8.96834805659718,5.50947468861252e-09,7.28401713456389e-08,"RIC3"
"ENSG00000116014.10",12.4323918087289,3.10731049835021,0.369070147657459,8.4192951341981,5.65601166387549e-09,7.47368588538197e-08,"KISS1R"
"ENSG00000237064.1",5.69920470296725,4.25120121649932,0.56964268011266,7.46292608492493,5.73441340004115e-09,7.57316552288043e-08,"EIF3IP1"
"ENSG00000166573.6",3.81072006751233,-3.4744652226275,0.433771512091277,-8.00989720573533,5.83302058525256e-09,7.69920696478204e-08,"GALR1"
"ENSG00000204065.3",3.653265489859,-3.34447532938173,0.411076020046226,-8.13590471418315,5.87671439863771e-09,7.74846228360805e-08,"TCEAL5"
"ENSG00000276712.1",5.40610084105452,2.59310185222416,0.279330198138112,9.2832850494096,5.87575005625327e-09,7.74846228360805e-08,"MIR7111"
"ENSG00000228727.9",19.5970265078061,2.26894144883738,0.222605530010703,10.1926553609351,5.97619212109614e-09,7.87535078864622e-08,"SAPCD1"
"ENSG00000125148.7",2833.11932568043,-2.20101050961007,0.210698043565384,-10.4462788185646,5.98509329281989e-09,7.88280580029936e-08,"MT2A"
"ENSG00000124207.17",5923.28294761029,1.53064874068232,0.0931987580729492,16.4234885993249,6.2146106001221e-09,8.18066292432107e-08,"CSE1L"
"ENSG00000276903.2",10.5933405548619,3.6105720819873,0.458818616533536,7.86927982405308,6.36055572498392e-09,8.36824602691442e-08,"H2AC16"
"ENSG00000205414.1",24.2280064090965,3.14241507519393,0.376574560011406,8.34473543592204,6.38109212688841e-09,8.39072179022665e-08,"AC007608.1"
"ENSG00000074276.10",2072.97382850611,-2.38456166608307,0.243464890913572,-9.79427324052882,6.4681246404744e-09,8.50056402182412e-08,"CDHR2"
"ENSG00000179639.10",28.7406796466861,-2.42630866961988,0.25090265252944,-9.67031892711926,6.55176362925135e-09,8.60583006436799e-08,"FCER1A"
"ENSG00000152092.16",10.1189227878774,-3.34858461340093,0.413283530345102,-8.10239065322729,6.62751986033471e-09,8.70063385230327e-08,"ASTN1"
"ENSG00000128342.5",1164.82776300376,1.85298214622291,0.150144008094471,12.3413659308802,6.6918147281809e-09,8.78029686256998e-08,"LIF"
"ENSG00000054277.14",94.8444988375269,-1.765361885929,0.134846208173078,-13.0916687228099,6.90156778775321e-09,9.05062586305467e-08,"OPN3"
"ENSG00000176928.7",73.9989875801033,-2.24881407338647,0.220162212954087,-10.2143507880503,7.0468993341569e-09,9.23622728263283e-08,"GCNT4"
"ENSG00000105366.15",32.3532619116771,-2.32533689016297,0.233768110366046,-9.94719462172078,7.16278294348626e-09,9.38305258904129e-08,"SIGLEC8"
"ENSG00000167618.10",22.5847857416485,2.62525825418751,0.286820196905,9.15297556628151,7.28843536595254e-09,9.54250966555208e-08,"LAIR2"
"ENSG00000268879.1",3.95287357231095,4.06333156134469,0.540709251237519,7.51481790268054,7.3343056141295e-09,9.59739506857011e-08,"IGFL1P1"
"ENSG00000227115.8",6.21655925488971,4.3216995919799,0.586437515716705,7.36941187450841,7.38558628836184e-09,9.65929746002114e-08,"LINC01630"
"ENSG00000265683.1",6.83849333325208,2.37932122053897,0.243536072899327,9.76989237041092,7.40610824000741e-09,9.6809268548779e-08,"SYPL1P2"
"ENSG00000188993.3",275.558881718396,-1.95682026033138,0.169086147307437,-11.5729188433955,7.62291690556642e-09,9.95897208630451e-08,"LRRC66"
"ENSG00000167916.5",15.2731391874342,-5.71329454449873,0.833129496110113,-6.85763086191779,7.6869739596851e-09,1.00372631499381e-07,"KRT24"
"ENSG00000019102.12",1312.5794006346,-2.82424655074674,0.322722228174969,-8.75132328726835,7.89810976171423e-09,1.0307414995148e-07,"VSIG2"
"ENSG00000236391.3",8.02503279044212,2.58304327520641,0.280131512786861,9.22082363925876,7.97252612779546e-09,1.03989471232115e-07,"AC092573.1"
"ENSG00000066468.23",700.975116175794,-2.21916217543124,0.21589962754539,-10.2786753301123,8.1686543872207e-09,1.06490505155291e-07,"FGFR2"
"ENSG00000138180.16",1332.75760246696,1.63059602347798,0.111687605702824,14.5996148204361,8.2078584548247e-09,1.069442147197e-07,"CEP55"
"ENSG00000257761.3",4.75424671759003,3.28506691654775,0.404825765894527,8.1147673723012,8.27978417167083e-09,1.07823555933334e-07,"AC078860.2"
"ENSG00000136881.12",22.1651720745952,2.78117441111736,0.315579765999261,8.81290472572272,8.3007485484496e-09,1.08018983223465e-07,"BAAT"
"ENSG00000138650.9",8.55489350173246,-2.9493416141758,0.345378527877686,-8.53944694332673,8.30368150870092e-09,1.08018983223465e-07,"PCDH10"
"ENSG00000273374.1",12.3930597573181,2.47113071002868,0.260679102399148,9.47958884040086,8.333568936802e-09,1.08349772693573e-07,"AC069222.1"
"ENSG00000287156.1",30.5274303794104,2.15652313235221,0.205076931212421,10.5156787728526,8.52921795753889e-09,1.10834222656789e-07,"AL138479.2"
"ENSG00000196924.19",30723.139448436,-2.12787431928906,0.200000971106936,-10.6393199368584,8.53495027529253e-09,1.10849434361095e-07,"FLNA"
"ENSG00000197506.8",269.780428485806,2.52280973538796,0.270055590383525,9.34181637123358,8.55823296179332e-09,1.11092447100202e-07,"SLC28A3"
"ENSG00000253785.1",33.1405512379813,2.27174149832347,0.225539445900999,10.0724797351886,8.568651931855e-09,1.11168308565978e-07,"AC008429.2"
"ENSG00000186038.9",9.50510913905292,-3.28706219636446,0.405695937846758,-8.10228027869992,8.63283816207779e-09,1.11941284598981e-07,"HTR3E"
"ENSG00000138074.15",3834.55899962333,1.77105153143627,0.136798939397423,12.9463834971051,8.68283019239989e-09,1.12529479293503e-07,"SLC5A6"
"ENSG00000285106.2",47.7072057175276,2.32330314484677,0.234795663581319,9.89500022875049,8.70339077888713e-09,1.12735818724391e-07,"AC016831.6"
"ENSG00000212901.4",3.20129642071729,4.43679938217485,0.610415870201602,7.26848628740519,8.99696592652538e-09,1.16476436875102e-07,"KRTAP3-1"
"ENSG00000134339.9",67.2412987241278,2.92679208224192,0.342337235350539,8.54944125270221,9.09734242384584e-09,1.17713216666376e-07,"SAA2"
"ENSG00000257582.5",4.06032871876789,-2.34663791046496,0.23958415168442,-9.79462912703821,9.50759390972094e-09,1.22956110700489e-07,"LINC01475"
"ENSG00000236242.1",3.12445504124159,4.16359611130165,0.562915371086233,7.39648679919211,9.54672183304713e-09,1.23396457735662e-07,"MYO16-AS1"
"ENSG00000196793.14",234.199585893914,1.79577249773076,0.14165088298849,12.6774536087902,9.66777329404451e-09,1.24840588085855e-07,"ZNF239"
"ENSG00000250137.1",2.08816516696406,-3.24853425874068,0.400249854523663,-8.11626593245552,9.66872373570285e-09,1.24840588085855e-07,"AC093607.1"
"ENSG00000134962.7",33.2024816474024,-2.13151996659724,0.201425190722819,-10.5821916263216,9.68312577302221e-09,1.24960146725672e-07,"KLB"
"ENSG00000224122.2",6.49186474739301,5.34072498245615,0.773032327149786,6.90879901769141,9.81720207481415e-09,1.26623147780246e-07,"POU6F2-AS1"
"ENSG00000222032.1",3.63040602050969,3.61797720275446,0.466359260584631,7.75791864456371,9.90519238148877e-09,1.27690278445717e-07,"AC112721.2"
"ENSG00000162407.9",899.04154879153,-1.55546554179449,0.0989868865274304,-15.7138545959161,1.00286466525258e-08,1.29213209785989e-07,"PLPP3"
"ENSG00000242082.2",15.5659995636068,2.8158281161261,0.323651552058863,8.70018418948902,1.00905512430397e-08,1.29941915848365e-07,"SLC5A4-AS1"
"ENSG00000165406.16",1195.97458815122,-1.46776473633996,0.083421351530693,-17.5945931036603,1.02780731539653e-08,1.32286640699871e-07,"MARCHF8"
"ENSG00000282024.1",4.74356346180339,3.74552069135469,0.48971678122349,7.64834049998657,1.03322584728233e-08,1.32913647903444e-07,"AL009031.1"
"ENSG00000216560.4",6.76209397158402,-3.51006386054156,0.447775256159956,-7.8388964380106,1.03747462925159e-08,1.33389595189491e-07,"LINC00955"
"ENSG00000220472.1",84.8123447496418,2.62081681039453,0.289291363439589,9.05943675343017,1.05510547468651e-08,1.35584680247923e-07,"AL139095.2"
"ENSG00000203914.4",13.896781507552,2.92646175060796,0.343916603197012,8.50921916361085,1.06229403919005e-08,1.36436285160245e-07,"HSP90B3P"
"ENSG00000104327.7",125.369000153218,3.56338288306555,0.458060434881273,7.77928546478624,1.09571045035467e-08,1.40653797906066e-07,"CALB1"
"ENSG00000253649.5",36.7107756565809,2.94943804442995,0.348493879893989,8.46338548420753,1.11015865765676e-08,1.42433238548359e-07,"PRSS51"
"ENSG00000013293.6",10.963727251567,-3.5224328659939,0.451037657539553,-7.80962034347434,1.1190476392399e-08,1.43497929464536e-07,"SLC7A14"
"ENSG00000085552.17",873.378651441356,-1.88317923790424,0.157950297893059,-11.9226064339509,1.12557542800636e-08,1.44182830261225e-07,"IGSF9"
"ENSG00000215866.8",12.0934220833365,2.23385851264612,0.220666681143936,10.1232252239704,1.1255589934683e-08,1.44182830261225e-07,"LINC01356"
"ENSG00000277157.2",17.1804503744065,3.398655466152,0.429259442917515,7.91748561907601,1.14921161046351e-08,1.47132993331208e-07,"H4C4"
"ENSG00000197961.12",1481.68279304498,1.69185885199553,0.123840835334726,13.6615587856998,1.15727249224865e-08,1.48087001377789e-07,"ZNF121"
"ENSG00000224041.3",58.5542088209992,-2.82703082600952,0.3270788072513,-8.64327117298513,1.16243804973339e-08,1.48669708465902e-07,"IGKV3D-15"
"ENSG00000227467.3",4.23829428087735,-2.33828587796898,0.239676799011687,-9.75599593957761,1.17720196907641e-08,1.50478736709925e-07,"LINC01537"
"ENSG00000160345.13",71.1643224299703,1.89745652335056,0.160772677419689,11.8021081305833,1.18784554347424e-08,1.51759446406014e-07,"C9orf116"
"ENSG00000261888.1",27.3770501952743,-2.04643334732187,0.187520887808983,-10.9130954488998,1.2001326758224e-08,1.53248681148105e-07,"AC144831.1"
"ENSG00000135218.19",405.862298539339,-2.39245879942781,0.249545031410294,-9.58728284793702,1.20266152120718e-08,1.53490939943984e-07,"CD36"
"ENSG00000151320.11",121.92708477105,-2.08957724919869,0.195298479728853,-10.699403559617,1.20927593372585e-08,1.5425409548314e-07,"AKAP6"
"ENSG00000070778.13",546.983458665888,-1.502819335086,0.0901672204338624,-16.6670251989005,1.226886464304e-08,1.56418368743899e-07,"PTPN21"
"ENSG00000258689.1",6.58116716399968,2.94199479161541,0.348298104721742,8.44677232443108,1.23290506730472e-08,1.57103267621944e-07,"LINC01269"
"ENSG00000288266.1",3.98985366408981,3.99107755558287,0.536507873057452,7.4389915898876,1.23703774707722e-08,1.57547260240967e-07,"AF064858.3"
"ENSG00000106278.12",25.1834773874904,-3.0397884506401,0.36594344509541,-8.30671649234639,1.24439409739416e-08,1.58401134450906e-07,"PTPRZ1"
"ENSG00000053438.11",81.5441494215778,-2.29643905833214,0.232642072181671,-9.87112535921209,1.25427411203756e-08,1.59575188075982e-07,"NNAT"
"ENSG00000268388.6",443.538676286623,-2.00708168579634,0.180827837457467,-11.0994065627115,1.278937127303e-08,1.62627797977305e-07,"FENDRR"
"ENSG00000184916.9",1467.1132936748,1.93114200984929,0.167229665460496,11.5478435272328,1.28807945291774e-08,1.63704658503667e-07,"JAG2"
"ENSG00000178031.17",176.420811948376,-2.10001066908747,0.197606711032423,-10.6272234283729,1.298292953425e-08,1.64916459844367e-07,"ADAMTSL1"
"ENSG00000227992.1",8.24031788623788,2.29121677214697,0.231966894183987,9.87734383480461,1.30040003926029e-08,1.6509781062709e-07,"AC108463.1"
"ENSG00000214541.3",21.6197151344486,2.83660647818103,0.330016934518799,8.59533612212087,1.30934522478739e-08,1.66059963268964e-07,"RPS4XP3"
"ENSG00000264229.1",8.91234972668674,3.77162674814553,0.498027419234161,7.57313072028308,1.30919088003011e-08,1.66059963268964e-07,"RNU4ATAC"
"ENSG00000100079.7",350.264747197518,-2.52859468181249,0.274822219811055,-9.20083784910455,1.3325702254702e-08,1.68917352524391e-07,"LGALS2"
"ENSG00000213539.4",30.1468258449525,2.78611886088392,0.321284232671541,8.67181945941386,1.35421115278541e-08,1.71571068887828e-07,"YBX1P6"
"ENSG00000213363.4",24.5864272876755,2.88137540875057,0.338502806758154,8.51211674238549,1.36495245227149e-08,1.72841816520048e-07,"RPS3P6"
"ENSG00000287335.1",7.9794736596432,2.73813606880766,0.31287326464555,8.75158212035042,1.38488540174953e-08,1.75274558658925e-07,"AL139351.3"
"ENSG00000287315.1",37.7367678876612,2.44276264410406,0.259751517057316,9.40422859422627,1.39287093871638e-08,1.76193460753816e-07,"AL670729.3"
"ENSG00000155980.13",67.5197320649692,-2.37898626028093,0.248432851310484,-9.57597293486662,1.42231132949708e-08,1.79823961013419e-07,"KIF5A"
"ENSG00000243023.2",8.94454477803061,3.65889315885837,0.479034829535785,7.63805246145476,1.42409274451399e-08,1.79955557419084e-07,"UBA52P3"
"ENSG00000287114.1",3.89875935623639,3.14155787647248,0.386071050750891,8.13725315680181,1.45259560499536e-08,1.83461918926129e-07,"AC104024.3"
"ENSG00000282556.3",4.37121398295139,-2.5852864110396,0.285822956441907,-9.04506217143217,1.45811574195447e-08,1.84063441711655e-07,"AC068733.3"
"ENSG00000273812.3",12.6774196065413,2.56335817058255,0.281885871106196,9.09360288446968,1.46082733489257e-08,1.84309990850932e-07,"BX640514.2"
"ENSG00000112655.16",3307.89087551099,2.04097341622594,0.187703307511826,10.8734014508368,1.46269095172561e-08,1.84449351982005e-07,"PTK7"
"ENSG00000256663.1",35.8138329274076,1.97242590855479,0.175375684556139,11.2468607808821,1.47131691278987e-08,1.85440876456399e-07,"AC112777.1"
"ENSG00000250033.5",13.4555547067347,3.13313322602239,0.384794051566037,8.14236398216435,1.48182033116587e-08,1.86667879975794e-07,"SLC7A11-AS1"
"ENSG00000251235.3",6.85144037403195,3.6555692528257,0.479047840380939,7.63090644541638,1.48299723767646e-08,1.86719341324031e-07,"SNRPCP2"
"ENSG00000118804.8",87.7282419419434,-1.62885138346807,0.113443859793283,-14.3582154771193,1.48426518391154e-08,1.86782205950545e-07,"STBD1"
"ENSG00000248626.1",47.8363462256995,2.69511235143375,0.305801709829733,8.81326776404996,1.48517979411689e-08,1.86800564166876e-07,"GAPDHP40"
"ENSG00000174611.12",15.1819111404317,-2.50150339509801,0.270983643994905,-9.23119697639404,1.50428421338919e-08,1.8910556847055e-07,"KY"
"ENSG00000123119.12",31.2303293913885,-2.52401680162424,0.275099456701799,-9.1749247049957,1.51343186120453e-08,1.9015715732818e-07,"NECAB1"
"ENSG00000224114.1",169.050850842118,3.31816113455458,0.418641455600872,7.92602139650039,1.53547799989672e-08,1.92827469754472e-07,"AL591846.1"
"ENSG00000261520.5",18.4776385436637,4.77985784307512,0.682933116146,6.99901312451989,1.55844392446331e-08,1.95610471923855e-07,"DLGAP1-AS5"
"ENSG00000125864.14",101.731501019706,1.87833882685946,0.158712748378081,11.834832715422,1.56378098374211e-08,1.96179028936155e-07,"BFSP1"
"ENSG00000275092.1",7.61655499758982,2.34825090271523,0.243705968540435,9.63559044851878,1.58042777328337e-08,1.98165092315716e-07,"AL031710.2"
"ENSG00000183971.10",55.5684827184082,2.71763810105048,0.310657142304933,8.74803032335538,1.6098706730524e-08,2.01752745514045e-07,"NPW"
"ENSG00000207181.1",9.3463521241102,2.97520661006726,0.357392750867558,8.32475365783177,1.6314446861883e-08,2.04245779878288e-07,"SNORA14B"
"ENSG00000279347.1",13.8519684176084,2.3621858180266,0.24647134468619,9.58401805708557,1.63107461698013e-08,2.04245779878288e-07,"AC021945.1"
"ENSG00000149295.14",136.652314072366,3.0910640490696,0.378816068428723,8.15980183177263,1.69501483082029e-08,2.12095058645381e-07,"DRD2"
"ENSG00000160685.13",3093.7442094846,-1.56267463785165,0.10196227704121,-15.3260076490845,1.70992689789148e-08,2.13850867826881e-07,"ZBTB7B"
"ENSG00000224650.2",754.416741428376,-2.77890942675074,0.32236426518146,-8.62040159813148,1.7112712425947e-08,2.13908905324337e-07,"IGHV3-74"
"ENSG00000186594.14",407.340548049259,-1.73384556814215,0.133058274750695,-13.0307233532884,1.74172633377874e-08,2.1760385558264e-07,"MIR22HG"
"ENSG00000167414.4",3.49534432099991,-2.48068596163705,0.268519061734626,-9.23839799532997,1.75117683123487e-08,2.1867213257455e-07,"GNG8"
"ENSG00000253506.3",31.0837762505842,2.64978247429601,0.29919338309925,8.85642070973543,1.75283818762493e-08,2.18767169796024e-07,"NACA2"
"ENSG00000239559.2",41.188730365238,2.38088306461689,0.250666890132251,9.49819524772797,1.80605985968592e-08,2.25293914734948e-07,"RPL37P2"
"ENSG00000263154.1",5.48386506984394,3.6439536653629,0.480047021849207,7.59082652221419,1.81778966036242e-08,2.26640783718865e-07,"AC110285.3"
"ENSG00000228278.5",11.2400220714804,2.99712820974887,0.362737543139031,8.26252552689347,1.8384027137213e-08,2.29093261248347e-07,"ORM2"
"ENSG00000200879.1",11.7686925550461,2.57071107635152,0.285399172323414,9.00742302587479,1.86100341813311e-08,2.31790789649587e-07,"SNORD14E"
"ENSG00000268412.2",12.3016812754817,2.67900895710617,0.305101815536191,8.78070473752521,1.86574353299816e-08,2.32262130388603e-07,"TRMT112P6"
"ENSG00000002726.21",8865.69670607842,-1.93163977261544,0.169327765338863,-11.4076965980729,1.87763494317992e-08,2.33622780948653e-07,"AOC1"
"ENSG00000183508.5",1069.15781251182,-1.96177292473276,0.174961561234028,-11.2125938457345,1.9309564437707e-08,2.40134296743234e-07,"TENT5C"
"ENSG00000123243.15",785.176372526359,-2.01394301040953,0.184564068384392,-10.9118910741341,1.96778981250077e-08,2.44589731170172e-07,"ITIH5"
"ENSG00000155761.14",10.6731367187503,3.07321700302681,0.37745945163543,8.14184673270569,1.98079450402222e-08,2.46080298812577e-07,"SPAG17"
"ENSG00000174514.13",441.886256531433,-2.11901735924273,0.203794961786847,-10.3977907042622,1.99947568761695e-08,2.48274191155298e-07,"MFSD4A"
"ENSG00000137726.17",182.640207495901,-2.16548316513268,0.212284294775851,-10.2008637399163,2.00739808792595e-08,2.49130610503578e-07,"FXYD6"
"ENSG00000261105.6",22.3603851011358,2.40286939260301,0.255609802875594,9.400536933916,2.02882747539789e-08,2.51661601083046e-07,"LMO7-AS1"
"ENSG00000169224.13",10.0151834599162,-2.39189682419519,0.253692713845983,-9.42832290267236,2.04933999078643e-08,2.540763355924e-07,"GCSAML"
"ENSG00000158352.16",858.492940453988,1.93600110326053,0.170614281202238,11.3472394550939,2.05492407447235e-08,2.54638730289026e-07,"SHROOM4"
"ENSG00000144290.17",38.9542606279399,-2.98451685629981,0.361777382692436,-8.24959491411073,2.06192614701482e-08,2.55246079329904e-07,"SLC4A10"
"ENSG00000186010.19",149.82775085635,2.29105714689837,0.235359494509277,9.73428818614356,2.06187253194973e-08,2.55246079329904e-07,"NDUFA13"
"ENSG00000127903.14",11.7852654068258,-2.13599095964443,0.207146921071576,-10.3114781942927,2.07923027238948e-08,2.57257106003382e-07,"ZNF835"
"ENSG00000135253.15",165.84407785098,1.9321407178526,0.170118075081353,11.3576450763895,2.13415503005226e-08,2.63918408296539e-07,"KCP"
"ENSG00000151882.11",1162.42629288674,-2.15234309065197,0.210355256554473,-10.2319434555922,2.14981908064118e-08,2.65720262764907e-07,"CCL28"
"ENSG00000105369.10",396.041494084959,-2.50468504335445,0.274729845649775,-9.11690186929093,2.16344518252237e-08,2.6726852026077e-07,"CD79A"
"ENSG00000204538.4",11.4733895755496,2.9394296516403,0.354210333350954,8.29854291328054,2.18309569790114e-08,2.69559072454256e-07,"PSORS1C2"
"ENSG00000232560.7",5.57463992292911,3.64193154648111,0.482558793515673,7.54712502480349,2.18955182476709e-08,2.70218940283597e-07,"LINC01549"
"ENSG00000287446.1",5.24194612882269,3.53287523429798,0.462711529433583,7.63515713261492,2.20015142802613e-08,2.71389237061092e-07,"AC007731.5"
"ENSG00000189056.14",69.3678479854009,-2.57168296509196,0.287373996316243,-8.94890629652494,2.26137317620145e-08,2.7879943268237e-07,"RELN"
"ENSG00000188848.16",9.28329047061532,-2.53680116732974,0.281019347956701,-9.02714060713218,2.26716665506602e-08,2.7937195597416e-07,"BEND4"
"ENSG00000163584.18",2191.19369063019,2.04506083998927,0.191119627969221,10.7004228802633,2.27445289032022e-08,2.80127750809839e-07,"RPL22L1"
"ENSG00000060140.9",393.984725237733,-1.76254519820711,0.139461135001097,-12.6382536481812,2.27831442147799e-08,2.80461197780726e-07,"STYK1"
"ENSG00000249279.6",10.3742490060252,-2.5061836372898,0.275508662814523,-9.09656927548955,2.28962148946837e-08,2.81710390856109e-07,"LINC02057"
"ENSG00000243742.5",88.8457064201251,2.07511794072467,0.19667347515394,10.55108188382,2.29488494755993e-08,2.82215102356814e-07,"RPLP0P2"
"ENSG00000249489.1",13.3947853653965,2.81785572370922,0.332749922774592,8.46838881347558,2.33907307779291e-08,2.87503671170297e-07,"GAPDHP70"
"ENSG00000179111.9",6.40906339171116,3.31842992154391,0.424467692553883,7.81786218305096,2.35439462474332e-08,2.89240593434088e-07,"HES7"
"ENSG00000153902.14",168.889699818612,-2.19630930030961,0.219246183366314,-10.0175486140164,2.42852392891056e-08,2.98196722953646e-07,"LGI4"
"ENSG00000248461.3",4.14306944694607,4.48485897543123,0.638975382072321,7.01882905235873,2.46490631091356e-08,3.02511229066664e-07,"LINC02119"
"ENSG00000230426.4",27.1236518629223,3.70763469323436,0.496864061951049,7.4620705685082,2.52632466607742e-08,3.09892424965579e-07,"LINC01036"
"ENSG00000159167.12",495.459186031332,2.02170745528516,0.187590721262543,10.7772252362934,2.56894630119987e-08,3.14961630268197e-07,"STC1"
"ENSG00000198785.7",42.81593441964,-1.96847733735212,0.177880013985802,-11.0663210174316,2.5967677223179e-08,3.18212080949698e-07,"GRIN3A"
"ENSG00000253819.2",4.0764450254132,3.67341798307157,0.491052024578534,7.48071039158109,2.60096762700938e-08,3.18566095445201e-07,"LINC01151"
"ENSG00000268062.1",4.69022094065756,-2.10033544134439,0.202184897886676,-10.3881915182489,2.63097703615375e-08,3.22079304677764e-07,"SRP14P4"
"ENSG00000069535.14",373.600307918347,-2.4555250597883,0.267480935279395,-9.18018720557938,2.64016240230973e-08,3.23041019013728e-07,"MAOB"
"ENSG00000115616.3",928.513891260723,-2.15943567195905,0.213073081623502,-10.1347183581582,2.64179419156596e-08,3.23078001283607e-07,"SLC9A2"
"ENSG00000225138.8",849.209689970269,2.25520987170687,0.23069863750613,9.77556649699302,2.65049660581642e-08,3.23979212883998e-07,"SLC9A3-AS1"
"ENSG00000109084.14",2453.44337811334,1.5955575984385,0.109510078617615,14.5699612179974,2.68833580615447e-08,3.28439216136518e-07,"TMEM97"
"ENSG00000113805.8",65.1271414328009,-2.65501886460434,0.304331966149788,-8.72408803516087,2.69103895184203e-08,3.28604253918399e-07,"CNTN3"
"ENSG00000183111.12",459.243957596016,-1.68640335584288,0.126422671111638,-13.3394061445965,2.82667691280699e-08,3.44993716630889e-07,"ARHGEF37"
"ENSG00000224116.7",6.16598754985092,2.94493107714451,0.358247182043863,8.22038867226578,2.83321846071181e-08,3.45618517044663e-07,"INHBA-AS1"
"ENSG00000276365.1",6.43378418233384,-2.55380105915257,0.286601473077452,-8.91063479796709,2.95555913116865e-08,3.6036170038835e-07,"MIR145"
"ENSG00000213937.4",61.0047305928803,2.53900168240374,0.283958189968344,8.94146311711168,2.98298857681683e-08,3.63463505404038e-07,"CLDN9"
"ENSG00000261327.5",15.6434352238847,2.45847044627559,0.269102510142362,9.1358138761879,2.98399050732945e-08,3.63463505404038e-07,"AC134312.5"
"ENSG00000259120.3",116.296959218885,-1.8606028055213,0.158846888360198,-11.7131838384032,3.01661614960053e-08,3.67253368914293e-07,"SMIM6"
"ENSG00000286134.2",4.27719417994956,4.17444936321608,0.585998262720201,7.12365484470603,3.02757041328224e-08,3.68402408827033e-07,"AC114930.1"
"ENSG00000219481.10",465.942000012677,-1.58261635299028,0.107619653081755,-14.7056444401286,3.08744558028526e-08,3.75500138142802e-07,"NBPF1"
"ENSG00000119686.10",211.73888760248,-1.87255793348001,0.161216217302497,-11.6151958209418,3.11021894120425e-08,3.78080641677155e-07,"FLVCR2"
"ENSG00000242371.1",45.5539521811695,-3.06083737953917,0.380785986780969,-8.03820908803503,3.11515493406513e-08,3.78491324488913e-07,"IGKV1-39"
"ENSG00000156687.11",6.77454610212863,-2.72768115288673,0.319273154771009,-8.54340902805656,3.128533809652e-08,3.79926894425505e-07,"UNC5D"
"ENSG00000239467.6",76.6836016600312,1.98621749367661,0.182341198267075,10.8928619124648,3.17529611569037e-08,3.85413064991388e-07,"AC007405.3"
"ENSG00000226917.6",6.00149457399863,2.82729054887806,0.337898671388675,8.36727335227049,3.19006931900956e-08,3.87012902905304e-07,"LINC01276"
"ENSG00000188783.6",748.191149490766,-2.59534423955285,0.295042082746749,-8.79652222961218,3.20132493153563e-08,3.88184609961656e-07,"PRELP"
"ENSG00000100505.13",40.6130499618904,-2.37088942334093,0.253601299319299,-9.34888515833604,3.22801014021902e-08,3.91225169113827e-07,"TRIM9"
"ENSG00000226887.8",101.739586299277,2.65922581008075,0.306969439762708,8.66283566252189,3.23712391292984e-08,3.9213415296209e-07,"ERVMER34-1"
"ENSG00000139547.7",25.7473350555889,2.26701587674894,0.234441885911404,9.66984149583942,3.25142766271352e-08,3.93670613871143e-07,"RDH16"
"ENSG00000226549.3",5.61456182204009,3.18427232031265,0.404375391735719,7.87454525025534,3.30253685368811e-08,3.99659589365642e-07,"SCDP1"
"ENSG00000253363.7",6.06044708660962,5.31379558856903,0.798679502687151,6.65322644526472,3.31057141629709e-08,4.00432480915974e-07,"AC090809.1"
"ENSG00000200534.1",40.5884621140087,2.22026433678577,0.225952182922284,9.82625752081992,3.32198586896645e-08,4.01613216994452e-07,"SNORA33"
"ENSG00000139055.7",224.882172277586,2.54690179945132,0.286790447613872,8.88070652506672,3.44838102818978e-08,4.16686519070173e-07,"ERP27"
"ENSG00000187446.12",5846.91355789398,-1.50748926208595,0.094107282859854,-16.018837397855,3.47097173452515e-08,4.19207818831815e-07,"CHP1"
"ENSG00000211938.2",955.16671559038,-2.65445988223361,0.306852151866635,-8.65061517765499,3.48938595527536e-08,4.21222447656191e-07,"IGHV3-7"
"ENSG00000199753.1",53.4631534783268,2.22052795644912,0.226390535896062,9.8083956895998,3.49846430736144e-08,4.2210865277499e-07,"SNORD104"
"ENSG00000072657.9",82.2509572762949,-2.40035849420679,0.259766025052798,-9.24046358148225,3.50634837886326e-08,4.22849953381525e-07,"TRHDE"
"ENSG00000257127.6",4.31923446777936,4.04425136594391,0.565132104716662,7.15629378014466,3.58623799700928e-08,4.32269758568082e-07,"CLLU1"
"ENSG00000175920.18",111.436173681935,2.19951674329545,0.222721762988688,9.87562559572216,3.60778875517494e-08,4.3465179350893e-07,"DOK7"
"ENSG00000250526.1",7.88266523368785,2.96142624844496,0.364266810594701,8.12982726482862,3.63056352209073e-08,4.37178858210132e-07,"CCT6P2"
"ENSG00000177363.5",95.1460642171902,-1.92065175477333,0.171000170619971,-11.2318703999528,3.64398414082047e-08,4.38577586042286e-07,"LRRN4CL"
"ENSG00000134297.6",95.2194837255277,1.6173789675357,0.11473206714413,14.097008864173,3.70263504185967e-08,4.44755469684577e-07,"PLEKHA8P1"
"ENSG00000231684.3",19.1579924193192,2.89088676595873,0.351381546497401,8.22720144178121,3.69765248000307e-08,4.44755469684577e-07,"EIF1P3"
"ENSG00000249921.2",9.04765511014584,3.35030774050006,0.436768090003098,7.67067882746722,3.70089773048367e-08,4.44755469684577e-07,"AC034207.1"
"ENSG00000287796.1",2.71345932843705,4.37446698615644,0.627082098293269,6.97590793623744,3.69912709540205e-08,4.44755469684577e-07,"AC016925.3"
"ENSG00000088386.17",226.106475068115,-2.94239018317101,0.361107100966254,-8.14824791674751,3.74531843143107e-08,4.49660266224185e-07,"SLC15A1"
"ENSG00000093009.11",733.203102208629,1.67429592690213,0.125439201060201,13.3474696327075,3.81894475621306e-08,4.58273370745567e-07,"CDC45"
"ENSG00000168334.9",23.4912964271538,2.62862321837405,0.303080688162829,8.67301455037553,3.85978752896075e-08,4.62945888221847e-07,"XIRP1"
"ENSG00000236663.1",5.35977184846026,3.01890133904847,0.375762577466743,8.03406597698159,3.87592676938578e-08,4.64652296477921e-07,"FRGCA"
"ENSG00000143556.9",5.90470960093268,4.25996121388498,0.606901463635912,7.01919746306723,3.90457517503022e-08,4.67855901150071e-07,"S100A7"
"ENSG00000010319.7",229.343947875965,-2.0396813103616,0.193594501151698,-10.5358432095307,3.92795173711557e-08,4.70424973937449e-07,"SEMA3G"
"ENSG00000102886.15",297.451939774046,-2.06705069489716,0.198754277054183,-10.4000312623897,3.96546458712635e-08,4.74683691956503e-07,"GDPD3"
"ENSG00000277247.1",6.15340932420443,3.04101546743923,0.380242494811418,7.99756868034284,3.98806031368543e-08,4.77153449643308e-07,"AC083809.1"
"ENSG00000108823.16",67.4502647764549,-2.46499332911356,0.272992245653531,-9.02953607056668,4.0155539097112e-08,4.80206496092432e-07,"SGCA"
"ENSG00000233392.5",16.1701276094056,3.38059401616076,0.443703220381281,7.61904322726296,4.04108595080851e-08,4.83022078724283e-07,"UICLM"
"ENSG00000218274.2",2.18289430838486,-3.84092821981191,0.52972940343947,-7.25073630965775,4.09300263542601e-08,4.88987040515497e-07,"AL121949.2"
"ENSG00000283689.1",3.73470454189115,4.38982906033948,0.632130204735946,6.94450135027673,4.10278988728211e-08,4.89915450913785e-07,"AC018553.2"
"ENSG00000163467.12",19.3845102472686,1.91041339876969,0.169979703337789,11.2390677313588,4.25393363979061e-08,5.07714083727465e-07,"TSACC"
"ENSG00000130826.18",4901.54940451927,1.44766052242839,0.0836008193973161,17.3163437017086,4.28401301915181e-08,5.11053099486446e-07,"DKC1"
"ENSG00000254248.1",3.24323178067422,-2.65528875694216,0.309158104553888,-8.5887729217829,4.29721622107242e-08,5.1237661517203e-07,"AC068189.1"
"ENSG00000134258.17",16.4841157998844,3.45572751009187,0.458664549195792,7.5343244123642,4.29959800322923e-08,5.12409178413292e-07,"VTCN1"
"ENSG00000260220.7",33.3307650448271,2.59739162181422,0.298381293125984,8.70494123342221,4.31286279632033e-08,5.13738068385216e-07,"CCDC187"
"ENSG00000174145.8",15.661439817511,-2.55328841827829,0.290153632234376,-8.79978099400747,4.31748545325496e-08,5.14036729613403e-07,"NWD2"
"ENSG00000224856.2",7.20140058109194,3.26037402928327,0.42249925252728,7.71687526020593,4.3975374243947e-08,5.23311260591533e-07,"RPL35AP36"
"ENSG00000113196.3",71.8447908944356,-3.98838312730929,0.558662000961431,-7.13917023252964,4.41770243208388e-08,5.25427758543512e-07,"HAND1"
"ENSG00000228648.1",4.52529517978713,3.03743809413291,0.380893663219236,7.97450413971475,4.41964748338658e-08,5.25427758543512e-07,"AL353747.2"
"ENSG00000259023.3",3.43570634555286,3.8224927494479,0.52788011419492,7.24121376551123,4.47504859843903e-08,5.31753941037009e-07,"LINC00524"
"ENSG00000286478.1",11.7151332703358,3.99584213926333,0.560358309665611,7.1308697851698,4.48858459332783e-08,5.33101689236883e-07,"AC007130.1"
"ENSG00000185633.10",723.833758512749,2.36976436743091,0.25623408028252,9.2484355118493,4.50207079764791e-08,5.34442209979698e-07,"NDUFA4L2"
"ENSG00000211652.2",224.426624495928,-2.86100309163823,0.348138350423352,-8.2180061121078,4.5062782780737e-08,5.34680479283159e-07,"IGLV7-43"
"ENSG00000143590.14",521.089826895397,1.89043501073472,0.166591379855374,11.3477360735945,4.52024064099789e-08,5.36075390806485e-07,"EFNA3"
"ENSG00000059728.11",2566.0932240118,-1.75594703435143,0.141481692314459,-12.4111254652556,4.56919265088231e-08,5.41616494714343e-07,"MXD1"
"ENSG00000245080.7",11.9946905247153,-2.54530128564763,0.289300039778654,-8.79813665976353,4.60858049411981e-08,5.46019044403274e-07,"MIR3150BHG"
"ENSG00000213174.3",4.9401103296607,4.13490518510566,0.586914257669001,7.04516056830502,4.61324949134338e-08,5.46305860816979e-07,"AC026316.1"
"ENSG00000134533.6",134.866059587332,-2.20745164027974,0.226085905051862,-9.7637738176264,4.63002306726495e-08,5.48025136554011e-07,"RERG"
"ENSG00000255085.8",5.30715333939671,-2.49650604756797,0.280244693039878,-8.90830802356257,4.647385172327e-08,5.49812364593701e-07,"AF186192.2"
"ENSG00000102878.17",339.231135692002,1.93288868366675,0.174872804082046,11.0531119679415,4.78592645973582e-08,5.65927070421316e-07,"HSF4"
"ENSG00000235366.2",3.50868866030816,-2.57153165645685,0.295220490115125,-8.71054599040213,5.09655291542257e-08,6.02364960334477e-07,"LINC01055"
"ENSG00000170577.8",53.1459673589711,3.01148160387599,0.377923940412592,7.96848593552518,5.11892209528522e-08,6.04714666579634e-07,"SIX2"
"ENSG00000286039.1",15.8970022724046,-2.33578914256221,0.251082783900777,-9.30286460215953,5.18510016659067e-08,6.12234859320473e-07,"AC093849.2"
"ENSG00000272702.1",9.99453272474551,2.19533461623583,0.224719020671391,9.76924253975851,5.21005319612996e-08,6.1488243159766e-07,"AC010913.1"
"ENSG00000205502.4",276.241683868935,2.46699677886334,0.275925172624237,8.94081810441761,5.28483790234534e-08,6.23405636053358e-07,"C2CD4B"
"ENSG00000100292.18",1090.91465716464,-1.75671959199792,0.142360375810667,-12.3399476995922,5.31762404947419e-08,6.26968774392154e-07,"HMOX1"
"ENSG00000283646.2",37.3606748170328,2.52707993218551,0.287321582331286,8.79530145866922,5.33636138780482e-08,6.28872850260219e-07,"LINC02009"
"ENSG00000241255.1",29.6403303554613,2.57893955780689,0.297122277378543,8.67972465935714,5.35908303967757e-08,6.31244391004192e-07,"AL136126.1"
"ENSG00000227118.3",7.38918849869375,3.43532507905385,0.458547578233902,7.49175274741395,5.45264383883177e-08,6.41953707769438e-07,"BTF3P13"
"ENSG00000253105.6",2.47134085157651,-2.38265760511155,0.260361975232796,-9.15132712056418,5.46562956154961e-08,6.43170936298573e-07,"AP003548.1"
"ENSG00000120907.18",4.50689625793114,-2.66607310203811,0.313886019389438,-8.49376186688427,5.54501477295079e-08,6.52196800497116e-07,"ADRA1A"
"ENSG00000105668.7",8.46772056426132,3.35559888267255,0.443903355763351,7.55930055293713,5.5857327225842e-08,6.56668143003368e-07,"UPK1A"
"ENSG00000107815.10",992.29259024144,1.45936319629588,0.0865885506948123,16.8539972615954,5.62975095368379e-08,6.61522960224933e-07,"TWNK"
"ENSG00000226416.1",8.24104206095039,3.67094325106475,0.503536639402813,7.29032003593311,5.65322482877622e-08,6.63960190136598e-07,"MRPL23-AS1"
"ENSG00000101782.15",2740.40906527021,-1.5638171765108,0.106305746542195,-14.7105610691524,5.67294624669405e-08,6.65954559394518e-07,"RIOK3"
"ENSG00000213177.3",6.02308441943233,3.67892045017381,0.505170187925806,7.28253673337138,5.69556420396633e-08,6.68286867003292e-07,"PRDX2P4"
"ENSG00000171992.13",2543.91714325531,-1.73000057533565,0.137697065489873,-12.563815860425,5.74284777394118e-08,6.73509656885959e-07,"SYNPO"
"ENSG00000175315.3",23.3900608897116,2.88652852188356,0.355874174645773,8.11109298604411,5.75500211083476e-08,6.74609509374263e-07,"CST6"
"ENSG00000286522.2",19.8670392942515,3.32988161133107,0.43977060587618,7.57186034454657,5.85557912695155e-08,6.86068335510717e-07,"H3C2"
"ENSG00000152056.17",402.560014137429,1.69061981930983,0.130361959697496,12.9686591336377,5.86320978578597e-08,6.86631314672767e-07,"AP1S3"
"ENSG00000286346.1",12.6114097900972,-2.90211644326158,0.359141556544292,-8.08070352867579,5.90908047865623e-08,6.91669824813807e-07,"AC021613.3"
"ENSG00000107984.10",49.0940877258626,3.07056825934455,0.390983069979417,7.85345580182334,5.92481411678307e-08,6.92843999219579e-07,"DKK1"
"ENSG00000250548.7",6.16227721740133,2.96409887162993,0.370874438855279,7.99218970382202,5.92289899861968e-08,6.92843999219579e-07,"LINC01303"
"ENSG00000225523.2",46.0612272699178,-3.26489417541692,0.427698510623219,-7.63363466162062,5.93329072234181e-08,6.93501513000991e-07,"IGKV6D-21"
"ENSG00000267288.2",16.49482857242,2.03024997174925,0.194564154145445,10.4348613477463,5.94533724214088e-08,6.94575456653958e-07,"AC138150.2"
"ENSG00000081479.15",6.7221847879446,3.4891514182571,0.470300953522719,7.41897585391255,6.02690894885991e-08,7.03766878699163e-07,"LRP2"
"ENSG00000226715.4",6.98032878482117,3.67238380016218,0.505146639910143,7.26993611363115,6.10536294122782e-08,7.12585588241287e-07,"LINC01709"
"ENSG00000282961.1",8.33766202510263,3.10406118594184,0.397758207393153,7.80388972055508,6.12252423912155e-08,7.14245506532183e-07,"PRNCR1"
"ENSG00000127586.17",1091.66646758672,1.7835883891416,0.148145054962211,12.0394729989236,6.13819197067245e-08,7.15729677962286e-07,"CHTF18"
"ENSG00000114790.13",205.477941399477,-1.87162192493759,0.164883968701477,-11.3511455339007,6.24162533407958e-08,7.27441225986253e-07,"ARHGEF26"
"ENSG00000145107.16",4.70521869084584,2.81472388277761,0.34333422411629,8.19820363094427,6.26501835732139e-08,7.29817574702348e-07,"TM4SF19"
"ENSG00000261008.7",40.2653552874968,2.18287529660717,0.223862000008529,9.75098630640308,6.32143763808883e-08,7.36037060879533e-07,"LINC01572"
"ENSG00000079462.8",1305.94021915599,1.77255867704109,0.146260918465853,12.1191545604503,6.38703168165196e-08,7.4331834226122e-07,"PAFAH1B3"
"ENSG00000236501.6",3.89917584010975,2.87393584654834,0.355000164084627,8.09559019207448,6.50553239576677e-08,7.56746946946541e-07,"AC074286.1"
"ENSG00000108700.5",79.8857800477184,-2.47642959567031,0.279819779498465,-8.85008772470958,6.58879294351282e-08,7.66065399652447e-07,"CCL8"
"ENSG00000174325.6",2.60306780530086,3.52883175031532,0.479511550315583,7.35922158286464,6.68261206303935e-08,7.76601975762105e-07,"DIRC1"
"ENSG00000261798.1",12.86394832299,2.08964191178429,0.206669666609384,10.1110237707685,6.73313542315768e-08,7.82099382326633e-07,"AL033527.2"
"ENSG00000258401.1",4.62104955856118,3.77725696202926,0.526800988243811,7.17017820073089,6.74989631912014e-08,7.8329742385205e-07,"ATP5MC2P2"
"ENSG00000287367.1",6.90750754457792,-2.40928255919564,0.267314319511978,-9.01291993483232,6.74705213607305e-08,7.8329742385205e-07,"AC016583.2"
"ENSG00000171951.5",145.078308594812,-2.29507568382486,0.245716486987062,-9.34034061762288,6.79856891212748e-08,7.88569091000943e-07,"SCG2"
"ENSG00000165269.13",116.599909792707,-2.077593634666,0.204540708963956,-10.1573600932033,6.88248141053949e-08,7.97921270401286e-07,"AQP7"
"ENSG00000100429.18",72.6878429539224,2.11199240174348,0.211122470557308,10.0036362598845,6.93170985637112e-08,8.03245348163177e-07,"HDAC10"
"ENSG00000186715.11",32.3985137755338,-2.28394912063647,0.243782750369692,-9.36878887933168,6.94202511263908e-08,8.04057246125498e-07,"MST1L"
"ENSG00000206633.1",6.53782646792006,3.32221047167691,0.441104792648277,7.53156738953398,7.02733073503809e-08,8.1354996122642e-07,"SNORA80B"
"ENSG00000181374.8",107.456435367998,-2.60537481714798,0.30496541837449,-8.5431811614412,7.04308871040092e-08,8.14985979346392e-07,"CCL13"
"ENSG00000224173.2",3.07491579501465,4.20031026382739,0.608057916695124,6.90774702294255,7.07974878281601e-08,8.18838150511324e-07,"LINC02831"
"ENSG00000149451.18",128.355229006644,-2.20603087723709,0.229191751044015,-9.6252629825819,7.1208002800937e-08,8.23194323531289e-07,"ADAM33"
"ENSG00000163749.17",9.98614564997407,-2.02756484817053,0.195357682083893,-10.3787310872159,7.20609118889424e-08,8.32658183024869e-07,"CCDC158"
"ENSG00000179031.8",13.8251421234623,2.45578117388291,0.276875040058693,8.86963726799759,7.28549976841896e-08,8.41433670972341e-07,"NSA2P3"
"ENSG00000241343.10",121.835247686659,1.80262918188806,0.1526906999299,11.8057562295257,7.33839100636099e-08,8.47139674368513e-07,"RPL36A"
"ENSG00000163412.13",752.619244570419,-1.78545522424504,0.149485906764241,-11.9439702570821,7.42634154129961e-08,8.56885562457648e-07,"EIF4E3"
"ENSG00000188624.3",8.47615623152356,3.49057532607188,0.474012578964978,7.36388754427925,7.43189263571347e-08,8.57119084232735e-07,"IGFL3"
"ENSG00000152954.12",3.89559584243479,-3.15707910923374,0.410558695066839,-7.68971439934981,7.44117717877713e-08,8.57782758274594e-07,"NRSN1"
"ENSG00000085741.13",693.760845612558,2.62829856331524,0.309921093979839,8.48054106148132,7.44504902103224e-08,8.57822148938281e-07,"WNT11"
"ENSG00000162062.15",298.995501599267,1.69922850435033,0.133186784540114,12.7582365639179,7.6056159835386e-08,8.75907433175299e-07,"TEDC2"
"ENSG00000270975.1",4.41824637461581,3.36818053230253,0.451254328514055,7.46404038581456,7.68816679006655e-08,8.84995040258727e-07,"MAGOH3P"
"ENSG00000198542.14",137.353139022221,2.49859534971554,0.285572768831157,8.74941738997817,7.70120339311986e-08,8.86075958583393e-07,"ITGBL1"
"ENSG00000089116.4",5.17064084743304,3.88144837162462,0.549239193168211,7.06695447066518,7.76113901939008e-08,8.92549352442873e-07,"LHX5"
"ENSG00000285600.1",6.26940843048954,2.45928606428948,0.278251419850672,8.83835944344611,7.83587090924245e-08,9.00717422396365e-07,"AC023593.1"
"ENSG00000200913.1",9.50118046664022,2.39732734636042,0.26657888156875,8.9929379711279,7.95506184523624e-08,9.13985829027143e-07,"SNORD46"
"ENSG00000175711.8",226.836268458798,1.51873304460526,0.0989758360855411,15.344483104873,7.98513506855055e-08,9.16670931116822e-07,"B3GNTL1"
"ENSG00000231439.4",5.72778211528982,2.81656949672204,0.346608248292189,8.12608906625814,7.98597679495602e-08,9.16670931116822e-07,"WASIR2"
"ENSG00000204670.7",3.67721183574368,-2.94985741091023,0.372272979123802,-7.92390954039465,8.12912150880331e-08,9.32661249593581e-07,"IGKV1OR2-3"
"ENSG00000249453.1",5.36228152188839,-3.3624058027914,0.451059267125309,-7.45446562758967,8.1399872103574e-08,9.33467150597851e-07,"AC092834.1"
"ENSG00000134760.6",16.638946582439,2.25632690189505,0.240029428224771,9.40020946007571,8.29161477832171e-08,9.50406788269894e-07,"DSG1"
"ENSG00000102384.13",291.503061809382,1.61068922841758,0.1166805438298,13.8042656946051,8.30046549708777e-08,9.50972709001569e-07,"CENPI"
"ENSG00000226132.1",4.81194780801686,3.14429081270984,0.409706593668231,7.67449404354962,8.30646906695919e-08,9.51212056206919e-07,"RPS3AP46"
"ENSG00000152217.20",215.708216195413,-2.03108033023072,0.197051972610611,-10.3073331533924,8.36028168269659e-08,9.56923433299704e-07,"SETBP1"
"ENSG00000213144.2",13.9855646152392,-2.05268598835569,0.201208001244112,-10.2018109402384,8.39201923502329e-08,9.60103895532326e-07,"AC084880.1"
"ENSG00000110427.17",161.538024021933,2.64038684527357,0.313560752322637,8.42065477173225,8.40790566070629e-08,9.6146874143606e-07,"KIAA1549L"
"ENSG00000154734.16",889.890840290954,-1.92119360527763,0.176130233079396,-10.9078014131259,8.46704997933154e-08,9.67776643921714e-07,"ADAMTS1"
"ENSG00000278318.5",16.3844305504566,-2.10364110982701,0.211062268775422,-9.96692171477299,8.52223114944829e-08,9.73625843590002e-07,"ZNF229"
"ENSG00000171533.11",58.0961466502677,-2.10926550741826,0.212169230654051,-9.94142977714559,8.55790528392161e-08,9.77242003756087e-07,"MAP6"
"ENSG00000261780.3",6.44247500013001,5.05133577924745,0.77523128688136,6.51590804541471,8.66220278897231e-08,9.88687307524786e-07,"LINC02582"
"ENSG00000234235.1",22.5700041025863,4.40642618655067,0.651907151633433,6.75928493115904,8.6925135441171e-08,9.91681122638712e-07,"BOK-AS1"
"ENSG00000136011.15",30.8847695477885,-2.0551333808605,0.2020128305027,-10.1732814482446,8.79757627114317e-08,1.00319616794359e-06,"STAB2"
"ENSG00000145687.16",230.406085741077,-1.8747455295676,0.167485395781282,-11.1934865772764,8.8110883101514e-08,1.00426569388686e-06,"SSBP2"
"ENSG00000094804.12",1334.16010466041,1.64303983617306,0.123135432133453,13.3433554234198,8.83972394247445e-08,1.00705715800342e-06,"CDC6"
"ENSG00000222019.7",14.0986616450933,1.9577887535685,0.183413860146137,10.6741592593308,8.84963775086801e-08,1.00771413939125e-06,"URAHP"
"ENSG00000255443.1",19.3102182223725,2.59248709565682,0.305450212820667,8.48742933166297,9.26186078034408e-08,1.05416026680263e-06,"CD44-AS1"
"ENSG00000257408.2",5.4436325227178,2.63204521706575,0.313141462121134,8.4052913313906,9.34851400777641e-08,1.06352476773861e-06,"AC092375.1"
"ENSG00000242616.4",20.1227548537368,2.89264216318177,0.363202924888367,7.96425899948587,9.39242660713422e-08,1.06802043309949e-06,"GNG10"
"ENSG00000287059.1",12.8726659080538,-2.58517244775397,0.304226333922345,-8.49753015928545,9.41642968852214e-08,1.0702490244672e-06,"AC090004.2"
"ENSG00000144485.11",2361.46506432801,1.90655645630792,0.173997431072082,10.9573827875544,9.43330765069711e-08,1.07166608654483e-06,"HES6"
"ENSG00000143340.6",15.4488632509519,-2.12509235854042,0.2159766402234,-9.83945465742172,9.47647980862631e-08,1.0760675670543e-06,"FAM163A"
"ENSG00000285621.1",5.52722842243873,3.54804212745282,0.489426213162432,7.24939129133912,9.63825976889521e-08,1.09392672762332e-06,"AL138999.2"
"ENSG00000257194.2",3.64661282022966,-2.72010361815922,0.330449485640195,-8.23152625851252,9.68181946065727e-08,1.0983576699065e-06,"AC126178.1"
"ENSG00000251248.1",2.91646073448753,4.1931455250676,0.613648751059876,6.83313624907624,9.7764076056624e-08,1.1085707177676e-06,"AC139720.2"
"ENSG00000065911.13",2481.12856546629,1.52963969920677,0.101799151462042,15.0260554949431,9.81588565944146e-08,1.11252808546841e-06,"MTHFD2"
"ENSG00000285280.2",32.0226353507065,2.25427986081002,0.241090616009906,9.3503426144027,9.8299662417427e-08,1.11360456724638e-06,"AL390957.1"
"ENSG00000138615.6",266.086223877659,-2.77263772295552,0.34082370458848,-8.13510822641657,9.90882166669825e-08,1.12201475536238e-06,"CILP"
"ENSG00000283877.1",3.84152945898504,2.98559543620106,0.381812070986881,7.81954176693288,9.94021056406695e-08,1.12504479136855e-06,"AC104304.2"
"ENSG00000183549.10",9.31984905864347,-2.4325068803437,0.275603339180304,-8.82611541492362,1.00878001795204e-07,1.14121761807423e-06,"ACSM5"
"ENSG00000286959.1",4.89906568361953,4.35894057794911,0.646539441644748,6.74195617031545,1.02216893487944e-07,1.15582620370267e-06,"AC104383.1"
"ENSG00000257279.1",8.35555065237647,3.00342713941581,0.385796880720255,7.78499591237915,1.03489241645244e-07,1.16966910324625e-06,"AC127164.1"
"ENSG00000144354.14",4931.16131184843,1.65265042771652,0.125798543083999,13.1372779620588,1.06247898681625e-07,1.19973231318006e-06,"CDCA7"
"ENSG00000236841.8",6.00296922657142,2.98949760774837,0.38347411688131,7.79582630520447,1.06231888496942e-07,1.19973231318006e-06,"AC007750.1"
"ENSG00000277559.1",9.46132556943574,3.5571991517387,0.493002140875705,7.21538276775057,1.0685780095238e-07,1.20577659766299e-06,"AC018553.1"
"ENSG00000283422.1",5.17251492416634,-2.52371371004834,0.293759027730379,-8.59110179369424,1.06882419397781e-07,1.20577659766299e-06,"LINC02452"
"ENSG00000197614.11",329.080129035822,-2.45309967241014,0.280339604441282,-8.75045706545525,1.08964871223604e-07,1.22869901194134e-06,"MFAP5"
"ENSG00000166920.13",1829.74342673199,-2.07026034050303,0.206505290725112,-10.0252169483582,1.09333075868356e-07,1.23227910185578e-06,"C15orf48"
"ENSG00000179796.12",2.61189020516805,-2.88307433876031,0.363350847492498,-7.9346845030266,1.09451834355809e-07,1.23304569997504e-06,"LRRC3B"
"ENSG00000035720.8",20.8862127490054,-2.29890661800732,0.250649360616008,-9.17180324081981,1.09661885151783e-07,1.23483957793713e-06,"STAP1"
"ENSG00000108773.11",2782.2315413477,1.51756867599005,0.0998795540202283,15.1939873067786,1.09801887186121e-07,1.23584338055708e-06,"KAT2A"
"ENSG00000131951.11",7.54942473344909,2.70021046080368,0.328114140957543,8.22948518135669,1.09897855309359e-07,1.23635087223028e-06,"LRRC9"
"ENSG00000235297.3",88.0465690489913,2.71782651957334,0.331592654050108,8.19628084753242,1.10626689207682e-07,1.24397433954034e-06,"FAUP1"
"ENSG00000215156.5",13.7716998829794,3.20986349720653,0.426584511699874,7.52456643213724,1.10726042114844e-07,1.24451564449154e-06,"AC138409.1"
"ENSG00000183199.6",90.5672684573519,2.09754818398356,0.211907101315071,9.89843271398844,1.11310082140791e-07,1.2505016162835e-06,"HSP90AB3P"
"ENSG00000229228.1",4.01897350982065,-2.44355988948485,0.278725782519251,-8.76689579054666,1.11455482762393e-07,1.25155648388454e-06,"LINC00582"
"ENSG00000201321.1",8.20081594348754,5.95647244140958,0.958017141969189,6.21750089895693,1.14765168833263e-07,1.28812637535718e-06,"RNA5S9"
"ENSG00000124939.6",28.4665845426353,-2.65830009553971,0.320535384121787,-8.29331246165849,1.14854825029502e-07,1.28853751071879e-06,"SCGB2A1"
"ENSG00000211611.2",72.7623882653003,-2.7995065776321,0.348200251001556,-8.03993268120758,1.18292196962441e-07,1.32624822145336e-06,"IGKV6-21"
"ENSG00000287781.1",8.03926030807544,2.98554271500373,0.384201697171213,7.77076920009875,1.18325355724728e-07,1.32624822145336e-06,"AC018714.2"
"ENSG00000105974.13",1738.06593944177,-1.93490712724201,0.180961836366545,-10.692349094661,1.1937263699442e-07,1.33736979205367e-06,"CAV1"
"ENSG00000130518.17",91.1924403539131,-2.04594668746426,0.20246745657623,-10.1050643992949,1.19579005052987e-07,1.33906443446432e-06,"IQCN"
"ENSG00000260442.5",13.7116236270449,2.21644466479831,0.235510432975127,9.41123769677074,1.20128675359542e-07,1.34460009729935e-06,"ATP2A1-AS1"
"ENSG00000280032.1",12.4684961083287,-2.17251446466827,0.227016296876725,-9.56986125911479,1.20289435816544e-07,1.34577959960498e-06,"AP002800.1"
"ENSG00000196376.11",24.2987764344817,-2.05455852381015,0.204217557057223,-10.0606360854393,1.209301124459e-07,1.35232477332507e-06,"SLC35F1"
"ENSG00000184995.7",4.2008019485344,4.01191405186061,0.583318852931421,6.87773767588526,1.21245984273562e-07,1.35523340287377e-06,"IFNE"
"ENSG00000078898.7",5.44107867119509,4.92001863507175,0.759386778104727,6.47893639569431,1.2210757273849e-07,1.3641209129948e-06,"BPIFB2"
"ENSG00000181218.5",456.904449828982,1.91582760129881,0.177416714960854,10.7984616991782,1.22153378875584e-07,1.3641209129948e-06,"H2AW"
"ENSG00000114698.15",571.950766745137,-1.66672266026278,0.129221940922907,-12.8981398078299,1.23794591371939e-07,1.38181376680667e-06,"PLSCR4"
"ENSG00000226306.6",29.1914274513104,-3.33221466890344,0.452039291401902,-7.37151555690943,1.23925196615577e-07,1.38263649116553e-06,"NPY6R"
"ENSG00000287088.1",4.69360401392502,3.53363674097885,0.491224542946265,7.19352644675449,1.24935791315035e-07,1.39327201879548e-06,"AP001066.1"
"ENSG00000132677.13",5.20809461566642,3.08297342193781,0.403868067660827,7.63361520457452,1.25094956192673e-07,1.39440708049631e-06,"RHBG"
"ENSG00000277128.2",3.43505090739056,4.18381024057292,0.617374506239346,6.7767784356015,1.25458148167542e-07,1.39781430558059e-06,"AL589743.3"
"ENSG00000230107.1",15.9251453953098,2.61521778515892,0.31325063493629,8.34864320607302,1.2593103132469e-07,1.40243999137946e-06,"AL022316.1"
"ENSG00000228844.1",4.36016323444654,3.73290265464641,0.530021265917643,7.04292996278841,1.25996974277202e-07,1.40253159639763e-06,"AL358176.3"
"ENSG00000112578.10",1100.50680823992,1.48127299094191,0.0933467759978788,15.868496529281,1.26306343617067e-07,1.40533157046462e-06,"BYSL"
"ENSG00000240463.1",35.4863985015433,2.34348273168719,0.260632214476263,8.99153136689717,1.27013823330563e-07,1.41255647914539e-06,"RPS19P3"
"ENSG00000182931.9",9.46710578196843,2.5327992142403,0.297656209134588,8.50914288535831,1.30547470239963e-07,1.45119100038019e-06,"WFDC10B"
"ENSG00000279668.3",1.85698592086449,-3.3212311994635,0.450814176292159,-7.36718447228046,1.30956464585808e-07,1.4550718287312e-06,"AC024610.2"
"ENSG00000164850.15",114.271429154298,-2.15755674634805,0.224868375398044,-9.59475400900152,1.31844234394288e-07,1.46426640575009e-06,"GPER1"
"ENSG00000170075.9",85.5784444330603,-1.81459249123368,0.158377263005167,-11.4574052916578,1.34928391763504e-07,1.49783459107042e-06,"GPR37L1"
"ENSG00000149599.15",93.5013405389761,2.30728816590253,0.254320014836612,9.07238137503591,1.37130006481413e-07,1.52157952397184e-06,"DUSP15"
"ENSG00000105988.6",9.40054080236629,2.55722841312098,0.302985487642029,8.44010197657486,1.37651811638925e-07,1.52667230617338e-06,"NHP2P1"
"ENSG00000211895.5",53092.982515924,-2.69094137220955,0.329240105034926,-8.17318829346167,1.40405012853968e-07,1.55649717716762e-06,"IGHA1"
"ENSG00000124602.10",512.958342063047,1.93048327016211,0.181238755596822,10.6516029852721,1.41809492226957e-07,1.57063384736329e-06,"UNC5CL"
"ENSG00000154856.13",3129.68902124776,2.42237400223834,0.277048103508626,8.74351411022352,1.41799450836126e-07,1.57063384736329e-06,"APCDD1"
"ENSG00000123570.4",42.4019927051739,-2.07224611493456,0.208866464291303,-9.92139222524699,1.4209254707135e-07,1.57305188785139e-06,"RAB9B"
"ENSG00000213169.3",31.4869162252296,2.49213034184241,0.290932576510665,8.56600650134157,1.45809858041142e-07,1.61346974061919e-06,"AC069218.1"
"ENSG00000187942.12",16.487318073233,-1.91035836249629,0.177510004984635,-10.7619757132093,1.46037368370488e-07,1.61525173026985e-06,"LDLRAD2"
"ENSG00000258867.6",20.7917142489936,2.6192811473987,0.315769354866081,8.29491876597571,1.46379085479245e-07,1.61829471207719e-06,"LINC01146"
"ENSG00000164532.11",14.470925536404,3.28171156282149,0.445000541764847,7.37462374721255,1.46857800625498e-07,1.62284882000891e-06,"TBX20"
"ENSG00000127928.13",11.3837249669289,3.23340397732945,0.435639194251756,7.42220631199879,1.47409905886121e-07,1.62820941501488e-06,"GNGT1"
"ENSG00000287886.1",3.82268633969923,3.45643327812921,0.47932655467343,7.21101980357444,1.4895894710414e-07,1.64457174676538e-06,"AC005914.1"
"ENSG00000228013.1",2.91630980474302,-2.11011296070121,0.216735193151278,-9.73590366207107,1.51173329243962e-07,1.66826153525353e-06,"IL6R-AS1"
"ENSG00000253173.3",4.65877689887563,3.56552103977479,0.500919950681549,7.11794576144065,1.51461893337592e-07,1.67068724834475e-06,"H2AZP2"
"ENSG00000258630.3",5.46422476062846,-2.116477788064,0.218027104680852,-9.70740675184446,1.52104108522314e-07,1.67700990793658e-06,"LINC02292"
"ENSG00000226396.1",77.3408177016516,1.99134476165501,0.193626759286967,10.2844501916375,1.528692982542e-07,1.68468206239323e-06,"AL031727.1"
"ENSG00000284753.2",301.907283513296,1.72256301845009,0.141139425643624,12.2046905788007,1.53174945029982e-07,1.68728520590597e-06,"EEF1AKMT4"
"ENSG00000130643.9",9.73401391373271,-2.67026196911082,0.326266360453883,-8.18430059843161,1.53319478313841e-07,1.68811206299336e-06,"CALY"
"ENSG00000124440.16",97.8184596245508,-2.31218188997026,0.256342466631218,-9.0198940517204,1.53691817230276e-07,1.69144527114842e-06,"HIF3A"
"ENSG00000119138.4",937.300017539697,-1.82205028669889,0.160626703189179,-11.343383450714,1.54585851289985e-07,1.700514344204e-06,"KLF9"
"ENSG00000224259.7",607.099061765477,-1.87007663877407,0.170028782025939,-10.9985886888773,1.5502649172338e-07,1.70458993161907e-06,"LINC01133"
"ENSG00000185885.16",6577.77069337382,1.92669168898252,0.181126597100068,10.6372654255635,1.5582247820063e-07,1.71256726380612e-06,"IFITM1"
"ENSG00000257883.1",17.074396923513,2.97449104667104,0.386011291879837,7.70570993450882,1.56777305514989e-07,1.72228233454531e-06,"AC125603.2"
"ENSG00000145861.9",45.4133948238574,-1.75257537312341,0.147226431873876,-11.9039451735459,1.59647643074339e-07,1.75302201839423e-06,"C1QTNF2"
"ENSG00000197943.10",411.399095365873,-1.86632596592397,0.169507186688424,-11.0103058305989,1.60355471894438e-07,1.75999908176822e-06,"PLCG2"
"ENSG00000233922.3",39.9479045669026,2.72644344337877,0.338372400141251,8.05752313794102,1.67864407032669e-07,1.84158243381212e-06,"LINC01694"
"ENSG00000249509.1",3.47954046845977,4.38618036501796,0.663968397853164,6.60600772446397,1.69905763180244e-07,1.86313630202162e-06,"NEUROG2-AS1"
"ENSG00000228399.1",14.5589762053342,2.7358924507455,0.340476144454859,8.03548940301228,1.71244622646974e-07,1.87697083009538e-06,"AL109741.2"
"ENSG00000231683.6",12.2921116304417,3.60048911045929,0.510252342523821,7.05629119241367,1.73016680282076e-07,1.89553892283789e-06,"AL033397.1"
"ENSG00000188833.10",900.802116504569,-2.3718694447534,0.269294918097465,-8.80770220808607,1.75014884031251e-07,1.91656677871086e-06,"ENTPD8"
"ENSG00000225405.3",15.5946701602835,2.70747880189176,0.335219394583158,8.07673674507553,1.75649164228588e-07,1.92264625709671e-06,"RPS15AP17"
"ENSG00000140519.14",76.5118280272481,2.5503972698891,0.304394841365026,8.37858243080636,1.75871901721244e-07,1.92421756498255e-06,"RHCG"
"ENSG00000143167.12",9816.80094534089,-1.9043598206306,0.177560560113798,-10.7251284824181,1.75991165897433e-07,1.9246558646749e-06,"GPA33"
"ENSG00000156802.13",1755.05891724165,1.60326125020472,0.118463788690016,13.5337664609054,1.7680910653274e-07,1.9327311240421e-06,"ATAD2"
"ENSG00000167315.18",3816.47253852467,-1.66566728155668,0.130766246385126,-12.7377463802933,1.78548012393763e-07,1.95086182606495e-06,"ACAA2"
"ENSG00000189431.8",250.45413793028,2.35190608780536,0.265702431140527,8.85165437783088,1.80886189479931e-07,1.97552108061228e-06,"RASSF10"
"ENSG00000260273.1",11.2521500555971,-1.71179183495369,0.139944540411875,-12.2319300911323,1.82613742234121e-07,1.99349233436169e-06,"AL359711.2"
"ENSG00000182636.8",341.989894634088,-1.83956869345321,0.165134843865156,-11.1397973340826,1.84647573126878e-07,2.01478941490038e-06,"NDN"
"ENSG00000257727.6",177.690011340451,1.76788828355439,0.151147970244061,11.6964077036546,1.88345828706018e-07,2.05422066317605e-06,"CNPY2"
"ENSG00000276644.5",1118.11422175619,2.03899297896581,0.204536678697336,9.96883782386539,1.88976710473293e-07,2.06017678981652e-06,"DACH1"
"ENSG00000169715.15",1811.56448000352,-2.33049414966622,0.261934102084437,-8.89725366464488,1.89215225825991e-07,2.06185201236394e-06,"MT1E"
"ENSG00000197766.8",1126.82690447948,-2.32810073901135,0.261512012686634,-8.90246193700125,1.90167355722837e-07,2.07129840612503e-06,"CFD"
"ENSG00000198947.16",522.076583604068,-2.09805570166242,0.216235980453189,-9.70262070754968,1.90670760765433e-07,2.07585102446238e-06,"DMD"
"ENSG00000104921.15",30.3351441464514,-2.89591594255397,0.373670068192967,-7.74992751375121,1.95005320247228e-07,2.12209103538184e-06,"FCER2"
"ENSG00000180178.11",6.55087853653219,4.72122414015106,0.733596626936552,6.43572225770252,1.96233866119389e-07,2.13450445241771e-06,"FAR2P1"
"ENSG00000211448.13",353.490807599419,1.96775840781409,0.190810139554693,10.3126511641697,1.96994282294639e-07,2.14181702897527e-06,"DIO2"
"ENSG00000233996.1",4.78297253193466,3.17040715022049,0.428493098772201,7.3989689899439,2.03976136166751e-07,2.21673529018428e-06,"KDM3AP1"
"ENSG00000206073.11",4.75759435849834,4.82336872664983,0.755168047127937,6.38714620539642,2.06422474763881e-07,2.24231834455177e-06,"SERPINB4"
"ENSG00000234065.2",6.5558945079491,2.90547704167844,0.376480754246011,7.71746499365505,2.08218204469758e-07,2.26081428445716e-06,"MTND4P26"
"ENSG00000085999.13",327.062049232937,1.55345991258099,0.109370415617418,14.2036573950222,2.09170248149395e-07,2.27013712819576e-06,"RAD54L"
"ENSG00000135424.18",571.541466556513,-1.90697276556344,0.179290609571791,-10.6362110660339,2.11090829034103e-07,2.28995854711103e-06,"ITGA7"
"ENSG00000239622.1",9.18448523869766,3.457746954841,0.485977563763257,7.11503413463226,2.12588063126548e-07,2.30517176884208e-06,"AC005165.2"
"ENSG00000286500.1",3.71498212332162,3.90336919512537,0.57411486707559,6.79893418369087,2.1281495726024e-07,2.30660279278494e-06,"AL512643.2"
"ENSG00000225383.8",7.41084645327573,-2.44618258702504,0.2859792340972,-8.55370703662216,2.13007830992316e-07,2.30766397374644e-06,"SFTA1P"
"ENSG00000185339.9",874.573602615429,-1.74888158385461,0.148104414763502,-11.8084365455768,2.13573832735227e-07,2.31276476625045e-06,"TCN2"
"ENSG00000258429.2",98.2152345550967,2.38247052592844,0.273462884394641,8.71222627232382,2.14719055695399e-07,2.32413053603483e-06,"PDF"
"ENSG00000205002.4",7.38246232833114,-2.32372630599695,0.261855069777568,-8.87409324543852,2.14984795686635e-07,2.32597085270937e-06,"AARD"
"ENSG00000012124.17",127.796568057778,-2.41980222331302,0.280876114105205,-8.61519403677972,2.15301927229108e-07,2.32836530114256e-06,"CD22"
"ENSG00000233155.1",7.85528873325104,2.33461262238863,0.264064477663736,8.84107034404516,2.16193863056503e-07,2.3369710285912e-06,"HMGA1P8"
"ENSG00000065609.14",10.4602476885142,-2.92582773320584,0.3814216896585,-7.67084781105508,2.21974122182598e-07,2.39838646911389e-06,"SNAP91"
"ENSG00000148604.15",12.8171190568685,3.60162888440798,0.515749609178151,6.98328960471184,2.27515887763716e-07,2.45717158784813e-06,"RGR"
"ENSG00000236449.2",17.0052823424555,3.51686866679552,0.499098107694124,7.04644760735269,2.29344152382687e-07,2.47581648285176e-06,"AC010894.2"
"ENSG00000278716.1",7.36807064783701,3.12150466611951,0.420724606095743,7.4193537076107,2.29741980370078e-07,2.47790950865197e-06,"AC133540.1"
"ENSG00000286058.1",11.3035293609945,4.50544749992176,0.695169579149444,6.48107689843718,2.29649554489881e-07,2.47790950865197e-06,"AC018865.2"
"ENSG00000207751.3",4.0184418160261,2.35530750812328,0.268798797865556,8.76234390490587,2.30238301029181e-07,2.48216092058967e-06,"AP000553.1"
"ENSG00000162104.10",940.43219443531,-1.53187274332022,0.105537019108202,-14.5150275824036,2.3315614266112e-07,2.51250300073846e-06,"ADCY9"
"ENSG00000286802.1",6.49285977809818,3.67521656327151,0.530959446278843,6.92184043250152,2.34649393408705e-07,2.52747351942887e-06,"AC104459.1"
"ENSG00000243312.3",10.6075663922465,2.90585229951085,0.378298172849389,7.68138074160816,2.35255852557573e-07,2.53288312678291e-06,"AC093827.1"
"ENSG00000112984.12",883.38678765301,1.50384580369916,0.100080477421791,15.0263652056852,2.39665809709567e-07,2.57922018420836e-06,"KIF20A"
"ENSG00000106688.12",760.007236714186,-1.9478288920451,0.188278208862749,-10.3454823784999,2.39932674715304e-07,2.58094909056303e-06,"SLC1A1"
"ENSG00000111432.4",228.209762288201,2.99431850304439,0.396201566357614,7.55756351639888,2.40682161111501e-07,2.58680713444559e-06,"FZD10"
"ENSG00000169607.13",479.937301646491,1.54391974978845,0.10805803044717,14.287876092127,2.40690161768785e-07,2.58680713444559e-06,"CKAP2L"
"ENSG00000279727.1",3.02857854641414,-2.27901833786762,0.254192459375117,-8.96571968920774,2.43084074239679e-07,2.61138063838382e-06,"LINC02033"
"ENSG00000279024.1",6.06963309026783,3.57729163140231,0.512581418969517,6.97897250859,2.47729646223227e-07,2.66011065100504e-06,"AC112255.1"
"ENSG00000261220.2",16.1293767239993,2.17714357569892,0.234194584062873,9.2963019807257,2.49953649069167e-07,2.68280639239432e-06,"AC103706.1"
"ENSG00000288007.1",3.31629144091729,-1.9051397615681,0.180115238008216,-10.5773380566568,2.51274687885255e-07,2.69579466472923e-06,"AC092803.4"
"ENSG00000138083.5",9.82972006935002,3.77408291013795,0.552065102211146,6.83630045627208,2.51821368887161e-07,2.7004674598226e-06,"SIX3"
"ENSG00000226995.9",5.07525376717736,3.5917384612975,0.515946220475861,6.96145900242242,2.53991944348238e-07,2.72254267651618e-06,"LINC00658"
"ENSG00000119938.9",99.6379473589787,-2.17565458077837,0.234134801908933,-9.29231606339582,2.5665172813812e-07,2.749839944337e-06,"PPP1R3C"
"ENSG00000108852.15",68.186010936836,-1.96154755859361,0.191510805021699,-10.2424902781405,2.57212879852806e-07,2.75463771724248e-06,"MPP2"
"ENSG00000092445.12",488.411325686284,1.83056970560309,0.165481462498188,11.0620831963166,2.59556753320204e-07,2.77606914862718e-06,"TYRO3"
"ENSG00000161652.12",13.8212775123896,3.29319247216222,0.456891151718187,7.20782720299534,2.59540766625781e-07,2.77606914862718e-06,"IZUMO2"
"ENSG00000227674.3",5.35587167084183,4.98919422410359,0.7947854728313,6.27740993595461,2.59423704420877e-07,2.77606914862718e-06,"LINC00355"
"ENSG00000214357.9",1823.83282524396,-1.59026554837766,0.117607315807191,-13.5218250451766,2.59769772742861e-07,2.77712515514805e-06,"NEURL1B"
"ENSG00000123989.14",5719.39495703537,1.69579565917423,0.138637783750941,12.2318433928566,2.59972816013469e-07,2.77807362758457e-06,"CHPF"
"ENSG00000261092.1",3.19927649031351,4.5414346269896,0.705748376664539,6.43492040102596,2.61081537622249e-07,2.78869510515194e-06,"LINC02178"
"ENSG00000075035.10",19.9592095541633,-2.70267797484304,0.33937947024101,-7.96358711068686,2.62377893322112e-07,2.8013105482106e-06,"WSCD2"
"ENSG00000278771.1",71.4070259986785,2.98964970305828,0.396695346865617,7.53638712094862,2.6439474520669e-07,2.8216040002295e-06,"RN7SL3"
"ENSG00000215057.4",6.63045794323872,3.17361097895817,0.433485664293285,7.32114402014224,2.66186109196189e-07,2.83947429915163e-06,"PKMP5"
"ENSG00000140450.9",1094.94540587379,-1.65721839037209,0.131092092706321,-12.6416350228284,2.67369117180338e-07,2.85084227620984e-06,"ARRDC4"
"ENSG00000169427.8",29.5322694351032,2.51784581701388,0.302802778022447,8.31513446956299,2.68420693255589e-07,2.86079949390825e-06,"KCNK9"
"ENSG00000122224.18",62.2692564485294,-2.10462085645511,0.220413138778755,-9.54852722535601,2.69906971217392e-07,2.87537895685341e-06,"LY9"
"ENSG00000205869.2",60.6358408625225,2.00403126614815,0.200518666560866,9.99423794562207,2.76179160996724e-07,2.9409086819546e-06,"KRTAP5-1"
"ENSG00000268628.2",44.1484587444339,2.86024837544792,0.371597098881282,7.6971762805977,2.77734529011149e-07,2.95617567015809e-06,"AL121761.1"
"ENSG00000026036.22",101.259915828825,1.9598379564123,0.191746787491487,10.2209689249647,2.78213586755057e-07,2.95997817782306e-06,"RTEL1-TNFRSF6B"
"ENSG00000183690.13",20.9474209204004,-2.28676259866545,0.257113867340088,-8.89396835076467,2.79831190721103e-07,2.9745835234133e-06,"EFHC2"
"ENSG00000229891.2",159.172521779579,1.86598160884539,0.173033883933102,10.7839087144736,2.79754460787642e-07,2.9745835234133e-06,"LINC01315"
"ENSG00000262370.6",106.23377667197,2.32936200661277,0.265664329710312,8.7680646067644,2.80886129252084e-07,2.98449188492594e-06,"AC108134.3"
"ENSG00000285684.1",6.4442880435062,3.38945730688264,0.477738087093649,7.0948023581344,2.84274622861269e-07,3.01917540888498e-06,"AL137781.1"
"ENSG00000161091.13",1989.4467740463,1.5956888191155,0.119112609952989,13.3964726299364,2.85085902241828e-07,3.02646894909411e-06,"MFSD12"
"ENSG00000228360.1",7.7117152359024,2.85776942291559,0.37149235398807,7.69267359674208,2.8542288453356e-07,3.02872318522512e-06,"AC009220.1"
"ENSG00000272872.1",5.83089343004775,3.19104024684106,0.438247312356133,7.2813686630163,2.8731830122108e-07,3.04750533377226e-06,"AP000525.1"
"ENSG00000274210.1",7.06864525411741,3.37783406650795,0.475682895859497,7.10102065033187,2.88471163069535e-07,3.05839845662727e-06,"RNVU1-27"
"ENSG00000235904.3",3.87274746036218,-2.60855256497109,0.321797840087501,-8.10618419397033,2.88675703831696e-07,3.05923227348897e-06,"RBMS3-AS3"
"ENSG00000151229.13",532.427502655087,-1.67988081227466,0.136016507020954,-12.3505657443171,2.88864684637294e-07,3.05990053909601e-06,"SLC2A13"
"ENSG00000232442.1",203.704056450093,1.75929009194812,0.152012392182378,11.5733333755934,2.9429725728935e-07,3.11608860659312e-06,"MHENCR"
"ENSG00000184828.10",895.922769379844,-2.18177749117062,0.236720884245157,-9.2166667006494,2.98349698488187e-07,3.1576209378323e-06,"ZBTB7C"
"ENSG00000128218.8",28.8031154952173,-2.34179910097729,0.268832487454856,-8.71099740640738,3.00012817588486e-07,3.17384042986513e-06,"VPREB3"
"ENSG00000161610.1",3.84657171144134,3.0406770410339,0.408917381671764,7.43592025509602,3.01211908961073e-07,3.18513898509751e-06,"HCRT"
"ENSG00000070886.12",5.83927413414499,4.04755157796793,0.611333774469499,6.62085385594849,3.09670933356748e-07,3.27316384539755e-06,"EPHA8"
"ENSG00000270030.1",5.62574804353837,2.62207133220625,0.325595632459964,8.05315265562929,3.14882585572392e-07,3.32680296930831e-06,"AC136475.7"
"ENSG00000259330.3",526.853765155111,-1.48562089770994,0.0974975402802181,-15.2375218230133,3.1652337896188e-07,3.34268496687253e-06,"INAFM2"
"ENSG00000261742.6",4.21536112066381,2.79845515507588,0.361215777867058,7.74732258817838,3.19742867710123e-07,3.37521793455951e-06,"LINC00922"
"ENSG00000111262.6",5.24866157311708,-3.41440244798973,0.485034464013906,-7.0395048214385,3.21562499556979e-07,3.39295212298505e-06,"KCNA1"
"ENSG00000231707.4",11.9509170317989,2.5263858066208,0.306902797837396,8.23187610026069,3.28747655822242e-07,3.46726043250021e-06,"PABPC1P1"
"ENSG00000287090.1",21.2854232645178,-2.10752338751505,0.222718757194301,-9.46271169103388,3.30058851380025e-07,3.4795792141148e-06,"AC116345.4"
"ENSG00000169248.13",581.676147912229,2.47528167407921,0.296716237734478,8.34225215639955,3.31279328500383e-07,3.49093134542901e-06,"CXCL11"
"ENSG00000225536.2",7.01306953031271,2.91810854885296,0.385879523880914,7.56222698604117,3.33481346993521e-07,3.51261236755204e-06,"STIP1P3"
"ENSG00000126010.6",29.513395897581,2.83379907211217,0.369098877251896,7.67761498818706,3.37687913421275e-07,3.55537967770233e-06,"GRPR"
"ENSG00000175874.10",43.7689622953427,2.55135851822722,0.312379877704729,8.16748676955064,3.41288762529614e-07,3.59173535273695e-06,"CREG2"
"ENSG00000231749.3",4.2214249051514,3.69042392206338,0.541892108367754,6.81025588872182,3.43735356121556e-07,3.61591738257741e-06,"ABCA9-AS1"
"ENSG00000135063.19",50.1105308154349,-2.15325385705517,0.232375863873881,-9.26625433966679,3.47274951234832e-07,3.65157131761421e-06,"FAM189A2"
"ENSG00000126947.13",149.321950987199,-1.85125512627991,0.171655277148281,-10.7847259754254,3.54108467540532e-07,3.72181477562065e-06,"ARMCX1"
"ENSG00000270035.1",3.66504349854179,2.93243608102562,0.389847380144365,7.52201048507676,3.58126517924221e-07,3.76241867079921e-06,"AL359881.2"
"ENSG00000224189.8",448.940556797902,-2.13184627958029,0.228390427855318,-9.33421903710772,3.60255677511026e-07,3.78315166962746e-06,"HAGLR"
"ENSG00000198894.8",836.921213614613,-1.34131165687488,0.0688838750533322,-19.4720702898376,3.61866007760666e-07,3.79842072941002e-06,"CIPC"
"ENSG00000261104.1",19.7673652054973,2.44300477796933,0.291285892317378,8.38696566638901,3.63679910206213e-07,3.81581252936571e-06,"AC093904.4"
"ENSG00000230453.9",9.85573702727749,3.30700868740179,0.465823964830522,7.0992669700988,3.66267620349065e-07,3.84130477966435e-06,"ANKRD18B"
"ENSG00000214725.9",6.79318745271718,2.71348466058877,0.346155741377373,7.83891276739095,3.70991732222234e-07,3.88917130845568e-06,"CDIPTOSP"
"ENSG00000124875.10",103.890702418443,2.39713847028569,0.282256897550608,8.49275426424571,3.71291548775381e-07,3.89063589273039e-06,"CXCL6"
"ENSG00000241361.8",7.67421417557642,3.91570755274167,0.589314842012646,6.64450862864514,3.75626533626259e-07,3.9343641237578e-06,"SLC25A24P1"
"ENSG00000128482.16",26.6498145934087,-2.09096620961335,0.220508248980341,-9.48248520988334,3.75849095502397e-07,3.93499914722458e-06,"RNF112"
"ENSG00000186081.12",57.8086000912808,3.04768837893631,0.413940722135733,7.36262033658278,3.77187081090965e-07,3.94730666257986e-06,"KRT5"
"ENSG00000274895.1",10.9256531995182,2.29980608975811,0.262761083289773,8.75246083234433,3.7736778502699e-07,3.94749770820313e-06,"AC011700.1"
"ENSG00000230779.1",7.99721143634096,3.05912643227237,0.416330441825617,7.34783269476534,3.78975061164479e-07,3.96260498549778e-06,"AL161636.2"
"ENSG00000214185.3",5.55972018066382,2.20370384451506,0.243404596714506,9.05366568364291,3.80172798825479e-07,3.97171066700737e-06,"XPOTP1"
"ENSG00000243063.1",53.5265840547513,-2.62979443543499,0.329565320005785,-7.97958485252281,3.80162712587031e-07,3.97171066700737e-06,"IGKV3-7"
"ENSG00000257925.1",4.00627832879064,3.02388313231016,0.409348913830031,7.38705546820073,3.82380662717895e-07,3.99305977827454e-06,"AC008083.2"
"ENSG00000236212.2",12.7456600595977,2.46490496912926,0.296550331951457,8.31192787041879,3.90975572014676e-07,4.08105945015319e-06,"AC009262.1"
"ENSG00000257831.1",14.329501143234,2.69052046734732,0.342258776540341,7.86107077967129,3.92007618411454e-07,4.09007519424574e-06,"AL136418.1"
"ENSG00000204740.11",103.088472254334,2.96883124096924,0.398662347737892,7.44698178249114,3.93440432518606e-07,4.10326287991508e-06,"MALRD1"
"ENSG00000065371.17",2.58712599815475,-3.10819777122339,0.427019021226704,-7.27882744495647,3.96644199864817e-07,4.13490092523168e-06,"ROPN1"
"ENSG00000124749.17",41.7912893721276,-2.07940563088856,0.218748731600049,-9.50590943169654,4.01875698163961e-07,4.18709003653854e-06,"COL21A1"
"ENSG00000260710.1",5.09237801696674,3.0326442269245,0.411933715223327,7.36197139212161,4.01995105154091e-07,4.18709003653854e-06,"AC120498.4"
"ENSG00000074416.14",6137.82398973582,-1.55938763315902,0.113377994717964,-13.7538826386735,4.03165294486919e-07,4.1974792870746e-06,"MGLL"
"ENSG00000287815.1",13.9465427178986,-1.78983514765531,0.160107075583886,-11.1789884433779,4.04531948021331e-07,4.209904212813e-06,"AC005081.1"
"ENSG00000154553.16",673.581068001601,-2.04532295231096,0.211995263441902,-9.6479653323551,4.09302547804661e-07,4.25772770190636e-06,"PDLIM3"
"ENSG00000172159.16",276.145667725873,-1.99677754397797,0.202183632887262,-9.87605928068061,4.11020756919717e-07,4.27377167015367e-06,"FRMD3"
"ENSG00000172000.7",24.6319500158769,3.24329160685749,0.455146483340847,7.12581932535482,4.13841026654623e-07,4.30125617951554e-06,"ZNF556"
"ENSG00000226419.8",136.190630821336,1.86697902975082,0.176042434365344,10.6052784175675,4.22169025762463e-07,4.38593729201704e-06,"SLC16A1-AS1"
"ENSG00000179144.5",186.965087370216,-1.80460682555928,0.163389159313221,-11.0448381835407,4.22922534821139e-07,4.39188786160414e-06,"GIMAP7"
"ENSG00000184925.12",141.334353015378,2.08216744291497,0.219817890629519,9.47223830122299,4.26097947713332e-07,4.42297314371378e-06,"LCN12"
"ENSG00000235947.1",6.52154834366679,2.87602941427058,0.381148182523171,7.54569888076468,4.28217352686268e-07,4.44117868983197e-06,"EGOT"
"ENSG00000274356.1",6.47504080601282,2.23559202650499,0.251030920719462,8.90564405411775,4.28165564923963e-07,4.44117868983197e-06,"AL355987.5"
"ENSG00000225163.4",5.64381049482759,2.34926686541739,0.274544825561385,8.55695189524567,4.44911621325201e-07,4.61235170571774e-06,"LINC00618"
"ENSG00000175768.13",197.826949570764,2.11524607252804,0.226993048057506,9.31855002005248,4.48171844783083e-07,4.64416879668611e-06,"TOMM5"
"ENSG00000233876.2",10.5754928421232,2.92012818361565,0.390927480559517,7.46974395209107,4.51393624578592e-07,4.67556056149181e-06,"GAPDHP68"
"ENSG00000214533.3",9.42336712306134,3.0368387901653,0.414890695256734,7.31961170709339,4.56921020068628e-07,4.73079709742976e-06,"KRT18P33"
"ENSG00000265194.1",19.6650349658841,2.270362138929,0.258819075937069,8.77200465502408,4.59342013736396e-07,4.75383770604532e-06,"AL359922.2"
"ENSG00000147614.4",37.7636159318516,-2.04591155862167,0.213128203123447,-9.59944075274097,4.61389845440371e-07,4.77096733795788e-06,"ATP6V0D2"
"ENSG00000235049.1",13.2976937760977,-2.53808375229551,0.313414369478814,-8.09817289652725,4.61202769587593e-07,4.77096733795788e-06,"LINC00940"
"ENSG00000287656.1",8.9840086898734,2.83159825924883,0.373360799573003,7.58408023147371,4.65459743174226e-07,4.81100457640736e-06,"AL591069.1"
"ENSG00000246465.1",24.5061964381081,2.26336216663757,0.257616265572867,8.78578905568904,4.69411052089675e-07,4.84978255347751e-06,"AC138904.1"
"ENSG00000113396.13",6.63798712887602,-2.78221184812261,0.36349588527276,-7.65403945641611,4.71975975556162e-07,4.87421003230545e-06,"SLC27A6"
"ENSG00000248309.7",8.76879765321741,-2.26307424077358,0.257748343491801,-8.78016987467297,4.78168433602886e-07,4.9360632695625e-06,"MEF2C-AS1"
"ENSG00000242136.1",4.9869775513065,2.67734454255729,0.342376911706747,7.81987467908026,4.81341587245426e-07,4.96670937157701e-06,"AC093904.2"
"ENSG00000100302.7",369.581090464907,-2.07815594329201,0.220144612394438,-9.43995821968393,4.85343921845345e-07,5.00588170663916e-06,"RASD2"
"ENSG00000226644.5",3.97674388935727,2.91873081807357,0.391844388272208,7.44869878306378,4.873832817136e-07,5.02478309106511e-06,"AL121899.1"
"ENSG00000227838.1",2.40186148844376,4.06915430466892,0.627594312546453,6.4837335573651,5.03290475252759e-07,5.1865812335208e-06,"AL121885.2"
"ENSG00000211625.2",198.937672394826,-2.63524149675357,0.334423311169187,-7.87995755301995,5.04858101277858e-07,5.20053067446034e-06,"IGKV3D-20"
"ENSG00000141582.15",1351.32878875955,1.50621867664472,0.103581579081224,14.5413758894679,5.11531680578924e-07,5.26704230426604e-06,"CBX4"
"ENSG00000108242.13",89.7519241204235,-2.20911868145221,0.247458023773295,-8.92724611538993,5.14116855397915e-07,5.28917848694722e-06,"CYP2C18"
"ENSG00000108830.10",24.3603659748868,-2.13836634697052,0.232975795236451,-9.17849146002593,5.14003683251576e-07,5.28917848694722e-06,"RND2"
"ENSG00000186416.17",572.805539866378,1.40968622581024,0.0838846011994738,16.8050655978928,5.19969294030713e-07,5.34712392930442e-06,"NKRF"
"ENSG00000274964.1",32.0779155412797,1.94462385550754,0.19346996032149,10.051296088944,5.236531740735e-07,5.38272932740526e-06,"AC026356.1"
"ENSG00000165186.12",34.5323669580047,-2.81418223749709,0.371789008881925,-7.56929917309857,5.31501796960839e-07,5.46109668758917e-06,"PTCHD1"
"ENSG00000242611.2",10.5571553512486,-2.43369706350351,0.293826784086717,-8.28276112086926,5.32057658609682e-07,5.46449750812142e-06,"AC093627.6"
"ENSG00000224415.1",36.4860995148321,2.27254125627814,0.260818901814939,8.7131003177469,5.33064866590798e-07,5.47252904865078e-06,"AC007683.1"
"ENSG00000174371.17",477.6653204385,1.54186277206234,0.111084907390144,13.880038326423,5.36064644504411e-07,5.50100120838563e-06,"EXO1"
"ENSG00000112964.14",126.074384565437,-2.15322232552657,0.236473691537675,-9.10554705483388,5.39248555626291e-07,5.52751972649623e-06,"GHR"
"ENSG00000213137.3",4.53216834676265,3.83143433834212,0.580602603633964,6.59906503064463,5.39331245741669e-07,5.52751972649623e-06,"ARF1P2"
"ENSG00000275620.1",23.6239367730064,2.64923805049132,0.338184878713732,7.83369753422315,5.39280752910705e-07,5.52751972649623e-06,"FLJ16779"
"ENSG00000141579.7",24.4997508921126,2.77234863400559,0.364012727222039,7.61607610580748,5.61050766127012e-07,5.74769545399932e-06,"ZNF750"
"ENSG00000182264.9",6.73005784652467,2.42619251733341,0.293006867352343,8.28032646216409,5.65273784413366e-07,5.78851789348707e-06,"IZUMO1"
"ENSG00000101197.13",30.0168185941223,2.42102931181163,0.291963868744809,8.29222232949561,5.66121296436324e-07,5.79475463496321e-06,"BIRC7"
"ENSG00000185561.10",667.289244472608,-1.59918578019841,0.123152102071856,-12.98545256877,5.71091594245033e-07,5.84316873269655e-06,"TLCD2"
"ENSG00000233966.1",31.4431036445097,1.92010762427854,0.189169413185429,10.150201303402,5.75375209079136e-07,5.88451918376389e-06,"UBE2SP1"
"ENSG00000169252.6",30.6651738413063,-1.96547549018595,0.198551126920643,-9.8990900765399,5.7925757191447e-07,5.9217328554992e-06,"ADRB2"
"ENSG00000249193.1",10.4174184467835,2.30160990346407,0.267690795054295,8.59801661464392,5.79962341376346e-07,5.92644444720151e-06,"HSPD1P5"
"ENSG00000123561.15",31.3160468021111,3.28217210490412,0.46941226543386,6.99208850427147,5.81718581481858e-07,5.93988158152015e-06,"SERPINA7"
"ENSG00000163631.17",21.3420120263835,3.77495680045591,0.5707733846457,6.61375758226562,5.81766179589216e-07,5.93988158152015e-06,"ALB"
"ENSG00000121858.11",2542.20394370124,-1.56789818016802,0.116850892814766,-13.4179392420516,5.86856685902954e-07,5.98933954953455e-06,"TNFSF10"
"ENSG00000121807.6",90.7335926846941,-2.12719984711985,0.232036039652232,-9.1675407419814,5.93290142740842e-07,6.05245611612194e-06,"CCR2"
"ENSG00000239513.6",2.15346811995759,4.03068557924996,0.623904805322379,6.46041759073686,5.94058761766509e-07,6.05775405410246e-06,"LINC01210"
"ENSG00000231412.2",36.8797157317753,-2.67729239113491,0.345348794304492,-7.75243010917931,5.9646926922869e-07,6.07978323920184e-06,"AC005392.2"
"ENSG00000151364.17",223.983839808794,1.690412634018,0.142260461125273,11.8825190122886,6.07551025969234e-07,6.19014252874314e-06,"KCTD14"
"ENSG00000234817.2",4.64270767859427,-1.84388502683644,0.173909894668381,-10.6025308700948,6.0979914586052e-07,6.2104439414965e-06,"ECI2-DT"
"ENSG00000211647.1",8.4221723505067,-2.88264114071904,0.388218738086554,-7.42530140334532,6.1907134107914e-07,6.30223443159745e-06,"IGLV5-48"
"ENSG00000125508.3",213.814034595357,2.08132543849681,0.223143245697346,9.32730646626767,6.30257793101341e-07,6.41342729160912e-06,"SRMS"
"ENSG00000132911.5",20.8085053395184,3.56708566970768,0.529790921447299,6.73300640932655,6.31563570871905e-07,6.42402460116672e-06,"NMUR2"
"ENSG00000181072.11",80.1971763118912,-3.48282209416441,0.513140614230919,-6.78726648714869,6.54169705680155e-07,6.65118152637145e-06,"CHRM2"
"ENSG00000157851.17",7.6259991564171,-2.78075447629792,0.368052371776006,-7.55532280061022,6.5471206444909e-07,6.65391182187908e-06,"DPYSL5"
"ENSG00000120162.10",1130.98265554137,-1.55069702906276,0.113842733267111,-13.6213966808434,6.57911461490515e-07,6.68363232199813e-06,"MOB3B"
"ENSG00000258884.2",7.71929161724978,2.2814850350582,0.265108890194277,8.60584129557588,6.69734475067022e-07,6.80089751112772e-06,"LINC02321"
"ENSG00000186340.16",2405.05552732904,2.3326092334228,0.275860203200027,8.4557656608823,6.80128787395817e-07,6.9035628795816e-06,"THBS2"
"ENSG00000181751.10",995.130005224658,-1.46903400192077,0.097099236675377,-15.1292023729502,6.81089079745561e-07,6.91042364835789e-06,"MACIR"
"ENSG00000078295.17",50.2383030953142,-2.04554727221907,0.216688080272105,-9.4400544305454,6.99574215688541e-07,7.09501395710832e-06,"ADCY2"
"ENSG00000105270.15",375.799684791722,-1.8690930666148,0.180237407737228,-10.3701728186181,7.1086135143909e-07,7.20647928242381e-06,"CLIP3"
"ENSG00000119227.8",1207.71894805149,-1.87575309214094,0.181737824157246,-10.321203639579,7.22223445644277e-07,7.31861122983984e-06,"PIGZ"
"ENSG00000205057.6",8.2910940890181,3.0027717127495,0.41569068435215,7.22357229974805,7.25249147977864e-07,7.34620854350233e-06,"CLLU1-AS1"
"ENSG00000181656.7",5.11472065530317,-2.40882420112341,0.292493380649425,-8.23548278520042,7.30117695348421e-07,7.39244166540277e-06,"GPR88"
"ENSG00000225356.3",42.0269075310011,2.59727833786684,0.332277690579262,7.81658959209384,7.65835439351121e-07,7.75085430080477e-06,"AC093840.1"
"ENSG00000172551.11",10.1732402787766,3.38027276667329,0.495402223465896,6.82328945361706,7.74811432484611e-07,7.83843372580185e-06,"MUCL1"
"ENSG00000144868.14",20.9809022751371,-1.87674070574855,0.18250686952921,-10.2831236467413,7.78108996774375e-07,7.86851794490941e-06,"TMEM108"
"ENSG00000226450.2",19.0658268753289,2.04438633773957,0.217521649359055,9.39854190956859,7.88200965125203e-07,7.96725601187289e-06,"CYP2D8P"
"ENSG00000214313.8",12.2310449752247,2.53904804163411,0.320593942534787,7.91982537648416,7.90896134456463e-07,7.99117507995511e-06,"AZGP1P1"
"ENSG00000179934.7",16.5812980770967,2.14669380395295,0.238905671492642,8.98552885136952,7.94214372341784e-07,8.02136710220505e-06,"CCR8"
"ENSG00000136695.15",4.7058493992043,3.46938054006829,0.514491029797326,6.74332561528816,7.94687476361782e-07,8.02281083323278e-06,"IL36RN"
"ENSG00000213222.3",46.08817496816,1.75662142643973,0.157737047741571,11.136390921413,8.06399141349837e-07,8.13766575365492e-06,"TOMM40P4"
"ENSG00000004846.16",8.83415193869794,-3.07914384094419,0.433541536334872,-7.10230412286454,8.10457586718591e-07,8.17522596814519e-06,"ABCB5"
"ENSG00000253428.1",3.02104174376996,2.82633732900671,0.380904538707467,7.42006734442544,8.14439341611749e-07,8.2119817432222e-06,"LINC01942"
"ENSG00000118939.18",152.761705853002,1.86356270773329,0.180141502087738,10.3449937195797,8.18248655798458e-07,8.24696903189652e-06,"UCHL3"
"ENSG00000075290.8",7.9349843033762,2.35441050763569,0.282630470395751,8.33034918117267,8.24975113104039e-07,8.31131643798846e-06,"WNT8B"
"ENSG00000124302.13",3.00083760053743,-2.38761142232178,0.289584573555077,-8.24495377295252,8.26741870705697e-07,8.32566409372087e-06,"CHST8"
"ENSG00000259680.5",13.072629009952,-2.66605367050736,0.347720505777361,-7.6672316593672,8.28278320648132e-07,8.33768152102303e-06,"AC136428.1"
"ENSG00000168243.11",1339.80842821162,2.54264528458879,0.321973582148537,7.89706182607176,8.28863787477026e-07,8.34012009759493e-06,"GNG4"
"ENSG00000114166.8",456.60122870483,-1.67777869544781,0.141507289451637,-11.8564824607231,8.35118014697569e-07,8.39957274716512e-06,"KAT2B"
"ENSG00000105492.16",22.3005208698147,-2.14032113030036,0.23812991497905,-8.9880397029859,8.39529672283142e-07,8.44045140110896e-06,"SIGLEC6"
"ENSG00000106348.18",3228.03288567243,1.57941074702623,0.12105192522346,13.0473823040043,8.48724586311721e-07,8.52936618998131e-06,"IMPDH1"
"ENSG00000187398.12",28.6431792058681,-2.30730768955731,0.273278759027124,-8.44305535406905,8.60109942745098e-07,8.64021149595117e-06,"LUZP2"
"ENSG00000177192.14",1563.12241277042,1.54448245017312,0.113924510698906,13.5570689810121,8.7941621035536e-07,8.8305016163782e-06,"PUS1"
"ENSG00000174123.11",35.7289777205934,-2.21278327565694,0.25381545446632,-8.71807936325077,8.8431769409262e-07,8.87605120464712e-06,"TLR10"
"ENSG00000182103.5",8.27553161293877,-2.46309008350975,0.306335153095139,-8.04050745930809,8.93597696928469e-07,8.96549299560768e-06,"FAM181B"
"ENSG00000214078.13",6747.10360518852,1.7648478994481,0.160162393123853,11.0191154429326,8.96518093156762e-07,8.99108116537735e-06,"CPNE1"
"ENSG00000275894.1",16.6345063428644,2.3312997754934,0.278921682042541,8.35825941684172,9.07402503849085e-07,9.09648549650692e-06,"AL021578.1"
"ENSG00000203785.9",4.73912061735652,4.95948983536903,0.829932297662598,5.97577639686614,9.17210707183975e-07,9.19101863281261e-06,"SPRR2E"
"ENSG00000158473.8",97.9769612774936,-1.73674368443808,0.154491123287491,-11.2417053321969,9.26441699895781e-07,9.27969221247629e-06,"CD1D"
"ENSG00000157021.9",10.6443353124035,1.9979101858283,0.209264817687337,9.54728180258848,9.27333481975541e-07,9.28479753275881e-06,"CIBAR1P1"
"ENSG00000143416.21",13309.6386714867,-2.09108070837984,0.22885625138677,-9.13709237003051,9.32457512050391e-07,9.33225598963118e-06,"SELENBP1"
"ENSG00000236499.2",34.6145018155994,2.05895775151564,0.22218796175926,9.26673855420896,9.39388101298084e-07,9.39774839915333e-06,"LINC00896"
"ENSG00000198483.13",36.8687221262901,-1.8617933671568,0.180936689245821,-10.2897503812915,9.5389045888413e-07,9.5389045888413e-06,"ANKRD35"
"ENSG00000143867.7",55.4983899888087,-2.30014869133509,0.272981799519423,-8.42601483096836,9.54781685942955e-07,9.54388933295508e-06,"OSR1"
"ENSG00000212443.1",22.7556519556723,3.11361009904875,0.443933968484451,7.01367842987624,9.62745148661042e-07,9.61953417453262e-06,"SNORA53"
"ENSG00000263711.6",10.3593860892468,4.29101796145893,0.691277493484619,6.20737403127157,9.6424544323616e-07,9.63056484613181e-06,"LINC02864"
"ENSG00000180211.5",70.7392639481782,2.26249041172441,0.265281414531133,8.52864274613135,9.72478675737786e-07,9.70880518505678e-06,"FO393411.1"
"ENSG00000163618.18",707.345593247463,2.13941079604001,0.239432814302233,8.93532827684789,9.73778320089542e-07,9.7177877528443e-06,"CADPS"
"ENSG00000254349.6",5.84400411258534,3.71926404315769,0.57154551683107,6.50738031115898,9.78869983836621e-07,9.76458974024216e-06,"MIR2052HG"
"ENSG00000203497.2",48.649403869744,-1.50501559271169,0.106178117515812,-14.1744422289984,9.85838806805849e-07,9.83007099112931e-06,"PDCD4-AS1"
"ENSG00000116574.6",1204.15550246542,-1.56236410793587,0.118244879871889,-13.2129535725233,9.87685467066026e-07,9.84444497526843e-06,"RHOU"
"ENSG00000182272.12",345.061449110939,2.54103849869943,0.324044846007979,7.84162602801239,9.89125794269258e-07,9.85475883589297e-06,"B4GALNT4"
"ENSG00000103569.10",211.637843058687,2.48496033822109,0.312307155261201,7.95678323842042,9.93179001282049e-07,9.88298514789263e-06,"AQP9"
"ENSG00000148680.16",12.084295250363,-2.19563456808206,0.251457672100615,-8.7316268767633,9.93143892292134e-07,9.88298514789263e-06,"HTR7"
"ENSG00000196366.3",21.6937715813469,1.89666986750392,0.188576962884715,10.0578025994799,9.92586118387935e-07,9.88298514789263e-06,"C9orf163"
"ENSG00000250509.2",5.03836236246014,3.17917865481396,0.458630115082279,6.93190122119132,1.0095912438873e-06,1.00421887951131e-05,"AC034213.1"
"ENSG00000242534.2",21.0342332323615,-3.32010188854138,0.488542136986548,-6.79593762171799,1.02196666940883e-06,1.01611252318472e-05,"IGKV2D-28"
"ENSG00000214842.5",10.9224243658767,2.17171643182192,0.246749791004162,8.80128985310991,1.02414033539545e-06,1.01785726585315e-05,"RAD51AP2"
"ENSG00000110975.8",3.48722624991161,-3.17710372778212,0.458733494056757,-6.92581590170311,1.03790137014256e-06,1.0311121543117e-05,"SYT10"
"ENSG00000104549.12",3208.65106896164,1.67596707869602,0.142630169560827,11.7504388016679,1.07229207536576e-06,1.06484255951728e-05,"SQLE"
"ENSG00000104313.20",55.2459895579507,2.75812059593281,0.370987207785685,7.43454366633079,1.07370301806304e-06,1.06580814293023e-05,"EYA1"
"ENSG00000239951.1",3071.76123248951,-2.38182480394541,0.2917085581358,-8.16508373688711,1.08450081411476e-06,1.07608696541399e-05,"IGKV3-20"
"ENSG00000134531.10",4820.23895457416,-1.78682227126115,0.166166632427217,-10.7531954229367,1.0945195898525e-06,1.0852578411687e-05,"EMP1"
"ENSG00000182916.8",56.3638612327367,-1.99745031193948,0.210649500356906,-9.48234061108703,1.09463661263559e-06,1.0852578411687e-05,"TCEAL7"
"ENSG00000179528.16",38.8828268569468,1.72720974871679,0.15358958881264,11.2456173759523,1.09657557737672e-06,1.08673680792228e-05,"LBX2"
"ENSG00000211947.2",989.413352437746,-2.49235955430969,0.315199232970414,-7.90725133060089,1.09714133308001e-06,1.08685423537889e-05,"IGHV3-21"
"ENSG00000262943.7",20.9969351951247,2.98093253433807,0.418734071270903,7.11891565281663,1.11837605745446e-06,1.10743839430087e-05,"ALOX12P2"
"ENSG00000101444.13",14416.6027909152,1.67498237761669,0.142719307945393,11.7362002501972,1.12570090226e-06,1.11423755294982e-05,"AHCY"
"ENSG00000243859.3",16.5595784451658,2.5908475420777,0.336539094947513,7.69850392116188,1.13885243659963e-06,1.12679618116331e-05,"RPL5P17"
"ENSG00000104112.9",25.7596327417307,-2.66482855134938,0.35223906822322,-7.56539745801462,1.1425833647097e-06,1.13002750355904e-05,"SCG3"
"ENSG00000114771.14",21.6775787761236,2.57797850546412,0.333876268504966,7.7213589243938,1.14359121849123e-06,1.13056414195837e-05,"AADAC"
"ENSG00000160868.15",34.5741366912988,-2.46826698561004,0.310794997961429,-7.94178478353878,1.15494562066958e-06,1.14132487117816e-05,"CYP3A4"
"ENSG00000286610.1",4.94663100008186,4.36209260110812,0.711802258213816,6.12823653026092,1.1599441872786e-06,1.14579852645813e-05,"AL356433.1"
"ENSG00000101489.20",8.70905060233389,-2.4450749886809,0.305973241519522,-7.99113993281959,1.16263871671914e-06,1.14799353174624e-05,"CELF4"
"ENSG00000240382.3",429.535165195623,-2.54717318019644,0.327598688081638,-7.77528504498065,1.16327088687321e-06,1.14815120028509e-05,"IGKV1-17"
"ENSG00000259683.1",4.55124528485358,-2.40086693971473,0.296752418530422,-8.09047134848744,1.17540950207403e-06,1.15966101909861e-05,"AC243562.2"
"ENSG00000268104.3",562.698408419847,2.49176279341629,0.316192266851556,7.88053047036126,1.19147083104658e-06,1.17503008094286e-05,"SLC6A14"
"ENSG00000167550.11",68.3386183958194,1.61463185266488,0.130282208560779,12.3933411207994,1.1926528723641e-06,1.17571865308104e-05,"RHEBL1"
"ENSG00000110013.13",3171.9832148613,-1.56005608537855,0.118751310462149,-13.1371694283391,1.20139379929466e-06,1.18385520368451e-05,"SIAE"
"ENSG00000162063.13",954.857313702094,1.48421160964935,0.102676175590872,14.4552677493891,1.20316359929377e-06,1.18511858381997e-05,"CCNF"
"ENSG00000230837.1",4.28276735450236,2.97271151990603,0.418374861060122,7.10537796743683,1.20750362581051e-06,1.18891159267404e-05,"RPL31P2"
"ENSG00000183963.19",4160.5764466865,-1.65274081200794,0.138479750626681,-11.93489159627,1.21677625947585e-06,1.19755622135533e-05,"SMTN"
"ENSG00000234036.4",16.4802502810485,2.47433360385171,0.312822792055673,7.90969733244804,1.22048510523474e-06,1.20072016425928e-05,"TXNP6"
"ENSG00000137936.18",676.533515395616,-1.49949122933038,0.105998910831771,-14.1462890284807,1.22510406810018e-06,1.20477656231624e-05,"BCAR3"
"ENSG00000069018.19",5.1690915961053,-2.25129621608814,0.26555025509352,-8.47785371283222,1.22595620814929e-06,1.20512685509821e-05,"TRPC7"
"ENSG00000131187.10",526.598837576499,1.84824715953725,0.180082475407657,10.2633371479003,1.2366045737192e-06,1.21461160636121e-05,"F12"
"ENSG00000219146.1",32.6447492766515,2.88813238443584,0.4008434212454,7.20513854377992,1.23616248610723e-06,1.21461160636121e-05,"RPS4XP8"
"ENSG00000138347.16",18.712265480385,-2.37290900768112,0.291685774661633,-8.13515506689962,1.25812698941304e-06,1.2352519532419e-05,"MYPN"
"ENSG00000280323.1",8.42518967880949,-3.3685706046728,0.503352942904327,-6.69226365348393,1.2656882813499e-06,1.24217387870769e-05,"AC053503.5"
"ENSG00000100321.15",128.432444056414,-2.04766908200489,0.222675384950543,-9.19575858130744,1.26984969551984e-06,1.24575484865289e-05,"SYNGR1"
"ENSG00000159423.17",1535.4560262046,1.79247947477128,0.16876072443337,10.6214255762986,1.32733126811312e-06,1.30162025081311e-05,"ALDH4A1"
"ENSG00000237223.6",5.05489510747246,2.85766347941121,0.395719744671825,7.22143263733556,1.33700623180075e-06,1.31057892024034e-05,"SULT1C2P1"
"ENSG00000251546.1",54.6449887535627,-2.98878954772158,0.423944623056516,-7.04995271828968,1.35834140530259e-06,1.3309554898731e-05,"IGKV1D-39"
"ENSG00000197565.16",45.4244033788185,-2.22412292776978,0.260974014941564,-8.52239227061664,1.36207084191364e-06,1.33407180405084e-05,"COL4A6"
"ENSG00000182459.5",3.60273650345384,2.92359684155711,0.410246910384467,7.12643232051944,1.37354973104458e-06,1.34477270202995e-05,"TEX19"
"ENSG00000137473.18",10.2182222529112,4.52132130835689,0.75110806665264,6.01953501645434,1.37830396461792e-06,1.34888386388302e-05,"TTC29"
"ENSG00000171241.9",510.09225401767,1.43552277902434,0.0929280957464064,15.4476723911547,1.38847022319436e-06,1.35828608790753e-05,"SHCBP1"
"ENSG00000038295.8",32.5324911022556,-2.27554845018267,0.272184231464259,-8.36032432129146,1.39065539612688e-06,1.35987630285244e-05,"TLL1"
"ENSG00000203999.9",21.5457581568355,1.89359312630098,0.190694686619349,9.92997319364661,1.39305890591969e-06,1.36167865703333e-05,"LINC01270"
"ENSG00000181195.11",20.897330624001,-3.0910219836503,0.446333505359111,-6.92536398575618,1.40057296354194e-06,1.36847298005907e-05,"PENK"
"ENSG00000253687.1",4.89588763402273,3.08001139549003,0.44410879839851,6.93526317559297,1.40965591486889e-06,1.37679416122645e-05,"AC008456.1"
"ENSG00000237111.1",13.839772385159,-2.64752788600734,0.351779260545924,-7.52610566608918,1.41067983039692e-06,1.37724065402351e-05,"IGHJ3P"
"ENSG00000277763.1",3.07691039159732,-1.92523854908761,0.197673132490477,-9.7395054392653,1.42984094667935e-06,1.39538694796418e-05,"AL138995.1"
"ENSG00000178573.7",758.857415382716,-1.78183196008388,0.167047980349955,-10.6665878650616,1.43239021102593e-06,1.39731361412806e-05,"MAF"
"ENSG00000196550.10",42.7253738227726,1.66096718533491,0.141288250695692,11.7558762116202,1.44739601247485e-06,1.41138535726882e-05,"FAM72A"
"ENSG00000264424.1",10.7342989894798,2.68943597867779,0.361198887847857,7.4458589690083,1.45337599436736e-06,1.4166480811523e-05,"MYH4"
"ENSG00000089351.14",2785.56792886103,1.51696766291121,0.110576691449946,13.7186928187112,1.46836779005473e-06,1.43068714107177e-05,"GRAMD1A"
"ENSG00000087586.18",1703.78725467296,1.50574496874948,0.108191646285518,13.9173866046536,1.47314630069497e-06,1.43476773975502e-05,"AURKA"
"ENSG00000225914.3",5.03207611551962,-2.26553141001872,0.270810729547091,-8.36573725792785,1.4832816249475e-06,1.4440602358263e-05,"TSBP1-AS1"
"ENSG00000183379.9",3.49639880711537,-2.38380894955135,0.296169698213339,-8.04879420120228,1.48885359448624e-06,1.44890437909554e-05,"SYNDIG1L"
"ENSG00000219986.2",9.39459705373768,2.57680068656194,0.337512041983928,7.63469259175245,1.49260114441674e-06,1.45196988828369e-05,"BTF3P7"
"ENSG00000254389.3",46.7249656511738,1.88538053268089,0.1895377041723,9.94725846719646,1.4967641685894e-06,1.45543694664755e-05,"RHPN1-AS1"
"ENSG00000141756.19",3519.96778306728,1.88153946831673,0.188735518653226,9.96918588373284,1.50039214780029e-06,1.45838116766189e-05,"FKBP10"
"ENSG00000215030.5",1563.54206210689,2.15824488579079,0.247997832824892,8.70267639521952,1.5031926974772e-06,1.46051909431011e-05,"RPL13P12"
"ENSG00000198771.11",375.01627758728,-1.71193406643087,0.152460569253292,-11.228700475247,1.5087318994379e-06,1.46531515413033e-05,"RCSD1"
"ENSG00000251118.1",6.26872108027005,2.98635064531918,0.425562702294815,7.01741630367395,1.52379366853138e-06,1.47935222314473e-05,"H3P24"
"ENSG00000216676.2",7.40443442392802,2.85407762559864,0.397276014588579,7.18411764313115,1.52832508547242e-06,1.48315892879313e-05,"RPL8P1"
"ENSG00000135744.8",821.300185975242,1.92730081749473,0.198744272484646,9.69739048778687,1.53710090741464e-06,1.4910799221627e-05,"AGT"
"ENSG00000117281.16",21.3480329019292,-2.02752180305644,0.220296874766336,-9.20358859020125,1.54865123009455e-06,1.50168495176766e-05,"CD160"
"ENSG00000229835.2",6.51153226057435,2.84750355645324,0.396121734215551,7.18845574604033,1.55076320099469e-06,1.5031330588022e-05,"KHSRPP1"
"ENSG00000235385.2",6.8023886256577,2.71661439880115,0.36816531970553,7.37878950948988,1.56105666779523e-06,1.51250705850973e-05,"LINC02154"
"ENSG00000140416.23",10837.2034170828,-1.58923075326167,0.126431696510784,-12.5698760446999,1.57746347494187e-06,1.52779443766789e-05,"TPM1"
"ENSG00000287388.1",7.81071372527316,3.54174979170141,0.545577591082519,6.49174352024609,1.59010736836297e-06,1.5394266554271e-05,"AC068774.1"
"ENSG00000267892.1",24.5295956379478,2.05520245548793,0.226511787382044,9.073269339496,1.59270144336357e-06,1.54132397744861e-05,"AC022144.1"
"ENSG00000137571.11",146.264751216088,1.91796556236932,0.197073710016933,9.73222436521098,1.59662973429774e-06,1.54451045156987e-05,"SLCO5A1"
"ENSG00000272143.1",12.7321360843789,-2.02212500235783,0.219465405440916,-9.21386675177933,1.60160628717612e-06,1.5487080293824e-05,"FGF14-AS2"
"ENSG00000125355.16",39.3602957776428,-2.10694865411231,0.237723939259277,-8.86300580697654,1.60857410297682e-06,1.55431514327846e-05,"TMEM255A"
"ENSG00000230417.12",6.33822280120914,-2.46240408487424,0.314061100298951,-7.84052556184228,1.60868419150014e-06,1.55431514327846e-05,"LINC00595"
"ENSG00000162614.19",375.966993474956,-2.06458282744213,0.22867755219528,-9.02835808597023,1.61685251297432e-06,1.56158648908092e-05,"NEXN"
"ENSG00000265646.2",8.46767611292266,2.9325014993036,0.415183583959267,7.06314414298062,1.62327920148944e-06,1.56717062360721e-05,"TUFMP1"
"ENSG00000230798.5",4.36954047380698,-2.64344098281103,0.353095680148635,-7.48647217008794,1.62479602493471e-06,1.56801204948028e-05,"FOXD3-AS1"
"ENSG00000013297.12",45.9318662923348,-2.1586987137748,0.248989483772238,-8.66983890672853,1.63090668531112e-06,1.57328433715999e-05,"CLDN11"
"ENSG00000130224.15",55.5331907861227,-2.04481074585134,0.224525613300584,-9.10724935027277,1.63241502981865e-06,1.57411449303941e-05,"LRCH2"
"ENSG00000170312.16",2110.35472470074,1.57007269156367,0.122524195757618,12.814388879317,1.63780045567873e-06,1.57868112149913e-05,"CDK1"
"ENSG00000088766.12",206.843255648561,2.12593717889063,0.242143565172839,8.7796558928715,1.66068569787485e-06,1.6001055693243e-05,"CRLS1"
"ENSG00000196557.13",728.551958864898,-1.91975912089549,0.197880661154546,-9.70160049847492,1.67544203604879e-06,1.61368376837042e-05,"CACNA1H"
"ENSG00000077152.11",885.825239184436,1.51768900685489,0.111411150837574,13.6224156688546,1.6868161343859e-06,1.62399493128278e-05,"UBE2T"
"ENSG00000164237.9",3093.36370179934,-1.79410497241835,0.170901366683477,-10.4978971627604,1.68750735488957e-06,1.62401697916105e-05,"CMBL"
"ENSG00000239975.2",19.830941801515,-3.01773284033799,0.434487102011665,-6.94550615280858,1.70911896323697e-06,1.64416432330397e-05,"IGKV1D-33"
"ENSG00000279786.1",9.94557056706276,3.06195284290582,0.444056906792278,6.89540641316531,1.71325450944631e-06,1.64749048593372e-05,"AC105235.1"
"ENSG00000132872.12",12.8337666294568,-3.13455064399201,0.45988998799747,-6.81587059035791,1.72996825013191e-06,1.66290460752395e-05,"SYT4"
"ENSG00000250320.6",21.0542656534766,-2.02110902515631,0.220227578118337,-9.17736571606979,1.77086298796401e-06,1.70154094928926e-05,"EDIL3-DT"
"ENSG00000259699.2",15.5431417288136,2.1774036037186,0.254065408007796,8.57024819235442,1.79113569323948e-06,1.72033981603634e-05,"HMGB1P8"
"ENSG00000182580.3",6704.6053517734,1.90194592996297,0.194632984029363,9.77196100367055,1.7925922112647e-06,1.72105850390092e-05,"EPHB3"
"ENSG00000234175.1",5.38006150738184,-1.6869437933184,0.148241099907054,-11.379730684514,1.79365444982339e-06,1.72139822791107e-05,"AL355355.2"
"ENSG00000189134.4",5.23431081887391,-2.04703041527728,0.226030340704372,-9.05644086939027,1.80851201347749e-06,1.73497204609171e-05,"NKAPL"
"ENSG00000140534.14",436.424677539444,1.54394534698335,0.11743054986406,13.1477315636404,1.8102263771742e-06,1.73593137195474e-05,"TICRR"
"ENSG00000246339.6",14.3472422894427,2.05760734888955,0.228483204969323,9.00550808172448,1.83878710841352e-06,1.76262432877509e-05,"EXTL3-AS1"
"ENSG00000277011.1",6.51439775771956,3.16033465121576,0.46673295777074,6.77118381849547,1.84045465180514e-06,1.76352713087006e-05,"AC148477.4"
"ENSG00000169291.10",114.377139704825,-1.78236321930084,0.16910487209903,-10.5399873887552,1.85950935715369e-06,1.78108306577984e-05,"SHE"
"ENSG00000146670.10",1530.84559960118,1.4732363546369,0.102325997525737,14.3974785514927,1.87488132799903e-06,1.79509914382886e-05,"CDCA5"
"ENSG00000163239.12",9.42373989797597,-1.81741598624274,0.176835519692745,-10.2774374141605,1.8960347760419e-06,1.81392303377236e-05,"TDRD10"
"ENSG00000171163.16",787.393654020748,1.51470313014255,0.111347090472629,13.603436997888,1.89561518054395e-06,1.81392303377236e-05,"ZNF692"
"ENSG00000136108.15",1852.91139156106,1.50395372589098,0.109035884639744,13.7931996503726,1.90114175173457e-06,1.81809305655844e-05,"CKAP2"
"ENSG00000240480.1",7.26754859704612,2.81630644940277,0.393013963737003,7.16591955823581,1.90505389665442e-06,1.821117611672e-05,"RPL29P2"
"ENSG00000258986.7",15.3092953856606,-2.66491638121009,0.360429339155743,-7.39372767891842,1.92556674245105e-06,1.8400028250712e-05,"TMEM179"
"ENSG00000254709.8",50.9186787774153,-2.39529633795142,0.302089044439201,-7.92910693732059,1.92959863470357e-06,1.843130771356e-05,"IGLL5"
"ENSG00000018236.15",62.9008689945513,-2.55171277417846,0.335967161585382,-7.59512555375139,1.93127778539507e-06,1.8440098304558e-05,"CNTN1"
"ENSG00000161714.12",3899.59150860676,-1.6739508715817,0.145940207073793,-11.4701144060683,1.93734552211238e-06,1.8490768337522e-05,"PLCD3"
"ENSG00000086506.3",6.80978043195873,3.23705501946165,0.484543889594892,6.68062293008797,1.94826483475541e-06,1.85876857026135e-05,"HBQ1"
"ENSG00000198125.13",138.941281377571,-2.23546964429198,0.267704534928218,-8.35051092762177,1.96500944813805e-06,1.87400822565756e-05,"MB"
"ENSG00000143375.15",4414.1363513728,-1.52478827390302,0.1137169474404,-13.4086282495594,1.96676179775806e-06,1.87494357338254e-05,"CGN"
"ENSG00000249346.7",4.55703929690229,-2.30271673921714,0.282324949214209,-8.15626371536153,1.97262556723878e-06,1.87979612878048e-05,"LINC01016"
"ENSG00000276368.2",11.0391140008917,3.060142243633,0.446568599626125,6.85256922720271,1.98189886065281e-06,1.88789268184489e-05,"H2AC14"
"ENSG00000274641.2",11.7254962655329,2.80942158911516,0.392303420080968,7.16134870436592,1.99117548287468e-06,1.89598605932033e-05,"H2BC17"
"ENSG00000259834.1",50.4078117962943,-2.22488801104029,0.265671703310889,-8.37457652927651,2.0081946220316e-06,1.9114425897128e-05,"AL365361.1"
"ENSG00000279949.1",2.95773970540124,2.84751016320268,0.401091198342217,7.09940825171922,2.05037445490984e-06,1.95082612585392e-05,"AC022784.6"
"ENSG00000213197.3",4.69344708872652,2.78231656073383,0.387291740715635,7.1840327800244,2.09226680153932e-06,1.98990541203153e-05,"NUDCP1"
"ENSG00000196890.4",21.6123132492239,2.23051310779342,0.267464608198039,8.3394701183862,2.1057951961971e-06,2.00120544652286e-05,"H2BU1"
"ENSG00000280119.1",5.61721427772043,-2.5074377051375,0.327653427343814,-7.65271318986201,2.10528787008902e-06,2.00120544652286e-05,"AC093642.3"
"ENSG00000255152.8",17.5629623851245,1.93293113106813,0.20279130811458,9.53162711478733,2.1079031426458e-06,2.0024255811686e-05,"MSH5-SAPCD1"
"ENSG00000253481.2",9.57310097750507,-2.84536032100873,0.401176311474285,-7.09254320264399,2.11373695700201e-06,2.0071828079386e-05,"IGKV1OR22-1"
"ENSG00000189120.5",876.713156574967,1.88673503980505,0.192802665681763,9.78583482304783,2.12073966205298e-06,2.01304585108935e-05,"SP6"
"ENSG00000180592.17",11.0721615119335,-1.94041257765064,0.204486866117567,-9.48917949837924,2.12374113181231e-06,2.01510775099723e-05,"SKIDA1"
"ENSG00000162458.13",3157.94227207815,-1.39394501896061,0.0856831636737209,-16.2685988611335,2.13595780191138e-06,2.02590845380353e-05,"FBLIM1"
"ENSG00000225548.7",7.52298695533617,4.405058422024,0.740634303296458,5.94768349564382,2.13806114864997e-06,2.02711220882537e-05,"LINC01980"
"ENSG00000186310.10",42.364520034251,-2.0064818351826,0.218932833151806,-9.1648283461957,2.14085372462061e-06,2.0289682335523e-05,"NAP1L3"
"ENSG00000260757.1",3.44134614591425,2.83023906689773,0.398726684032939,7.09819327432804,2.21400527486709e-06,2.09747868145304e-05,"AC093520.1"
"ENSG00000132000.13",223.721756987176,1.83009447628376,0.181077985638544,10.1066646496547,2.27883361761873e-06,2.15805365970908e-05,"PODNL1"
"ENSG00000241158.7",32.591657319008,-2.750075153434,0.382008046683694,-7.1989979721843,2.31100169521544e-06,2.18766424595774e-05,"ADAMTS9-AS1"
"ENSG00000223486.1",7.05729294538658,2.65844849229249,0.362039810672572,7.34297282763962,2.31549769899858e-06,2.19106674788417e-05,"AC092198.1"
"ENSG00000287569.1",18.4521287206091,2.06224213997973,0.231896223841206,8.89295265709834,2.31734479916669e-06,2.19196102062089e-05,"AL078587.2"
"ENSG00000233732.5",3.77672270044066,-2.88882848230762,0.412524840422952,-7.00279886017476,2.33934637225243e-06,2.21191116131261e-05,"IGHV3OR16-10"
"ENSG00000085465.13",194.081725195858,1.61873015095386,0.135139522424729,11.9782142330381,2.34212043466756e-06,2.21367275622022e-05,"OVGP1"
"ENSG00000189292.16",24.688522562376,-2.0967799882481,0.239579075556554,-8.75193287801605,2.34782317946917e-06,2.21789862201051e-05,"ALKAL2"
"ENSG00000224984.1",7.82974251931503,-2.01320556693022,0.221325754631095,-9.09611974569262,2.34841693598067e-06,2.21789862201051e-05,"AL512363.1"
"ENSG00000230291.5",44.2958724519739,2.43252172299978,0.313018034490965,7.77118713608814,2.36429023309046e-06,2.23202224802247e-05,"AC078817.1"
"ENSG00000111799.21",8030.95201696479,1.95730419607363,0.209215523142638,9.35544440810536,2.37332879997049e-06,2.23968504230225e-05,"COL12A1"
"ENSG00000215349.2",6.58153536872097,2.52526918209962,0.333437407161802,7.57344295468989,2.3881690034317e-06,2.25281470432416e-05,"MRPL3P1"
"ENSG00000211642.3",261.633921897438,-2.84329569852415,0.403076935512609,-7.05397766038936,2.40324254755095e-06,2.26615420665457e-05,"IGLV10-54"
"ENSG00000166123.14",2618.33240647359,1.55163301820546,0.120648635989152,12.8607588928313,2.41283225290576e-06,2.27431434234329e-05,"GPT2"
"ENSG00000228007.1",8.57885867189585,2.48163646742123,0.324061115266952,7.65792731836073,2.41442134417597e-06,2.27492976593548e-05,"AC011933.1"
"ENSG00000152192.8",14.7279683830637,2.66021761632147,0.36315498668757,7.32529557307197,2.41948967598896e-06,2.27882167157099e-05,"POU4F1"
"ENSG00000105173.14",442.301522433603,1.5667298870607,0.124005127645614,12.6343959867381,2.43613995771051e-06,2.29361491562826e-05,"CCNE1"
"ENSG00000177272.9",26.8659650048094,-2.16663746034477,0.255343144863835,-8.48519924629327,2.45144553894757e-06,2.30713116175159e-05,"KCNA3"
"ENSG00000274520.1",2.54840425070722,3.7245979639707,0.596573343173297,6.24331946204433,2.47283083762084e-06,2.32635653713459e-05,"AC012354.2"
"ENSG00000250412.1",4.79747068219786,2.15453162072562,0.252974547500727,8.51679207260736,2.5114949989743e-06,2.36181611745648e-05,"KLHL2P1"
"ENSG00000139567.13",2362.15865611894,-1.66168873437863,0.144991552984916,-11.460589945895,2.51375554936597e-06,2.36302746033242e-05,"ACVRL1"
"ENSG00000182472.9",152.175852545494,1.98578554296158,0.216118823015356,9.18839699039305,2.5417398796968e-06,2.38840986375221e-05,"CAPN12"
"ENSG00000064195.7",60.2486640078742,2.97081525447708,0.432106258228175,6.87519608408062,2.54612927376732e-06,2.38994842394453e-05,"DLX3"
"ENSG00000132704.16",35.9812786832315,-2.30204597774381,0.285476127902409,-8.06388259031864,2.5459810448041e-06,2.38994842394453e-05,"FCRL2"
"ENSG00000268510.1",4.17495570620606,2.41565609497796,0.310387314034697,7.78271529070263,2.54632776526436e-06,2.38994842394453e-05,"IFNL3P1"
"ENSG00000235493.2",5.73862995431134,3.72922170970227,0.598494297934387,6.23100624780073,2.55589666334245e-06,2.39800343317457e-05,"LINC01967"
"ENSG00000176273.15",391.239604462154,-1.48816410074431,0.107098207164623,-13.8953222480822,2.58095025220202e-06,2.42057472514508e-05,"SLC35G1"
"ENSG00000237082.1",10.0898012737799,1.94001428180804,0.206250763452028,9.40609503372464,2.58672648060752e-06,2.42505607556955e-05,"COX5BP6"
"ENSG00000162670.11",67.6668644273556,-3.31499900186588,0.507968725953545,-6.52599034643924,2.58996549464142e-06,2.42715624835274e-05,"BRINP3"
"ENSG00000255050.1",17.6772972774146,2.16711710045812,0.256325539315137,8.45455004697672,2.64103274291568e-06,2.47405920018701e-05,"AC067930.4"
"ENSG00000268812.3",17.3431154660923,1.83117995283511,0.182583217743268,10.029289523257,2.65268970395636e-06,2.48402157249093e-05,"AC004264.1"
"ENSG00000057149.16",5.47067938739956,4.81714693669974,0.838552262747985,5.74459953266797,2.65605972278381e-06,2.48621923203569e-05,"SERPINB3"
"ENSG00000261761.5",2.79858506412172,-2.92159782806251,0.422293159892334,-6.91841143912297,2.67735114046474e-06,2.50518416300705e-05,"LINC02616"
"ENSG00000171724.3",97.7157847136332,-1.93191167620694,0.204919940475077,-9.42764121309074,2.71194062614064e-06,2.53657264107843e-05,"VAT1L"
"ENSG00000140297.13",4565.79391287268,-2.13231642965229,0.249053279504072,-8.56168781996473,2.72749241618203e-06,2.55013719558381e-05,"GCNT3"
"ENSG00000248211.1",8.19778058808489,-2.09893542227102,0.241735803708713,-8.68276602004805,2.73351238203724e-06,2.55478272628865e-05,"TRPC7-AS1"
"ENSG00000172752.14",10.7361207799728,-2.67079286111567,0.367563657567717,-7.26620493111079,2.73910831456133e-06,2.55902852917495e-05,"COL6A5"
"ENSG00000233680.4",15.9244204571982,2.04931780202845,0.230893308097332,8.87560500958551,2.7519794578082e-06,2.57006536605455e-05,"HNRNPA1P27"
"ENSG00000092096.18",194.475519182674,-1.80010097150326,0.176061140974963,-10.2242945918387,2.75394993402656e-06,2.57091753349386e-05,"SLC22A17"
"ENSG00000167754.13",4.71578453100247,4.07201121201454,0.676096344138107,6.02282684608444,2.76313984214351e-06,2.57850607388968e-05,"KLK5"
"ENSG00000233578.1",20.5332648870864,2.29930120856541,0.286005265089793,8.03936671530693,2.77391566613565e-06,2.58756816457183e-05,"EIF4EP1"
"ENSG00000142945.13",1161.0666834689,1.4543982786696,0.100058134761591,14.5355325894791,2.7948543524076e-06,2.60609979906004e-05,"KIF2C"
"ENSG00000116455.14",1468.66005295856,1.48685291710198,0.107215152143877,13.8679364564694,2.80077535923179e-06,2.61061914957164e-05,"WDR77"
"ENSG00000225614.4",312.716897337189,1.94785422476972,0.208824244219392,9.32772069666056,2.82601889894154e-06,2.63313877470396e-05,"ZNF469"
"ENSG00000090447.12",973.877001466299,1.40073714057305,0.088290089200052,15.8651684833978,2.82783908675604e-06,2.63382482974978e-05,"TFAP4"
"ENSG00000134240.12",8784.9606146402,-2.38204226931239,0.304534993028671,-7.821900024107,2.83675283010346e-06,2.64111470388942e-05,"HMGCS2"
"ENSG00000123407.4",5.88917654933744,4.63235597593839,0.800498092876043,5.78684198896112,2.84463691361114e-06,2.64744071239949e-05,"HOXC12"
"ENSG00000228314.1",10.9742826807109,-2.58333164683646,0.348952603758595,-7.40310179380007,2.84782919718284e-06,2.64939699431635e-05,"CYP4F29P"
"ENSG00000142623.11",82.1659616181351,2.21904272767326,0.268693494931834,8.2586395634037,2.85399489341471e-06,2.65208703288633e-05,"PADI1"
"ENSG00000160683.5",3.63026410518304,-2.63469481034206,0.360296406799993,-7.31257586980218,2.85187908156966e-06,2.65208703288633e-05,"CXCR5"
"ENSG00000259590.1",3.30825451583466,2.79650864202263,0.395969219813344,7.06243945764491,2.85313197531929e-06,2.65208703288633e-05,"LINC02244"
"ENSG00000233215.6",10.3392189262403,-3.3135607041706,0.509990310440682,-6.49730129442528,2.86004926324322e-06,2.65669713672822e-05,"LINC01687"
"ENSG00000211941.3",619.555179505211,-2.47653588397106,0.325547240429697,-7.60730111151373,2.87267414315477e-06,2.66740472597099e-05,"IGHV3-11"
"ENSG00000075142.14",5428.53745284811,-1.55020102784012,0.121355022649443,-12.7740986239866,2.89641046972184e-06,2.68841766288162e-05,"SRI"
"ENSG00000124216.4",211.833435247672,1.64144857753613,0.141504132517167,11.6000045252176,2.90658421432086e-06,2.69683071431832e-05,"SNAI1"
"ENSG00000249049.1",4.23657760811227,3.94413063306115,0.649598444905139,6.07164420419312,2.91818974061255e-06,2.70656529377424e-05,"AC074124.1"
"ENSG00000117322.18",203.136220013701,-2.650072806561,0.364255906697595,-7.27530496509173,2.94943153869896e-06,2.73449776384528e-05,"CR2"
"ENSG00000170965.10",17.0679275887492,2.49863296665262,0.331268474778347,7.54262224416154,3.03519540304791e-06,2.81293853142884e-05,"PLAC1"
"ENSG00000184730.11",1825.89660100764,-1.87440180039921,0.193348973452855,-9.69439747688262,3.05708865453886e-06,2.83214846760557e-05,"APOBR"
"ENSG00000111665.12",821.400328562151,1.49735475809708,0.109991412700103,13.6133787296621,3.06638015418095e-06,2.83967369461117e-05,"CDCA3"
"ENSG00000227051.7",226.916075769692,-1.97306302260936,0.215249826960048,-9.16638610341637,3.08291540058508e-06,2.85389882797019e-05,"C14orf132"
"ENSG00000125319.15",243.237910851061,1.45704675846678,0.101118559042428,14.4092911554983,3.09330030449124e-06,2.86242183545838e-05,"HROB"
"ENSG00000153162.9",94.6734355282911,-1.95254976701691,0.210802124103794,-9.26247671990022,3.11114894168304e-06,2.87674730909048e-05,"BMP6"
"ENSG00000271474.1",5.86665420466568,-1.81320907677258,0.17996536405908,-10.0753224724805,3.11105788953221e-06,2.87674730909048e-05,"AC106881.1"
"ENSG00000169418.10",161.882254647132,-1.7941201166416,0.175783392722016,-10.2064255835523,3.12713546019065e-06,2.8904295048548e-05,"NPR1"
"ENSG00000230725.6",4.96338941317201,3.61909947298262,0.579877954191166,6.24113996199539,3.14144174033125e-06,2.90254883232127e-05,"AL035252.2"
"ENSG00000172349.17",276.940688011331,-1.77931822359525,0.172562625219201,-10.3111448457338,3.14874425714749e-06,2.90819024890475e-05,"IL16"
"ENSG00000090932.11",17.4574719355947,2.43088169578616,0.316886043274316,7.67115418106893,3.1591879878635e-06,2.9167275115913e-05,"DLL3"
"ENSG00000187957.8",31.2126103543099,-2.44985613426748,0.321122704933128,-7.62903431190779,3.16643745887502e-06,2.92231030196213e-05,"DNER"
"ENSG00000282977.1",3.2743969391213,2.69863472314175,0.376266612276266,7.17213442568305,3.17414779433552e-06,2.92831402438698e-05,"PCBP2-OT1"
"ENSG00000204314.12",40.2370483074238,-1.68942004603791,0.152750224551433,-11.0600167757466,3.19010439945332e-06,2.94191790917327e-05,"PRRT1"
"ENSG00000286010.1",8.80701033176771,2.44494651868297,0.320323919365537,7.63273165340152,3.22778333161339e-06,2.97553622754952e-05,"AC108925.1"
"ENSG00000117707.16",1280.50683557066,1.85434567671385,0.189411665117086,9.79002890644337,3.23339906573415e-06,2.97958275681987e-05,"PROX1"
"ENSG00000170054.16",8.29248775346447,-3.58916151385489,0.574095021696724,-6.25185967167458,3.24156850440713e-06,2.98597856926055e-05,"SERPINA9"
"ENSG00000188037.12",22.6072220867047,2.19842701085054,0.26582610411072,8.27016977209606,3.26727199825037e-06,3.00851495102251e-05,"CLCN1"
"ENSG00000168621.15",31.7809995675964,-1.97881688219229,0.217123825481482,-9.11377126763573,3.27046888902349e-06,3.01031795466935e-05,"GDNF"
"ENSG00000125378.16",2462.44830642243,1.83381295313113,0.184963482126824,9.91445950327503,3.27228089805208e-06,3.01084535489078e-05,"BMP4"
"ENSG00000198838.14",58.9139102472677,-1.86515550529568,0.191968405242498,-9.71595040829546,3.29125273869209e-06,3.02715524414147e-05,"RYR3"
"ENSG00000102409.10",290.374156774455,-1.88366122277959,0.196081679573025,-9.6065130963858,3.29376989192619e-06,3.02832419121477e-05,"BEX4"
"ENSG00000271569.1",15.1645111105337,-2.66773774955995,0.370137584008531,-7.2074219555571,3.30735287652935e-06,3.03966243947289e-05,"IGKV1OR2-6"
"ENSG00000279766.1",8.45144309823644,2.04630075903945,0.232240619849665,8.81112339591616,3.31482929202544e-06,3.04538192046194e-05,"AC067931.1"
"ENSG00000120054.12",23.332958611827,3.10817437534924,0.467950257496983,6.64210420991013,3.3166951355236e-06,3.04594451221555e-05,"CPN1"
"ENSG00000286431.1",83.8191007472923,1.75487326012045,0.167612664829869,10.4698130174214,3.33938867503066e-06,3.065626928721e-05,"BX842570.1"
"ENSG00000152292.17",38.6503653571239,-2.51062015097104,0.335466251779408,-7.48397234491994,3.34931005297808e-06,3.07357380239303e-05,"SH2D6"
"ENSG00000223705.9",519.449934380825,1.6832041377263,0.151767416074978,11.0906819214392,3.37136113278616e-06,3.09264158273702e-05,"NSUN5P1"
"ENSG00000257596.1",18.1634897459725,2.00103506905214,0.222465323179858,8.99481789094094,3.40190644725975e-06,3.11948402522309e-05,"SCAT2"
"ENSG00000274270.1",13.7339139709103,1.80898209872523,0.179817199542949,10.0601171819115,3.41507553299038e-06,3.13037855343894e-05,"AL137060.3"
"ENSG00000228981.3",43.9258075849851,2.10022283284406,0.244573695554258,8.58728011646749,3.42119932749409e-06,3.13477044935435e-05,"AC097658.1"
"ENSG00000244575.3",333.089793156857,-2.44968844675676,0.322263600301047,-7.60150524126319,3.42244691445971e-06,3.13477044935435e-05,"IGKV1-27"
"ENSG00000268307.1",3.41293473809846,2.97668473540857,0.439432301052082,6.77393247670196,3.42544761387366e-06,3.1363367376462e-05,"LINC02560"
"ENSG00000251350.2",6.12587216405623,3.76569814038734,0.614936804255478,6.12371566367146,3.43733595982522e-06,3.14603630221291e-05,"LINC02475"
"ENSG00000208772.1",16.9206213385696,2.31074167399879,0.291455160930758,7.92829218264473,3.44218177839535e-06,3.1492852867096e-05,"SNORD94"
"ENSG00000184220.12",923.866366777677,1.41498241709765,0.0922824763838478,15.3331647843091,3.44803549806199e-06,3.15345361697051e-05,"CMSS1"
"ENSG00000236256.9",10.5134172463018,2.62845222759318,0.362186587403371,7.25717715401163,3.45943211377259e-06,3.16268624396817e-05,"DIAPH2-AS1"
"ENSG00000225093.1",109.594879480581,2.34660973652187,0.299775135616976,7.82789984130017,3.52677545202654e-06,3.22304037172791e-05,"RPL3P7"
"ENSG00000244192.1",10.1193068254984,2.84516452289194,0.410802110374104,6.92587611173891,3.53427189160167e-06,3.22867695360604e-05,"AC113367.1"
"ENSG00000099985.4",219.410518865724,2.21891684103124,0.271440604834791,8.17459437353434,3.55202191865034e-06,3.24367277802342e-05,"OSM"
"ENSG00000160932.11",5666.66912888859,1.93264510371079,0.207750139035112,9.30273795573322,3.57349332665384e-06,3.26205438909422e-05,"LY6E"
"ENSG00000128564.7",112.480393264802,2.19744021104955,0.266754995550897,8.23767219995803,3.57936086862665e-06,3.26618359397775e-05,"VGF"
"ENSG00000076641.4",1137.29228025447,-1.69681938553806,0.155283699573054,-10.9272215319663,3.60495664758377e-06,3.28830505016087e-05,"PAG1"
"ENSG00000232140.2",5.06472158272496,2.43555050834714,0.320068203696614,7.609473481645,3.64331416584328e-06,3.32204631257004e-05,"AC073257.1"
"ENSG00000122733.12",6.50345930157754,-2.21618503386855,0.271176247814051,-8.1724894850976,3.6482472184887e-06,3.32529660199833e-05,"PHF24"
"ENSG00000270187.1",3.11419355455075,-2.98442845041847,0.442600681749833,-6.74293685816177,3.67032990697387e-06,3.34417010646663e-05,"IGKV1OR2-11"
"ENSG00000171522.6",942.422965108285,-1.59607628119723,0.132971518651,-12.003143961876,3.68459491426178e-06,3.35590916104053e-05,"PTGER4"
"ENSG00000082293.13",8.01987254118945,-2.49773888950746,0.334133686954578,-7.47526809485393,3.68947718503743e-06,3.35909687509964e-05,"COL19A1"
"ENSG00000270885.2",98.3695232485057,2.22067347771919,0.272743752754278,8.14197742494163,3.81105853605413e-06,3.46849147663353e-05,"RASL10B"
"ENSG00000160801.14",21.5284003136915,-2.04112416096735,0.232753672081005,-8.76946061781993,3.85517242383692e-06,3.50732646571461e-05,"PTH1R"
"ENSG00000007312.13",63.3936657475599,-1.99433565481289,0.222327304633337,-8.97026866808807,3.86740860803018e-06,3.51714181044661e-05,"CD79B"
"ENSG00000143028.9",20.0853556450196,-1.98035260634769,0.219295104094541,-9.03053725036164,3.90235943709711e-06,3.5475994882701e-05,"SYPL2"
"ENSG00000171848.16",4017.3164039114,1.47703661300305,0.106725940306286,13.8395277545853,3.91583836833968e-06,3.55852177825932e-05,"RRM2"
"ENSG00000213003.3",7.02203444127152,3.0212689813421,0.45232835533104,6.67937118187285,3.93688421096284e-06,3.5763097692111e-05,"BTF3P12"
"ENSG00000288531.1",16.6136153350607,2.42328198497179,0.318538836824595,7.60749304269665,3.94479354599902e-06,3.58215557428162e-05,"AL669831.7"
"ENSG00000251562.8",13748.8404783521,2.24259036457991,0.278108199026465,8.06373336863221,3.94752083482784e-06,3.58329309997447e-05,"MALAT1"
"ENSG00000213088.12",283.226176364518,-2.23971256610843,0.277547772755623,-8.0696470516464,3.97244336289984e-06,3.60456959366939e-05,"ACKR1"
"ENSG00000198917.13",6.1961176827487,2.16446081913454,0.260849336637401,8.29774323767323,4.02006319260674e-06,3.64505729777402e-05,"SPOUT1"
"ENSG00000261625.1",17.4117730594583,-2.09835166678112,0.246039386912523,-8.52851932819668,4.01974798128354e-06,3.64505729777402e-05,"AP003071.4"
"ENSG00000229782.1",3.14170120557246,2.62145029378824,0.363274853485263,7.21616227668393,4.03298002220365e-06,3.65540524205702e-05,"AC118754.1"
"ENSG00000248795.1",6.7609327247389,2.361033025999,0.304955153235317,7.74223029501367,4.03987824581688e-06,3.660292370371e-05,"AC098859.1"
"ENSG00000183579.16",1630.40218389867,1.57204084867559,0.128183557663256,12.2639820374264,4.04724329124208e-06,3.66559865736796e-05,"ZNRF3"
"ENSG00000276672.1",75.205552259998,1.79989822303483,0.179246156066148,10.0414885459,4.04915420845662e-06,3.66596301287242e-05,"AL161891.1"
"ENSG00000095110.8",728.953323174267,-2.31119944431849,0.29388558884344,-7.86428301371973,4.06753064758117e-06,3.68118612627814e-05,"NXPE1"
"ENSG00000273325.1",3.00434419015503,3.00308360636968,0.448968771588002,6.6888474130345,4.06899832723584e-06,3.68118612627814e-05,"AL008723.2"
"ENSG00000169679.15",1348.73900595685,1.42893821774871,0.0961643961948081,14.8593270928878,4.08904233998943e-06,3.69794301681218e-05,"BUB1"
"ENSG00000230461.9",43.517506482717,2.00216609923655,0.224775584556098,8.9074002551948,4.12640400486004e-06,3.73034290617927e-05,"PROX1-AS1"
"ENSG00000249210.1",16.7775427566735,2.45716160286146,0.326886788189271,7.51685810390948,4.14228307088581e-06,3.74330526673579e-05,"GAPDHP38"
"ENSG00000234772.2",6.52096334583177,2.52156916603681,0.34140281853801,7.38590611769091,4.15931868267379e-06,3.75730275051944e-05,"LINC00412"
"ENSG00000248098.12",28.7282196708783,2.25278110828084,0.281141354030981,8.01298377481881,4.17409693739828e-06,3.76925141504192e-05,"BCKDHA"
"ENSG00000099869.8",6.28891100620206,3.24726135653267,0.504344388565387,6.43857933220896,4.17890604374628e-06,3.77219230546191e-05,"IGF2-AS"
"ENSG00000136689.19",742.960340764297,2.09460039351784,0.245665375351663,8.52623366446931,4.18185338797244e-06,3.77345107046901e-05,"IL1RN"
"ENSG00000169989.3",32.206147345253,1.70533632578226,0.158373158136278,10.7678368345401,4.22141840034959e-06,3.80773820076076e-05,"TIGD4"
"ENSG00000275110.1",5.2951548659308,3.91607361305105,0.65496883182889,5.97902285230287,4.24910099276393e-06,3.8312858673159e-05,"AL928646.1"
"ENSG00000271032.1",17.8692692690442,1.88313434064937,0.198514204766585,9.48614404124669,4.31915392636585e-06,3.89300594995142e-05,"AC020907.4"
"ENSG00000183638.6",10.5983316661834,2.28969627147973,0.290209739850666,7.88979815997199,4.41478394358226e-06,3.97772524393952e-05,"RP1L1"
"ENSG00000150764.14",539.84337368953,-1.59669168191071,0.134277270443255,-11.8910049082765,4.42066602567262e-06,3.98154871845236e-05,"DIXDC1"
"ENSG00000274427.1",4.20900009774398,2.18616955017641,0.267010557836265,8.18757718006419,4.44790597982892e-06,4.00459856650029e-05,"AC145423.1"
"ENSG00000177692.12",24.0204636589807,-1.56289574500612,0.126732309586156,-12.3322596274758,4.46437294951715e-06,4.01793565456543e-05,"DNAJC28"
"ENSG00000186868.16",76.9336650274911,-2.19770334963709,0.269759642766849,-8.14689449873176,4.50022727757555e-06,4.04870502943672e-05,"MAPT"
"ENSG00000234488.1",6.96469134058668,2.877491555521,0.422918269645501,6.80389513069031,4.51108616917572e-06,4.05697238752665e-05,"RPL27P6"
"ENSG00000188822.8",13.4139872393541,-2.23855924549966,0.279214825971058,-8.01733660708867,4.58516750738602e-06,4.12207067811618e-05,"CNR2"
"ENSG00000236498.1",5.77735371510626,2.24584808400238,0.280969236118329,7.99321703339989,4.62270251358811e-06,4.15427777663428e-05,"AC107081.1"
"ENSG00000152284.5",203.149656460598,-1.58305723119542,0.131521783115051,-12.036464178794,4.64307479341402e-06,4.17104316007248e-05,"TCF7L1"
"ENSG00000185842.15",249.414848299054,1.98911841853854,0.223211878952983,8.91134659978169,4.68337033602779e-06,4.20568733057928e-05,"DNAH14"
"ENSG00000166546.14",41.5989546731393,2.22180183915975,0.275805627621889,8.05567985801106,4.71300849822976e-06,4.230739065644e-05,"BEAN1"
"ENSG00000105707.14",121.172424852171,2.71170415885467,0.386490642299462,7.01622202990772,4.7371237193669e-06,4.24611237110349e-05,"HPN"
"ENSG00000106366.9",1609.42462037982,2.05413550356491,0.238005793584645,8.6306113503677,4.73282796893155e-06,4.24611237110349e-05,"SERPINE1"
"ENSG00000151617.17",459.219398801595,1.85796970333441,0.193716808598044,9.59116411622103,4.73378247780161e-06,4.24611237110349e-05,"EDNRA"
"ENSG00000179277.9",52.1101859209171,-1.94228797127439,0.212759737866864,-9.12902032474675,4.73612094394888e-06,4.24611237110349e-05,"MEIS3P1"
"ENSG00000232624.8",5.39187573439582,3.10673745743745,0.475706649595068,6.5307841714678,4.7412747413618e-06,4.24826608462727e-05,"LINC01517"
"ENSG00000082175.15",51.0401570582108,-2.22796679762616,0.277298945742019,-8.03453035735275,4.74862897086644e-06,4.25328728315718e-05,"PGR"
"ENSG00000226812.2",175.657224525258,2.01362932985476,0.229030040683548,8.79198782764485,4.80542515845622e-06,4.30257300480789e-05,"AL117382.1"
"ENSG00000235587.2",94.954808804314,2.1950023373259,0.270052216317111,8.12806636901807,4.82035428478306e-06,4.31435024383898e-05,"GAPDHP65"
"ENSG00000168268.11",2311.61329286133,1.678428766587,0.15332688781944,10.9467347212026,4.82834047140961e-06,4.3199069755248e-05,"NT5DC2"
"ENSG00000235863.4",405.546848577685,-1.55673686237131,0.12592349077281,-12.3625612093295,4.90700549564539e-06,4.38867256327504e-05,"B3GALT4"
"ENSG00000260290.2",32.9423836857185,1.99308766304066,0.224633361681183,8.87262536661587,4.91392179878474e-06,4.39324134328437e-05,"AC092115.1"
"ENSG00000134057.15",2962.62086699115,1.51336101318363,0.116180439831494,13.025953554476,4.96590502113267e-06,4.43808356062979e-05,"CCNB1"
"ENSG00000276573.1",4.84133008550252,2.61387928967357,0.365344476883502,7.15456084616563,4.99434594300131e-06,4.46186052996073e-05,"AL442067.1"
"ENSG00000150627.16",14.2374492606402,-2.43888904824159,0.325817067476146,-7.48545515780923,5.02143746114862e-06,4.48441493222755e-05,"WDR17"
"ENSG00000103710.11",240.858308866093,-1.70306380911156,0.159206389966073,-10.6972076276241,5.0259792543427e-06,4.48682203822658e-05,"RASL12"
"ENSG00000213018.2",9.0119147445531,2.28620670551863,0.291372719434202,7.84633067213041,5.06685869543041e-06,4.5216550238325e-05,"PABPN1P1"
"ENSG00000167646.14",23.3517516646841,2.06869660097471,0.24220896201208,8.54095812058159,5.11410828428451e-06,4.56214505536393e-05,"DNAAF3"
"ENSG00000068489.13",1058.77278045634,1.41817008633255,0.0947930051476886,14.9607039477547,5.13516335408654e-06,4.57924658731387e-05,"PRR11"
"ENSG00000243101.1",5.35500470683398,2.76572639110505,0.400376203641472,6.90781911100215,5.16451852439534e-06,4.60373441462974e-05,"RPS3P7"
"ENSG00000214019.2",7.17224709565599,2.47728836895485,0.335104914416444,7.39257546630979,5.20600321324503e-06,4.63901276427775e-05,"RBM39P1"
"ENSG00000243445.1",14.4391421893079,2.44423848522442,0.327687244386096,7.45905898718629,5.2317009103334e-06,4.66020279036296e-05,"AC106820.1"
"ENSG00000117650.13",897.031633034629,1.44025849701718,0.0999081537318826,14.4158253677904,5.24950963372932e-06,4.6743526603013e-05,"NEK2"
"ENSG00000230699.2",6.01313956583737,2.78843108905437,0.406075357332676,6.86678233165958,5.30910964681435e-06,4.72569100430728e-05,"AL645608.2"
"ENSG00000140451.13",254.661457735487,1.55974807067414,0.127176303743949,12.2644551284842,5.37884540860968e-06,4.78601037822099e-05,"PIF1"
"ENSG00000124915.10",8.3714885744335,2.65936884023696,0.377039725584256,7.05328552877561,5.38653615144039e-06,4.79109913909229e-05,"MYRF-AS1"
"ENSG00000256084.1",6.09980703868453,3.08195528733843,0.473212872896254,6.51283061780551,5.42211088735844e-06,4.8209767494625e-05,"AC092112.1"
"ENSG00000135702.14",103.651903943887,-2.35495143704451,0.308058094933636,-7.64450431842029,5.45351311027367e-06,4.84712394219642e-05,"CHST5"
"ENSG00000188372.15",411.524570144658,1.75727549829375,0.172247347644272,10.202046779396,5.50198369683105e-06,4.88841695915885e-05,"ZP3"
"ENSG00000158828.8",548.144315767225,-1.47373646593016,0.107767553617937,-13.6751407678319,5.51548195019296e-06,4.89861883734243e-05,"PINK1"
"ENSG00000089199.10",130.6098062587,-2.62634853404883,0.370043148919706,-7.09741159028649,5.53802486169249e-06,4.91611277424658e-05,"CHGB"
"ENSG00000111796.4",74.0103109688403,-1.84738490693118,0.192807587720821,-9.58149484036973,5.53922501065314e-06,4.91611277424658e-05,"KLRB1"
"ENSG00000248635.1",42.6924959962489,2.4598454372008,0.3322555110494,7.40347520326026,5.57076747035631e-06,4.94230191784076e-05,"AC147055.1"
"ENSG00000286153.1",8.78652326937401,2.7631754009965,0.401349778366932,6.88470643297649,5.586920256005e-06,4.95482343871977e-05,"AP000331.1"
"ENSG00000100285.10",20.4821152059247,-1.87026851196006,0.198104376651917,-9.44082378980575,5.59037765602967e-06,4.95608088440427e-05,"NEFH"
"ENSG00000233747.1",5.36851616544026,2.66754306418698,0.379624524908914,7.02679328957219,5.59985719730931e-06,4.96267432146668e-05,"RPL36AP13"
"ENSG00000109705.8",47.8746160574205,-1.95074262567817,0.216486021187559,-9.01094035992322,5.62327516501598e-06,4.98010474718182e-05,"NKX3-2"
"ENSG00000154274.15",745.67694150568,-1.54503033960077,0.124104893603133,-12.4493909526366,5.62362445525387e-06,4.98010474718182e-05,"C4orf19"
"ENSG00000277586.4",49.2021686253319,-2.78333435744438,0.406094276755793,-6.85391180511059,5.63039432443989e-06,4.98428350032384e-05,"NEFL"
"ENSG00000260145.1",5.05086323349783,2.59994362286014,0.364515875637953,7.13259365812224,5.68766387854304e-06,5.03314756914042e-05,"AC023825.2"
"ENSG00000240864.3",453.012556066809,-2.42514767919978,0.324739674322466,-7.4679747223975,5.70452589657012e-06,5.04623149933214e-05,"IGKV1-16"
"ENSG00000156475.18",29.5852433518736,-1.97760901093219,0.222809689069285,-8.87577653913079,5.72932546541537e-06,5.06632492029089e-05,"PPP2R2B"
"ENSG00000224373.3",907.429096222388,-2.40564798273739,0.320587819011291,-7.50386583668878,5.81006868493041e-06,5.13585554906544e-05,"IGHV4-59"
"ENSG00000184113.9",339.652668355665,-1.93317967013023,0.212848629739519,-9.0824153883256,5.8195456982121e-06,5.14049292862792e-05,"CLDN5"
"ENSG00000255666.7",3.71179408090539,3.52464124388029,0.575835240936735,6.12091965428619,5.81765099958572e-06,5.14049292862792e-05,"LINC02700"
"ENSG00000158113.13",24.0014456731168,1.9960808288898,0.227523808540575,8.77306353868385,5.99089010677765e-06,5.28992113352823e-05,"LRRC43"
"ENSG00000164929.17",18.0175160300772,-1.97555511706305,0.222954899289127,-8.8607836085322,6.05573489453065e-06,5.34523639437322e-05,"BAALC"
"ENSG00000164109.14",1673.56275971676,1.51447909888683,0.117632516519638,12.8746637723592,6.11034816586111e-06,5.3914836757598e-05,"MAD2L1"
"ENSG00000251087.3",21.4333288338616,2.34209162204365,0.306880365986577,7.6319370074855,6.11804752965667e-06,5.39631778477884e-05,"ALG1L3P"
"ENSG00000089169.15",5.15767566611979,-2.3414829833167,0.306799066267693,-7.63197558519843,6.14121792427637e-06,5.41478938896646e-05,"RPH3A"
"ENSG00000251537.4",3.3427786759938,2.71994483589818,0.393412246871598,6.9137269048615,6.15951307940593e-06,5.42895059229467e-05,"AC005324.2"
"ENSG00000270318.1",3.41480505602719,-2.79762491725828,0.411659305041785,-6.79597153032726,6.30463008169207e-06,5.55484086240454e-05,"IGHV3OR16-11"
"ENSG00000148798.11",24.9403249367223,-2.55251776405801,0.355830411253643,-7.17341093771359,6.41210102171913e-06,5.64748295860003e-05,"INA"
"ENSG00000115163.15",385.74306578935,1.45302910022989,0.103841007159018,13.9928255703913,6.42280439969393e-06,5.6548603953827e-05,"CENPA"
"ENSG00000265519.1",33.1982589025203,-1.89676971867937,0.205588471041371,-9.2260509992201,6.44497418014289e-06,5.67232425126665e-05,"AC015922.2"
"ENSG00000171100.15",762.083954701796,-1.40925611708325,0.0938390659373799,-15.0177977903538,6.46592046936381e-06,5.68869903713036e-05,"MTM1"
"ENSG00000212607.1",12.87967324751,2.15864327238311,0.265677321332701,8.12505659705855,6.47074313130248e-06,5.6908815812758e-05,"SNORA3B"
"ENSG00000263331.1",3.72701509561426,3.29789408474493,0.526965137473856,6.25827754100439,6.48475717555673e-06,5.70114324768555e-05,"AC008551.1"
"ENSG00000157551.19",69.3128176563391,2.26621090334644,0.290494218533134,7.80122549353924,6.53839422721126e-06,5.74621988141894e-05,"KCNJ15"
"ENSG00000235034.7",4.30886569359405,3.12762912197426,0.488260557343261,6.40565590428277,6.57574891301185e-06,5.7769594572013e-05,"C19orf81"
"ENSG00000110881.12",573.731616643208,1.67713578075898,0.155489440050493,10.7861715896228,6.6573965902768e-06,5.84657524914081e-05,"ASIC1"
"ENSG00000151079.7",10.0860271082145,-2.37437982026349,0.315625985454205,-7.52276406154145,6.66985433463205e-06,5.85539957845227e-05,"KCNA6"
"ENSG00000153253.19",24.2532529084401,-2.02624353191727,0.235698315607509,-8.59676712875376,6.68209444294397e-06,5.86402654256188e-05,"SCN3A"
"ENSG00000196739.15",796.516833080763,1.85501450669055,0.196384766736407,9.44581668689407,6.69074280568605e-06,5.86949639632386e-05,"COL27A1"
"ENSG00000189007.16",564.108669677772,1.50194637214381,0.115314572124577,13.0247751387502,6.71913114874412e-06,5.8922730752249e-05,"ADAT2"
"ENSG00000240541.3",16.0427212365918,1.90359344684969,0.207636687570477,9.16790509963979,6.75120397678285e-06,5.91826322640055e-05,"TM4SF1-AS1"
"ENSG00000163083.6",295.594215484917,2.14113036720599,0.262239840210541,8.16477910254586,6.76120670828718e-06,5.92489444685823e-05,"INHBB"
"ENSG00000138772.13",3313.07763201714,1.60300754190753,0.138630417796909,11.5631732730973,6.81466760159646e-06,5.9695898600863e-05,"ANXA3"
"ENSG00000234638.1",3.48521572326217,-2.98073264088566,0.455418586437976,-6.54503950793764,6.82996633076526e-06,5.98083538153499e-05,"AC053503.3"
"ENSG00000271659.1",10.698091987712,2.047393136659,0.240839133210202,8.50108165300552,6.84008996699662e-06,5.98754273047615e-05,"AL161729.4"
"ENSG00000266289.1",6.15213540381758,2.35685075157273,0.312047196842208,7.55286628248262,6.86225558897215e-06,6.00478252834077e-05,"AC012213.3"
"ENSG00000224550.1",22.2349040451882,2.22575254788948,0.282064677790298,7.89092971628382,6.94339596218748e-06,6.07359689996961e-05,"NDUFA4P1"
"ENSG00000133454.16",12.8714794481744,2.58827507122732,0.365675284250782,7.07806948596578,7.01462667721185e-06,6.13369659072501e-05,"MYO18B"
"ENSG00000217236.2",3.8584723607621,4.38499340921028,0.779389088866692,5.62619296555266,7.0231337839758e-06,6.13892629318748e-05,"SP9"
"ENSG00000006606.9",30.01193101972,2.18575731147949,0.273116156091376,8.00303190686459,7.0728906869978e-06,6.18019574592041e-05,"CCL26"
"ENSG00000278857.1",20.6978878115653,-2.55482112723288,0.358129454911554,-7.13379224242763,7.07547518282299e-06,6.18023173769226e-05,"IGKV1D-12"
"ENSG00000232883.1",21.4585049664436,2.34183955374828,0.309234584813479,7.57301954165577,7.14918649187636e-06,6.24188095258499e-05,"AL451081.2"
"ENSG00000266680.1",39.6136829605526,-1.60676873762395,0.139835305798219,-11.4904367566693,7.15119200493688e-06,6.24188095258499e-05,"AL135905.1"
"ENSG00000145242.13",4.18209416968318,-2.56687904580044,0.361186050833531,-7.10680559195655,7.18437394283456e-06,6.268591986028e-05,"EPHA5"
"ENSG00000223931.2",12.6039398224628,-2.59596848275413,0.367991931108352,-7.05441685891144,7.22314898926461e-06,6.30016225553231e-05,"AC142381.1"
"ENSG00000241684.6",15.4499519532674,-2.31150234602071,0.302474290001133,-7.64197957456831,7.25780234288184e-06,6.32811614395511e-05,"ADAMTS9-AS2"
"ENSG00000105258.9",409.989469552665,2.06322955330084,0.245286961372062,8.41149297850874,7.30009411486896e-06,6.36270756783773e-05,"POLR2I"
"ENSG00000144331.20",14.3394070215744,-2.21903405316244,0.281325428121599,-7.88778343990752,7.34850269395303e-06,6.4026036379727e-05,"ZNF385B"
"ENSG00000230910.4",2.69893154930463,-2.61216465903366,0.372541641122905,-7.01173874458743,7.54142103310998e-06,6.56833444819257e-05,"AL391807.1"
"ENSG00000176124.15",356.421707876431,1.8193338483372,0.189338067189201,9.60891740021403,7.54538368862725e-06,6.56943115849668e-05,"DLEU1"
"ENSG00000235888.3",221.769190300198,2.19266659250501,0.275638274875593,7.954869814414,7.56021488751841e-06,6.57998645296194e-05,"AF064858.1"
"ENSG00000278195.2",7.77682740408963,-2.17704297431397,0.272240709726808,-7.99675763591207,7.67734393392435e-06,6.67953661275911e-05,"SSTR3"
"ENSG00000124225.16",6450.16720061901,1.79472894853718,0.183891631180265,9.75970976502916,7.74072471215661e-06,6.73226952417343e-05,"PMEPA1"
"ENSG00000285077.2",25.2610632209426,2.02051780183797,0.236301883562056,8.55057848621572,7.8474187223245e-06,6.82262164409608e-05,"ARHGAP11B"
"ENSG00000170915.9",3130.21129504872,-1.60222613447811,0.13944930046828,-11.4896677795997,7.8510053206776e-06,6.82329861561036e-05,"PAQR8"
"ENSG00000224322.2",7.60135473224461,3.4744447911893,0.573036786883487,6.06321421367272,7.86799567476783e-06,6.83562012502175e-05,"AC004009.1"
"ENSG00000246528.3",12.6685374191264,2.05395022590376,0.244113703783475,8.41390792106278,7.89188554400592e-06,6.85392490061987e-05,"AC079089.1"
"ENSG00000124233.12",46.5561637658449,3.09700113995255,0.485894243824261,6.3738173055466,7.9528693548642e-06,6.9044203402358e-05,"SEMG1"
"ENSG00000134917.10",72.9940825173646,-2.02733338216584,0.238113697155494,-8.5141401203894,7.99946805369718e-06,6.94239548945862e-05,"ADAMTS8"
"ENSG00000160193.12",788.288932743075,1.48571830868641,0.112584585061618,13.1964629782423,8.00719757942809e-06,6.94662267690477e-05,"WDR4"
"ENSG00000106236.4",829.301858561126,2.57707931773914,0.365709397092089,7.04679545625733,8.07518449999472e-06,7.00310433083054e-05,"NPTX2"
"ENSG00000114812.13",1214.66381465409,-1.69252307676306,0.160628490401581,-10.5368796813794,8.113627634642e-06,7.03142480462912e-05,"VIPR1"
"ENSG00000137266.15",1235.98446838408,-1.51127324822541,0.118587825259503,-12.7439157006069,8.11315671886382e-06,7.03142480462912e-05,"SLC22A23"
"ENSG00000171097.14",5.56549680396223,2.22947709561998,0.285316815863754,7.81404029366642,8.19362222803565e-06,7.09821818685442e-05,"KYAT1"
"ENSG00000248641.1",16.3356332284054,1.95749726196273,0.222336422990401,8.80421316325324,8.29197691697593e-06,7.18086383045314e-05,"HMGA1P2"
"ENSG00000238363.1",6.67638194701026,2.59079835164897,0.369729781072607,7.00727527042296,8.44037558025737e-06,7.3067733024672e-05,"SNORA13"
"ENSG00000184697.7",6.24812340687479,2.76473211522453,0.410164882136058,6.74053834357137,8.44429640837387e-06,7.30756419955431e-05,"CLDN6"
"ENSG00000287042.1",3.78451675620622,2.77434017055121,0.412499008331685,6.72568930958592,8.48454575860623e-06,7.33978148572913e-05,"AC090945.1"
"ENSG00000204978.3",9.50160407513441,2.80777302722839,0.420437248128258,6.67822139862322,8.54973074961892e-06,7.39353940269537e-05,"ERICH4"
"ENSG00000146938.16",51.5997657805281,-1.97371261134732,0.226471362395946,-8.71506485617651,8.55936624123407e-06,7.39923869306254e-05,"NLGN4X"
"ENSG00000188338.15",37.5685346842384,2.62848927637993,0.379017368041853,6.93501010246497,8.67155173880919e-06,7.4935528895115e-05,"SLC38A3"
"ENSG00000100453.13",459.50030133914,2.07488820453033,0.250331802406814,8.28855217188278,8.77989960311133e-06,7.58448490421633e-05,"GZMB"
"ENSG00000089225.20",4.6386588773802,4.1840136809252,0.7418768314066,5.63976862977686,8.86009251470527e-06,7.65103937837022e-05,"TBX5"
"ENSG00000213051.3",12.3975047613338,2.39046035711178,0.324030873806201,7.37726108945249,8.88809351533982e-06,7.67249280365036e-05,"RPL5P5"
"ENSG00000255398.3",34.15435932523,2.7216483587212,0.401766986627623,6.77419611194623,9.12910436490257e-06,7.87774275806578e-05,"HCAR3"
"ENSG00000106536.21",62.9033172894021,3.19269041789381,0.511725798150975,6.23906480664058,9.14134766125441e-06,7.88550756721626e-05,"POU6F2"
"ENSG00000129988.6",21.3216413626767,2.54658725641201,0.360955883478742,7.0551205091023,9.14934433870048e-06,7.88960494785031e-05,"LBP"
"ENSG00000263603.1",6.24982776357638,2.58446211991467,0.369886200825809,6.98718177143294,9.19270353627752e-06,7.92418218983838e-05,"AC127024.2"
"ENSG00000109511.12",32.0805626182582,3.18576970332655,0.510549464131279,6.23988453057584,9.2939731509802e-06,8.0086364386106e-05,"ANXA10"
"ENSG00000277363.5",378.849336732202,1.78926703229286,0.184375918417594,9.70445081792268,9.31326650147878e-06,8.02241673115684e-05,"SRCIN1"
"ENSG00000154556.18",948.815933498601,-1.81299588147273,0.190036528077035,-9.54024944476886,9.42463109607796e-06,8.11546901611249e-05,"SORBS2"
"ENSG00000131386.19",117.251128422071,-2.03332982112455,0.241549413840023,-8.41786278343532,9.43225750799122e-06,8.11915896011997e-05,"GALNT15"
"ENSG00000232233.1",2.96233272174598,2.54624449227637,0.361501893077461,7.04351634399539,9.45957707713433e-06,8.13979189002706e-05,"LINC02043"
"ENSG00000108342.13",101.560727219343,2.3938957804002,0.325906360812137,7.34534844436532,9.47218723806832e-06,8.14574071806732e-05,"CSF3"
"ENSG00000228554.1",16.0111466559973,2.34072500432597,0.313476253452326,7.46699304507908,9.47319476101162e-06,8.14574071806732e-05,"AC004837.2"
"ENSG00000121075.11",16.1691829223525,2.6986882531946,0.39724206305436,6.79356116631913,9.50533507056458e-06,8.17048610593276e-05,"TBX4"
"ENSG00000213661.3",6.4159602650778,3.00529608479759,0.469152849430601,6.40579309801708,9.58729761586797e-06,8.23802447190918e-05,"AC106806.1"
"ENSG00000259933.6",118.623909585362,1.76784782868445,0.179677521784928,9.83900385046793,9.62238992949248e-06,8.26525540073055e-05,"AC009065.2"
"ENSG00000104524.14",1119.62879252266,1.64767502525892,0.15161065659731,10.8678048247972,9.68801238643438e-06,8.31868201379348e-05,"PYCR3"
"ENSG00000156738.18",134.24470658745,-2.52354264745386,0.356694285235192,-7.07480537791606,9.71752908735639e-06,8.34107936498623e-05,"MS4A1"
"ENSG00000287271.1",5.20311189321999,-2.05359381160131,0.246724869295187,-8.32341635226217,9.75969403563825e-06,8.37431373820655e-05,"AC011455.8"
"ENSG00000187288.12",131.072380217994,-2.25330481379857,0.293592495435441,-7.67494009155985,9.823793466069e-06,8.4263389066529e-05,"CIDEC"
"ENSG00000287535.1",5.02640413008168,2.4349862396378,0.336170416620043,7.243309105304,9.83397575367224e-06,8.43209635900619e-05,"AC009630.4"
"ENSG00000244691.1",6.64309676826196,2.72750088459447,0.404998454562274,6.73459578393298,9.97495949939909e-06,8.54996528519922e-05,"RPL10AP1"
"ENSG00000105926.16",380.063075766775,1.8089110943355,0.189651138896472,9.53809771383956,9.983553264461e-06,8.55431397483788e-05,"MPP6"
"ENSG00000241322.11",16.9447715743656,2.2027173357389,0.28201503243222,7.81063802429862,1.00073046811781e-05,8.57164271246484e-05,"CDRT1"
"ENSG00000211965.4",497.585056184018,-2.42288051936911,0.333652184668314,-7.26169535433345,1.00147238429406e-05,8.57497496065738e-05,"IGHV3-49"
"ENSG00000171453.20",1144.45847764291,1.3918508923158,0.0919468252255574,15.1375633568795,1.01433369727226e-05,8.68203904322501e-05,"POLR1C"
"ENSG00000188175.10",802.570548146801,-2.47697541101375,0.34671019306054,-7.14422437122073,1.02226657641149e-05,8.74685838267574e-05,"HEPACAM2"
"ENSG00000251194.2",13.2432070734566,2.17013032003435,0.274688571873472,7.90032983619705,1.02285056706595e-05,8.74877464966655e-05,"AL133330.1"
"ENSG00000226237.2",8.60862772737919,-2.30910542757017,0.307401001164651,-7.51170431723273,1.02844336273351e-05,8.79351643716548e-05,"GAS1RR"
"ENSG00000233064.2",4.10356287790712,2.57270927381814,0.369467139859679,6.96329658652523,1.03735106369371e-05,8.86656027005178e-05,"AL136307.1"
"ENSG00000261704.2",3.37486023334359,-2.57767886241293,0.370676077424847,-6.95399303974651,1.03956154827295e-05,8.88232968461066e-05,"IGHV1OR16-1"
"ENSG00000184471.8",3.57545129586323,3.0217498719123,0.475181195558136,6.35915288769587,1.04668246440923e-05,8.94002948511226e-05,"C1QTNF8"
"ENSG00000167676.4",510.82459536836,-2.71206639031664,0.402715580092965,-6.7344461559957,1.06264688146197e-05,9.07319719589802e-05,"PLIN4"
"ENSG00000248557.1",7.57337518921945,2.20113095400432,0.282546774577004,7.79032412349991,1.06367695898507e-05,9.07880228427719e-05,"AC024558.1"
"ENSG00000134755.17",4166.83186131875,-1.55345732166969,0.130200691671444,-11.9312524513293,1.06503347849473e-05,9.08403629514996e-05,"DSC2"
"ENSG00000196104.11",7.00715218113794,-3.14991461458727,0.505766965629383,-6.22799595198447,1.06503783559186e-05,9.08403629514996e-05,"SPOCK3"
"ENSG00000115255.12",821.997852967555,1.85222366527281,0.200672006926704,9.23010485438226,1.08399095058802e-05,9.23616578444204e-05,"REEP6"
"ENSG00000165304.8",1032.15748942319,1.43063230875684,0.101397383627701,14.1091639406562,1.08337322197862e-05,9.23616578444204e-05,"MELK"
"ENSG00000287331.1",40.4261522344571,2.04362983426192,0.245742448643034,8.31614499467489,1.08401419000941e-05,9.23616578444204e-05,"AC106045.1"
"ENSG00000128311.14",5919.81581957977,-1.58229333993808,0.137213618408248,-11.5316056692735,1.09932450086504e-05,9.36333171083792e-05,"TST"
"ENSG00000228499.1",30.1798653021048,2.20252828518033,0.283622603663641,7.76570081766963,1.11815297779103e-05,9.52036347593624e-05,"TMSB10P1"
"ENSG00000171877.21",260.007426142768,1.80252758373628,0.189367305813245,9.51868421000794,1.12789209997805e-05,9.59656093468715e-05,"FRMD5"
"ENSG00000242125.3",1139.1809946149,1.5361952254534,0.12652202771352,12.1417215105955,1.12780237491527e-05,9.59656093468715e-05,"SNHG3"
"ENSG00000170477.13",8.45870280295758,3.05338469418398,0.484603411081251,6.30079075871804,1.13138225430307e-05,9.62288721720849e-05,"KRT4"
"ENSG00000235890.2",18.6742676623578,2.23121544181571,0.290629021628919,7.67719420899602,1.13575301495988e-05,9.65668238751755e-05,"TSPEAR-AS1"
"ENSG00000280734.3",200.704850025362,1.64582172653298,0.152449755811664,10.7958305198352,1.1362046196545e-05,9.65714314711594e-05,"LINC01232"
"ENSG00000258245.1",4.1038959272556,2.28248340208578,0.302807235334205,7.5377439365563,1.14116815811624e-05,9.69593924553313e-05,"RPL10P13"
"ENSG00000287743.1",5.03429968546693,-2.27029963872618,0.300008628589171,-7.5674478077599,1.14678096624984e-05,9.74022281715174e-05,"AL031289.2"
"ENSG00000164112.13",4.52311902006269,-2.01235216534401,0.239316020124206,-8.4087649639986,1.16747157785126e-05,9.91249452892583e-05,"TMEM155"
"ENSG00000268833.1",10.3562595300932,2.45062948304112,0.343039260664908,7.14387466405771,1.17493283389666e-05,9.97236041344354e-05,"AC243967.2"
"ENSG00000156427.8",58.9538811543199,1.83563481476738,0.197629649936626,9.28825616680502,1.17738820055467e-05,9.98971133850505e-05,"FGF18"
"ENSG00000166736.11",14.0902009336242,-2.47966418854569,0.350060859969222,-7.08352310156498,1.18478568141646e-05,0.000100489675596579,"HTR3A"
"ENSG00000119969.15",927.315272547613,1.58408907631206,0.138211533974245,11.4613377824694,1.1891373134677e-05,0.000100823575426605,"HELLS"
"ENSG00000160445.11",1938.89959295352,-1.35996582459922,0.085213488367517,-15.9595135776372,1.19851753743944e-05,0.000101583453644152,"ZER1"
"ENSG00000164161.10",136.261164656909,-2.03039016446566,0.24395572555005,-8.32278135668968,1.20174272213237e-05,0.000101785807416579,"HHIP"
"ENSG00000177103.15",27.9381242708952,-2.28739385743726,0.304802513317301,-7.50451114245265,1.20162859954101e-05,0.000101785807416579,"DSCAML1"
"ENSG00000259240.1",6.03061455248684,2.0479842032841,0.248127575367918,8.25375494943433,1.20231276255349e-05,0.000101798606724913,"MIR4713HG"
"ENSG00000272347.1",17.4697330460944,2.00494744934325,0.237948535066309,8.42597097218744,1.20331947666097e-05,0.000101848356958766,"AC116351.2"
"ENSG00000231768.2",3.91886280134992,-2.25599518454431,0.297710913075464,-7.57780479472199,1.22780355221372e-05,0.000103884492753459,"LINC01354"
"ENSG00000196421.8",40.8811210846854,2.06957330386713,0.253722019301122,8.15685335300334,1.24594999391154e-05,0.000105383170386531,"C20orf204"
"ENSG00000235698.1",6.6073345556021,2.41173885514607,0.334933326506631,7.20065357574481,1.2489754770234e-05,0.000105602310687782,"PA2G4P2"
"ENSG00000239809.1",6.64107905391796,2.97948227616887,0.469827976451279,6.34164508183101,1.25885351270242e-05,0.000106400488204066,"AC008026.2"
"ENSG00000141316.13",32.3365546175761,2.52971982004464,0.363137847672743,6.96627970963907,1.2627733687367e-05,0.000106694690056682,"SPACA3"
"ENSG00000122691.13",99.1475091003204,1.91648406549241,0.21766451976299,8.80476095773087,1.27383358606906e-05,0.00010759178359916,"TWIST1"
"ENSG00000113356.13",193.142137669918,1.6613980515488,0.157106402507784,10.574986283366,1.2775696034591e-05,0.000107832377089462,"POLR3G"
"ENSG00000188536.13",162.637501758158,-2.13377095628425,0.269307564647497,-7.92317497311002,1.2771449819897e-05,0.000107832377089462,"HBA2"
"ENSG00000172572.7",937.170949173935,-1.93443974842972,0.222022078528181,-8.71282604528984,1.28382586783089e-05,0.000108322807598232,"PDE3A"
"ENSG00000100721.11",35.1369537121153,-2.8887962745188,0.448906859392035,-6.43517962374458,1.29079414243882e-05,0.000108872952659713,"TCL1A"
"ENSG00000132561.14",1555.63163623736,-1.78665074225823,0.187351090355689,-9.53637760456181,1.34163480611868e-05,0.000113121879905219,"MATN2"
"ENSG00000211964.3",749.106175289377,-2.33618841914588,0.318239509063947,-7.340975437077,1.34232936521898e-05,0.000113141184789529,"IGHV3-48"
"ENSG00000272599.2",20.0038158366558,1.8456808637421,0.201442731271272,9.16231055890829,1.34569696714258e-05,0.000113385701461736,"AC016394.1"
"ENSG00000117394.24",9039.12270245232,1.73865120340876,0.17595173763509,9.88140967959397,1.34621693802723e-05,0.000113390196166592,"SLC2A1"
"ENSG00000251381.8",10.6808930903773,2.51053860760644,0.359852659992719,6.97657371118845,1.34844398851383e-05,0.000113538423149294,"LINC00958"
"ENSG00000269985.1",4.7549946181969,3.59610358375042,0.618476432567328,5.81445532018545,1.34891878492698e-05,0.000113539059486407,"AL021328.1"
"ENSG00000270781.1",16.2540655272278,2.2491248920847,0.29762044135929,7.55702424810782,1.35213102885206e-05,0.000113770027704657,"AC091133.6"
"ENSG00000123364.5",2.97235231027093,4.15154408614495,0.751024568197268,5.52784058198011,1.35639751926965e-05,0.000114089510966606,"HOXC13"
"ENSG00000170271.11",560.881041654539,-1.77900053958894,0.185669978355672,-9.58151961530938,1.36063517503877e-05,0.000114406348627827,"FAXDC2"
"ENSG00000227630.4",29.3197550156258,1.63276929033379,0.150848796201619,10.8238801465243,1.3660112640588e-05,0.000114818656923656,"LINC01132"
"ENSG00000197208.6",85.9307437066192,-1.64051164420463,0.152709420258052,-10.7427010162992,1.36847792582634e-05,0.000114986215759267,"SLC22A4"
"ENSG00000088305.18",211.292134932506,1.57294897772431,0.136613086036906,11.5138968261018,1.37066890732305e-05,0.00011513050275821,"DNMT3B"
"ENSG00000163597.15",878.543209769476,1.40178132124126,0.0958584215948743,14.623455069661,1.38617067438811e-05,0.000116392354483867,"SNHG16"
"ENSG00000273064.1",6.1175747786802,1.90994886893637,0.217142601450478,8.79582751693224,1.39134060558629e-05,0.000116786102645067,"AC017083.1"
"ENSG00000213203.3",102.509299730661,-1.65225448495067,0.155677492208931,-10.6133164242729,1.39612355354152e-05,0.000117147107565811,"GIMAP1"
"ENSG00000188730.5",8.46630215844233,-2.25349205328897,0.299217019210967,-7.53129637890055,1.39944826656413e-05,0.000117385546694885,"VWC2"
"ENSG00000269821.1",245.858277872563,1.89205647481839,0.213014574772031,8.88228646722075,1.4085314407921e-05,0.000118106673606791,"KCNQ1OT1"
"ENSG00000227191.8",26.1289854811273,-1.97740646898222,0.23342858814926,-8.4711409371924,1.41223702154706e-05,0.000118376542337335,"TRGC2"
"ENSG00000211645.2",14.5528233791928,-2.4445656023361,0.345160211377357,-7.08240846353957,1.42455592680212e-05,0.000119367962142384,"IGLV1-50"
"ENSG00000167612.13",3.8309409196938,2.88404589655798,0.450198172143091,6.40616971594749,1.42629700925824e-05,0.00011947265537737,"ANKRD33"
"ENSG00000223393.2",3.38080685997483,2.14053161483077,0.272678207099548,7.85002819843726,1.44032593233052e-05,0.000120606203155175,"AL118511.1"
"ENSG00000168209.5",1734.64364578953,1.6846880852675,0.163725569592444,10.289706668672,1.44525536873788e-05,0.000120977283707649,"DDIT4"
"ENSG00000017483.15",2801.85966227197,1.96277768229854,0.230232464466296,8.525199462415,1.44628476881743e-05,0.000121021762679971,"SLC38A5"
"ENSG00000149534.9",51.3345147327095,-2.06393647020795,0.254467319958013,-8.11081152011386,1.45093348575562e-05,0.000121368962836012,"MS4A2"
"ENSG00000215218.4",43.1902397933606,-1.94509582543167,0.226103416776948,-8.60268214058225,1.45801206132163e-05,0.000121919109050639,"UBE2QL1"
"ENSG00000166086.13",215.082701104373,-1.73244680321203,0.175293040931474,-9.88314649575436,1.46774819756932e-05,0.000122691025803008,"JAM3"
"ENSG00000272899.4",47.0018127342217,1.8243467859842,0.197293824236482,9.24685196328031,1.46867681170106e-05,0.000122726432339531,"ATP6V1FNB"
"ENSG00000259490.2",12.3587953032204,-2.39827950198116,0.334670071055465,-7.16610091370763,1.46987867931924e-05,0.000122784640451899,"IGHV3OR15-7"
"ENSG00000165702.14",17.4480779111017,-2.12700014000927,0.269797928654931,-7.88367853902127,1.47559200535314e-05,0.000123219538591345,"GFI1B"
"ENSG00000278709.2",76.3090781472515,1.84791629151641,0.203028980335181,9.1017365524157,1.48124112079132e-05,0.000123648777860629,"NKILA"
"ENSG00000166278.15",1018.77063246488,1.69729498241876,0.166971248070456,10.1651931217677,1.48249959704829e-05,0.000123711333132807,"C2"
"ENSG00000205622.11",154.193079765912,2.06533420304303,0.255260159214099,8.09109502008391,1.49962535012546e-05,0.000125097480288529,"AP001042.1"
"ENSG00000254815.6",20.5151763091207,2.04971313315992,0.251615229672304,8.14622046459353,1.51036273839209e-05,0.000125936479571955,"LMNTD2-AS1"
"ENSG00000261253.2",7.51470559250914,2.45320152215746,0.348335501248008,7.04263996454047,1.51071949774588e-05,0.000125936479571955,"AC137932.2"
"ENSG00000154277.13",191.340266346849,-2.04256005164008,0.250010175637093,-8.16990767049817,1.52252729997261e-05,0.000126877274997717,"UCHL1"
"ENSG00000134013.16",1901.48554919961,1.62835676448859,0.150771463946911,10.8001655078574,1.53904528556503e-05,0.000128209806099521,"LOXL2"
"ENSG00000172340.15",4417.57095196237,-1.39068415964409,0.093800648232613,-14.8259546799227,1.55643843153995e-05,0.00012961430392879,"SUCLG2"
"ENSG00000136732.16",333.157528824064,-1.6964682369557,0.167221943937362,-10.1450096620762,1.55721825348709e-05,0.000129634818635616,"GYPC"
"ENSG00000231367.6",4.68986792764004,-2.17897704542144,0.283126272338358,-7.69613157911884,1.56265100584081e-05,0.000130042532335383,"LINC02613"
"ENSG00000137692.12",998.684386804292,1.37076689109293,0.0890662733219836,15.3904147997466,1.57170370471313e-05,0.000130751112716635,"DCUN1D5"
"ENSG00000241224.8",170.022326453856,-2.11328607039823,0.26753350929429,-7.89914532939347,1.58223435767038e-05,0.00013158211804035,"C3orf85"
"ENSG00000169918.10",72.9314213113474,-1.70593615681933,0.169671126796652,-10.0543692319782,1.58696194495458e-05,0.000131930124058831,"OTUD7A"
"ENSG00000212452.1",5.55703625710762,2.11233287359229,0.267513302589955,7.89617881855422,1.60490027479249e-05,0.000133375775230703,"SNORD69"
"ENSG00000182199.11",5949.3356710634,1.49996459202401,0.12030022292627,12.4685104943098,1.61952369414931e-05,0.000134545045360097,"SHMT2"
"ENSG00000150045.12",6.31244452419461,-2.00628269017195,0.242181004054713,-8.28422814581567,1.62583221559632e-05,0.00013502297620981,"KLRF1"
"ENSG00000167741.11",2678.84371788788,-1.84487217888697,0.203365191227118,-9.07172052284316,1.63029632938575e-05,0.000135347457478899,"GGT6"
"ENSG00000206754.1",9.43306103399326,1.98037268425216,0.23610237465009,8.38777114032473,1.64560583273122e-05,0.000136571795544292,"SNORD101"
"ENSG00000276966.2",43.3260548737857,2.29924527605921,0.313022708892256,7.34529863407012,1.65771829175088e-05,0.000137530059711664,"H4C5"
"ENSG00000169181.13",4.01881855599433,-2.56813292367247,0.377816302392392,-6.79730574729215,1.65862683236678e-05,0.000137558471080248,"GSG1L"
"ENSG00000148346.12",22099.9383081726,2.18148657657731,0.284699346158636,7.662422151689,1.66277717565473e-05,0.000137808613125545,"LCN2"
"ENSG00000171126.8",11.2361062250845,-2.23294136944687,0.297096066174157,-7.51589005603974,1.66255495906066e-05,0.000137808613125545,"KCNG3"
"ENSG00000061455.11",62.7276392906434,-1.95477096081284,0.230258558982005,-8.48946058489668,1.68785782275048e-05,0.000139839567312774,"PRDM6"
"ENSG00000241282.1",7.75346429337532,2.69810985022766,0.409555934645182,6.58789098628288,1.69003018044982e-05,0.000139971824761182,"RPL34P33"
"ENSG00000052749.14",2015.07881748635,1.37834034432498,0.0912554090465898,15.1042043285486,1.69203989021106e-05,0.000140090525833488,"RRP12"
"ENSG00000118733.17",6.14025867936958,-2.87554739895791,0.452438238334763,-6.35566836601081,1.69594270762097e-05,0.000140365830365087,"OLFM3"
"ENSG00000165023.7",6.26601608373878,-2.34432506720188,0.324323262430706,-7.22835929076401,1.69895094133636e-05,0.000140566931816389,"DIRAS2"
"ENSG00000276115.1",15.9830481494526,1.91323466714599,0.220364025430351,8.68215519030211,1.70494023404369e-05,0.000141014457751061,"AC026356.2"
"ENSG00000069011.16",1668.21124796763,1.65160382716062,0.157237682018177,10.5038678131219,1.70598392939266e-05,0.000141052771297181,"PITX1"
"ENSG00000135083.16",380.678562554407,-1.74601051011302,0.180053832322818,-9.69715827532403,1.71198914678128e-05,0.000141501143764575,"CCNJL"
"ENSG00000138100.14",102.443489498719,2.65033129459448,0.398350855620067,6.65325869695702,1.71464115944836e-05,0.000141672152922798,"TRIM54"
"ENSG00000235736.1",6.59519855754165,2.56378724446928,0.377490702535965,6.79165666133198,1.71706667316919e-05,0.000141824337722676,"AL031275.1"
"ENSG00000171649.12",31.2921936541507,-1.6560183124793,0.158372949237107,-10.456446763519,1.71967224967259e-05,0.000141991286670214,"ZIK1"
"ENSG00000134955.12",466.908557445764,-2.01208346223416,0.244391256336008,-8.23304193611493,1.72714744221328e-05,0.000142560064014208,"SLC37A2"
"ENSG00000166473.17",10.4558159975414,-2.16567001626783,0.281603943128678,-7.69048185975946,1.7411129957625e-05,0.000143663992519622,"PKD1L2"
"ENSG00000089685.15",2379.22833952616,1.48035384230964,0.116080113638186,12.7528634829201,1.75078968831744e-05,0.000144413406062844,"BIRC5"
"ENSG00000213397.10",22.0759221499791,1.72273113485802,0.174700399086886,9.86106009981827,1.75957430536724e-05,0.000145088753377754,"HAUS7"
"ENSG00000154262.13",60.5170509843405,-2.12181654040528,0.271266400900182,-7.82189218187047,1.77107401301528e-05,0.000145987444085045,"ABCA6"
"ENSG00000147381.11",8.84254412403614,5.43507147810839,1.07246647358474,5.06782413434477,1.77182883696917e-05,0.000146000138142933,"MAGEA4"
"ENSG00000260725.1",18.7964964820622,2.98180368091106,0.479482847833472,6.21879112961859,1.7886517873202e-05,0.000147336401464003,"AC005307.1"
"ENSG00000116661.11",283.938471074094,2.28037638451502,0.309897086431573,7.35849572118691,1.8010933663496e-05,0.000148310975270401,"FBXO2"
"ENSG00000062582.14",21.1111371004746,1.95977241117955,0.23230794642363,8.43609717769089,1.80228408499429e-05,0.00014835875089892,"MRPS24"
"ENSG00000122121.11",664.056036908134,-2.37371476490441,0.332516511703373,-7.13863727471652,1.80383979681915e-05,0.000148386279833125,"XPNPEP2"
"ENSG00000234184.6",3.91531198711431,-2.29162181329585,0.312641946077858,-7.32986037876428,1.80348331850708e-05,0.000148386279833125,"LINC01781"
"ENSG00000259337.4",22.3534292829418,-2.41554652453896,0.342716644522715,-7.04823230252786,1.81089979106315e-05,0.000148916632564584,"IGHV1OR15-2"
"ENSG00000271590.1",4.98062191549466,2.5216477022496,0.368421617860604,6.84446183395159,1.81239434546948e-05,0.000148989115679663,"AC108463.3"
"ENSG00000104889.7",6.61941156935201,1.92751533296315,0.22473788487319,8.57672632298184,1.83684726466288e-05,0.000150948219585079,"RNASEH2A"
"ENSG00000112715.25",5459.02411726024,1.46534847664798,0.112779779373343,12.9930071222885,1.8442779200155e-05,0.000151507618175715,"VEGFA"
"ENSG00000185988.15",11.2560279979648,2.36663316990591,0.331337700878508,7.14266189338256,1.85695433370078e-05,0.000152483269808668,"PLK5"
"ENSG00000187961.14",273.44413072927,1.64002632005654,0.155175327042319,10.5688600843694,1.85740937709324e-05,0.000152483269808668,"KLHL17"
"ENSG00000226747.6",9.84556990694121,2.42993870497007,0.346844328981822,7.00584816278608,1.87220207169587e-05,0.000153645762722761,"FSIP2-AS2"
"ENSG00000009709.12",6.74660310569894,4.45177425014964,0.837476873578777,5.31569812922229,1.88096582666192e-05,0.00015426078159934,"PAX7"
"ENSG00000172915.18",120.167310740553,-2.10888054655182,0.269037385467086,-7.83861522773319,1.880762947155e-05,0.00015426078159934,"NBEA"
"ENSG00000283057.1",5.22201664094772,2.7337536580436,0.420694533984334,6.49819153140078,1.88476633287359e-05,0.000154520316763928,"AC010653.3"
"ENSG00000236015.1",35.3017819592414,1.74947756683797,0.181878082565125,9.61895761250693,1.88804934158312e-05,0.000154737264757065,"AC011290.2"
"ENSG00000241244.1",79.1664772056771,-2.57654624467142,0.382652015880562,-6.73339258057285,1.89393362017816e-05,0.000155167184660584,"IGKV1D-16"
"ENSG00000234869.1",9.86116355090429,1.94639565690371,0.229762126807022,8.47135114891452,1.90240468121993e-05,0.000155808674599408,"AL021392.1"
"ENSG00000287923.1",14.188456004314,2.98671122019573,0.482354425646262,6.19194322969902,1.90442708635034e-05,0.000155921759428279,"AL138701.2"
"ENSG00000167094.16",14.3151403192998,2.07147809371857,0.2602083726709,7.96084335202576,1.91278540592733e-05,0.000156500624121327,"TTC16"
"ENSG00000279862.1",5.912194813112,2.66679539645546,0.404775293284629,6.58833540657884,1.91229245141812e-05,0.000156500624121327,"AC092964.1"
"ENSG00000178343.5",64.8608737480248,-2.19249618256035,0.289611726446808,-7.57046756862946,1.91445197137028e-05,0.000156584257503527,"SHISA3"
"ENSG00000198734.12",295.584841539283,2.29322083550056,0.314141317770041,7.29996567079804,1.92180452856995e-05,0.000157079885786242,"F5"
"ENSG00000238098.9",21.8403821691681,2.4454055421056,0.351106581711878,6.96485246782509,1.9215585918149e-05,0.000157079885786242,"ABCA17P"
"ENSG00000214128.11",3.69404663273686,2.90590262751828,0.463117104812446,6.2746605498303,1.93271470323138e-05,0.000157918518118771,"TMEM213"
"ENSG00000211943.2",1001.50679477104,-2.32969447559483,0.323246466738644,-7.20717692323137,1.94799925816006e-05,0.000159113888985847,"IGHV3-15"
"ENSG00000021826.17",280.872752888361,2.51943933426331,0.369390575448476,6.82052954709109,1.94964109181427e-05,0.000159194484311448,"CPS1"
"ENSG00000227542.1",12.755263583391,1.6946654686743,0.168896468095736,10.0337531493774,1.95303776400623e-05,0.000159418265587341,"AC092614.1"
"ENSG00000249007.1",95.8677223837098,1.86478378528903,0.21035899556484,8.864768441596,1.96982896907183e-05,0.000160734868866506,"AL691482.3"
"ENSG00000129667.13",1643.79637397351,1.45683431568338,0.111173915950801,13.1041018320168,1.98527964644074e-05,0.000161941240041993,"RHBDF2"
"ENSG00000149260.18",5978.25281287323,-1.51089606368739,0.124348801363891,-12.1504674521626,1.99056129634116e-05,0.000162317582218423,"CAPN5"
"ENSG00000215784.6",23.1917537749146,1.73203646790604,0.178257613845987,9.71647959678456,2.00744556641103e-05,0.000163639474215994,"FAM72D"
"ENSG00000254042.2",10.1353627242705,-2.15756419938194,0.281912931480227,-7.65329986124906,2.0119299903245e-05,0.00016395002939264,"SLIT3-AS2"
"ENSG00000161996.19",1601.38572806427,1.57354390775939,0.139710555378138,11.2628849230501,2.01956748675525e-05,0.000164517230734672,"WDR90"
"ENSG00000286334.1",7.58165686581811,2.56180953997108,0.380558006905234,6.73171893242814,2.03034931356239e-05,0.000165340108309538,"AL161430.1"
"ENSG00000235674.2",5.3442298291792,2.55611623293449,0.379249171889986,6.73993886445713,2.03781426022023e-05,0.000165892417163657,"LDHAP2"
"ENSG00000231799.2",10.7814246235426,2.22630874394459,0.298985772676123,7.44620295480161,2.05185079106559e-05,0.000166979150110161,"PA2G4P6"
"ENSG00000258561.2",28.2234910009977,1.72072005290826,0.175765758838608,9.78984794466292,2.06166933656731e-05,0.00016772201164575,"AL359232.1"
"ENSG00000164822.5",617.408519307052,2.93516813323497,0.471973647066924,6.21892377143416,2.06431041449831e-05,0.00016788066623932,"DEFA6"
"ENSG00000037897.17",621.867183800508,1.40244578994207,0.0981616538346228,14.2871043340898,2.06729626774032e-05,0.000168067244249213,"METTL1"
"ENSG00000234460.2",2.45827325416175,-2.60025974921203,0.390366843251152,-6.66106713253587,2.07134423708643e-05,0.000168340016592643,"AL772337.3"
"ENSG00000175792.12",2346.27444655014,1.33245387008733,0.0811192671057648,16.4258617912567,2.08067040381063e-05,0.00016904142698963,"RUVBL1"
"ENSG00000162520.15",64.2255496488098,-1.8928643386293,0.217873609506205,-8.68790094825776,2.08292116498963e-05,0.00016916772830631,"SYNC"
"ENSG00000245614.4",28.5382196041641,1.56009985378143,0.136708768505569,11.4118492239792,2.09242819367107e-05,0.000169883077534938,"DDX11-AS1"
"ENSG00000206145.8",3.92082093314542,3.12493255230987,0.518737976964889,6.02410598621235,2.09857192883703e-05,0.000170324976188175,"P2RX6P"
"ENSG00000136052.9",747.000584160856,-1.58318826071404,0.142432595258231,-11.1153507934312,2.11553030474634e-05,0.000171644028064561,"SLC41A2"
"ENSG00000267454.6",7.76339671067107,-1.72956696395494,0.178195768465269,-9.70599346354313,2.11825298837145e-05,0.00017180756881651,"ZNF582-AS1"
"ENSG00000178934.5",5.07145717263663,2.64260471914346,0.401293958725125,6.58520932520086,2.12665530003605e-05,0.000172407348774889,"LGALS7B"
"ENSG00000282097.1",4.84284706801563,2.46182138057134,0.357131882372257,6.89331169264035,2.12706679681941e-05,0.000172407348774889,"AL160408.6"
"ENSG00000101445.10",304.231246344151,-1.73469528088989,0.179545757129652,-9.66157768705863,2.13864931349232e-05,0.000173288357178604,"PPP1R16B"
"ENSG00000182162.11",156.487528937843,-1.69404466126649,0.169669425500111,-9.98438378790517,2.15157156247226e-05,0.000174277296560253,"P2RY8"
"ENSG00000211651.3",816.594484757493,-2.31880604840527,0.322795419372432,-7.18351596473524,2.19835592315726e-05,0.000177948197643975,"IGLV1-44"
"ENSG00000250874.1",3.1390484030332,4.63732684216532,0.890267387929457,5.20891465310282,2.19762914883271e-05,0.000177948197643975,"AC010595.1"
"ENSG00000235808.1",6.353830486548,3.13887429605306,0.523543149640368,5.9954452621703,2.20020827711796e-05,0.00017803883161494,"MYL6P2"
"ENSG00000186526.13",11.4522549826535,2.42310657998218,0.348375944122513,6.95543599052307,2.20409017649259e-05,0.000178293579523202,"CYP4F8"
"ENSG00000249885.1",7.17224191492606,2.305413201562,0.319613119605391,7.21313694634429,2.20997797464825e-05,0.000178710365337613,"ARHGEF38-IT1"
"ENSG00000227440.1",13.8140336323035,1.83891618732899,0.205520138246622,8.94762042794224,2.23328553789484e-05,0.000180535058452577,"ATP5MC1P4"
"ENSG00000271130.1",14.0280010745985,-2.41816790008807,0.347478563161054,-6.95918585045854,2.23912430910722e-05,0.000180946859698389,"IGHV3OR16-8"
"ENSG00000174844.14",11.756150598546,2.10281008295884,0.270250913658198,7.78095457474894,2.24511460872849e-05,0.000181370628298212,"DNAH12"
"ENSG00000177511.6",4.50798684313544,-3.04098168681484,0.500277395623666,-6.07859102453316,2.25469300405738e-05,0.000182083881683597,"ST8SIA3"
"ENSG00000287929.1",32.0970033671512,1.9720750390602,0.238462541547968,8.26995731177974,2.28665448066846e-05,0.000184603667376224,"AL354953.1"
"ENSG00000179750.16",221.567333702935,-1.71209287459195,0.174740893116786,-9.79789472317561,2.29937483060897e-05,0.000185507331951521,"APOBEC3B"
"ENSG00000277531.2",2.76415897099305,-2.31296993903344,0.32218485354373,-7.17901513244013,2.29867266498476e-05,0.000185507331951521,"PNMA8C"
"ENSG00000137809.17",1058.41909285795,1.88281441689244,0.216642673217213,8.69087511214685,2.30092164616247e-05,0.00018557051444324,"ITGA11"
"ENSG00000138735.16",808.229733998438,-1.70299465713733,0.172542982468734,-9.86997345688009,2.30748785993247e-05,0.000186038337745053,"PDE5A"
"ENSG00000273723.1",41.593640719274,1.71667434831366,0.17606218422463,9.75038652322655,2.3448606649546e-05,0.000188988770011266,"SUGT1-DT"
"ENSG00000283162.1",4.74184086026928,2.44508263968208,0.355141683158743,6.8848089526826,2.36044985705086e-05,0.00019018213370801,"AL390726.5"
"ENSG00000149043.16",73.4287987683739,2.0674744051381,0.262466903769391,7.87708612189302,2.38027533382878e-05,0.000191525465602779,"SYT8"
"ENSG00000165724.6",944.437743449303,1.39128409371287,0.096203003661502,14.4619610694092,2.3783025881235e-05,0.000191525465602779,"ZMYND19"
"ENSG00000177984.7",900.053047526195,3.027048028272,0.498400117664079,6.07352992302507,2.37999040500849e-05,0.000191525465602779,"LCN15"
"ENSG00000275485.1",5.34189409950324,2.16148699261044,0.285581428806753,7.56872392452759,2.3801351835576e-05,0.000191525465602779,"AL512652.1"
"ENSG00000183242.12",4.41371015965954,3.47375026072092,0.60827100409678,5.71085953025014,2.38258879325774e-05,0.000191648155167703,"WT1-AS"
"ENSG00000142661.19",723.440379120547,1.92614573518508,0.227841864853738,8.45387100575902,2.40304466272744e-05,0.000193229600609784,"MYOM3"
"ENSG00000123975.5",1949.07044814283,1.50138303175731,0.123407331629005,12.1660764554157,2.42406500110206e-05,0.000194855373889448,"CKS2"
"ENSG00000279692.1",32.7294115672056,2.00453891593283,0.247260435468285,8.10699419879468,2.42567230929327e-05,0.000194920096282495,"AC110285.6"
"ENSG00000166959.8",359.450756688572,-2.09751526051735,0.270260919758329,-7.76107497300379,2.4437037485043e-05,0.000196304135830263,"MS4A8"
"ENSG00000089558.9",25.2345517561353,1.95314628353068,0.234852488785282,8.31648109684873,2.46956112378168e-05,0.000198315714831113,"KCNH4"
"ENSG00000186493.13",52.1010206600588,2.75503370876401,0.432456216236116,6.37066506464506,2.47164413120879e-05,0.000198417417867108,"C5orf38"
"ENSG00000244116.3",20.5877422984488,-2.96117657456946,0.483271648430683,-6.12735422031318,2.47341848382947e-05,0.000198494283874029,"IGKV2-28"
"ENSG00000080293.10",8.61626902646457,-2.08174396342346,0.26658305957424,-7.80898818832755,2.47672985566145e-05,0.000198628830008492,"SCTR"
"ENSG00000286360.1",13.0039534366938,1.99732101874919,0.245774542854435,8.12663913663404,2.47612141321516e-05,0.000198628830008492,"AC107081.3"
"ENSG00000090020.11",2531.30113133906,-1.49905325685534,0.123001337328428,-12.1872923450636,2.48217083199117e-05,0.000198999509130272,"SLC9A1"
"ENSG00000183018.9",2322.03909237647,1.73188494537636,0.180492271336865,9.59534129937357,2.50738155297412e-05,0.000200954392273321,"SPNS2"
"ENSG00000172724.12",150.344139845247,-2.28212551536371,0.31641042919864,-7.21254833838304,2.53803859646136e-05,0.000203344338588892,"CCL19"
"ENSG00000204385.13",10786.6630367353,-1.57877745479639,0.142886170468512,-11.0491970609871,2.55411480005981e-05,0.000204564896642892,"SLC44A4"
"ENSG00000120756.13",6405.65233495142,-1.46056219774292,0.113739799849618,-12.8412587297852,2.56897494746993e-05,0.000205687285744709,"PLS1"
"ENSG00000273066.5",131.120506040167,1.86102107315945,0.212681708707931,8.75026387772319,2.5784249654107e-05,0.000206375911263109,"AL355987.4"
"ENSG00000122786.20",7600.41613079881,-1.81819468660004,0.202107463133257,-8.9961778670253,2.57938368323756e-05,0.000206384667443769,"CALD1"
"ENSG00000088854.12",209.337251108559,-1.75354135062847,0.186150611653937,-9.4200139072784,2.58263954986347e-05,0.000206577159518375,"C20orf194"
"ENSG00000196517.13",657.955490314214,-1.6114715352051,0.151146333958245,-10.661664712624,2.60991172715603e-05,0.000208689881440907,"SLC6A9"
"ENSG00000261553.5",23.5792500150433,2.10868322880674,0.274141669734034,7.69194712665368,2.62512529870548e-05,0.000209837318284681,"AL137782.1"
"ENSG00000179603.18",462.379064299002,2.18343406450865,0.292672609574183,7.46032936831838,2.63248308267999e-05,0.000210356260799486,"GRM8"
"ENSG00000278876.1",12.043463081217,1.80444655554187,0.198957611183088,9.06950251770638,2.63513530475433e-05,0.000210498974048423,"AC145207.9"
"ENSG00000228495.2",5.17758288681097,-2.14503270646791,0.283235257524871,-7.57332517573154,2.64205868742727e-05,0.000210982668762677,"LINC01013"
"ENSG00000176170.14",484.825557354121,1.87109694509211,0.215522081931981,8.68169483293426,2.65213402472814e-05,0.000211717663603462,"SPHK1"
"ENSG00000118194.20",16.9671438450033,2.20912611231173,0.299218423044077,7.38298828607326,2.66177722503822e-05,0.000212417689879897,"TNNT2"
"ENSG00000185686.18",104.548491728101,2.53981392467587,0.381141168127366,6.66370924231188,2.67245228059462e-05,0.000213199574584535,"PRAME"
"ENSG00000187741.15",826.900630853523,1.40875020984663,0.101239292095119,13.9150539350181,2.70158248005348e-05,0.000215452754398752,"FANCA"
"ENSG00000005249.13",284.296587767811,-1.83379216404105,0.206593928823063,-8.87631197338622,2.71968441946653e-05,0.000216825234229123,"PRKAR2B"
"ENSG00000177452.7",5.58120067765384,2.74310898308794,0.432073310697259,6.34871193192019,2.73838369644545e-05,0.000218244420543209,"AL161742.1"
"ENSG00000275191.1",3.85448020207709,2.18264189204232,0.293202368535911,7.44414822752358,2.74720455944715e-05,0.000218875641949396,"AC007497.1"
"ENSG00000263680.2",8.29568110319703,2.31699380944525,0.326612874712675,7.09400635686371,2.76194298051049e-05,0.000219977759509685,"AC007639.1"
"ENSG00000231982.1",7.01828472365025,1.90459134192771,0.224517241451179,8.48305158934468,2.80012739424295e-05,0.000222945922936119,"AC112907.2"
"ENSG00000164236.12",57.0729927470258,-1.80487095354865,0.19980424749292,-9.03319612168203,2.80911094630006e-05,0.000223587933164401,"ANKRD33B"
"ENSG00000287951.1",2.78361281998734,3.00327284782376,0.497334359483164,6.03873991522483,2.81242555538442e-05,0.000223778457746698,"AC026402.2"
"ENSG00000270467.1",3.15525070105936,-2.4503470370246,0.360083039458494,-6.80494988242024,2.81490827688957e-05,0.000223902687818057,"IGHV3OR16-12"
"ENSG00000177181.15",463.52209204994,-1.56226994638131,0.139622918450275,-11.1892085033138,2.82392462939254e-05,0.000224546362873817,"RIMKLA"
"ENSG00000251003.9",11.5548658835315,2.24571517837034,0.309452968420926,7.25704842913533,2.84224065360411e-05,0.000225928844889041,"ZFPM2-AS1"
"ENSG00000211968.3",96.7217666379749,-2.5006387780673,0.373063826741404,-6.70297841500637,2.87952574590573e-05,0.000228817775099769,"IGHV1-58"
"ENSG00000244151.1",12.5830214494482,1.81140052368128,0.201844843557722,8.97422243617173,2.91087086397851e-05,0.000231232958465766,"AC010973.2"
"ENSG00000139890.10",35.6499617923179,1.67075953941778,0.16689053771307,10.0111100504108,2.92031735238836e-05,0.00023190755445437,"REM2"
"ENSG00000099864.18",272.631866631846,-1.85923067944873,0.213822244320166,-8.69521637171116,2.92930472384512e-05,0.000232545262298061,"PALM"
"ENSG00000128573.26",211.035126533841,-2.11774122784593,0.278251711374816,-7.61088302883158,2.94700185838005e-05,0.000233873759499135,"FOXP2"
"ENSG00000211698.2",3.05160975150595,-2.1055123081171,0.275234967072937,-7.6498721456389,2.95202977840078e-05,0.000234196289961276,"TRGV4"
"ENSG00000263235.1",12.9173968923339,1.85019236696262,0.211703062631541,8.73956353755162,2.96013568262704e-05,0.000234762718955082,"AC006111.2"
"ENSG00000250413.1",2.84893879141147,-2.00743387177638,0.250887338866846,-8.00133590177619,2.9662073714162e-05,0.000235167501224841,"SLC2A9-AS1"
"ENSG00000275395.6",35434.9406057584,-2.3759209000064,0.342696313354195,-6.93302147534561,2.97246618942789e-05,0.000235586850629803,"FCGBP"
"ENSG00000235354.1",11.2211873794372,2.1775238482551,0.293308988903854,7.42399289020387,2.97709449964509e-05,0.000235876740597899,"RPS29P16"
"ENSG00000112299.8",427.89724538109,2.32534143501903,0.330377067227688,7.03844687081885,3.01540042718925e-05,0.000238833866951431,"VNN1"
"ENSG00000186648.15",105.816803564573,1.70702222188468,0.176251105956207,9.68517169083079,3.01736803884684e-05,0.000238911838852976,"CARMIL3"
"ENSG00000047634.15",1059.25366078337,1.60111990962699,0.149888364578152,10.6820827229198,3.03014658358069e-05,0.000239845478765507,"SCML1"
"ENSG00000228509.6",25.4046237819441,2.3866778492758,0.34587841551113,6.90033763959751,3.04690740913086e-05,0.000241093617850472,"AC006460.1"
"ENSG00000170476.16",581.161878635334,-2.04980171075013,0.261938391041831,-7.8255108103752,3.06410034239214e-05,0.000242375124740003,"MZB1"
"ENSG00000164841.5",10.9551364379947,-1.97127877978303,0.242639843314985,-8.1242995909126,3.12767908131464e-05,0.00024732379328326,"TMEM74"
"ENSG00000228261.1",4.28512043531215,2.57571130388327,0.393864728677753,6.53958355837096,3.15855930227456e-05,0.000249684421097176,"ITPRIP-AS1"
"ENSG00000250444.1",4.8538352142116,2.36612307646641,0.341521487526998,6.92818215802415,3.1656696485342e-05,0.000250165113689044,"CCT5P1"
"ENSG00000186907.8",41.2826595327273,1.92935195330683,0.232355996920798,8.30343085125741,3.17127572519751e-05,0.000250526658394992,"RTN4RL2"
"ENSG00000073464.13",333.942990172737,1.75915705272156,0.189819181782353,9.26754101563149,3.17557236221853e-05,0.000250778789304058,"CLCN4"
"ENSG00000169116.11",6430.32828860255,-1.5827319324862,0.145708552432031,-10.862313200349,3.17653133118473e-05,0.000250778789304058,"PARM1"
"ENSG00000175602.4",1254.82305181705,1.80866044446093,0.202292154697794,8.94083335640427,3.20091286356055e-05,0.000252621573837354,"CCDC85B"
"ENSG00000140263.15",1619.79996801876,1.41790937022231,0.104549511028761,13.5620851429162,3.20428109812713e-05,0.00025280529443016,"SORD"
"ENSG00000244968.7",4.3515132366664,-2.01325427393762,0.253506204773308,-7.94163707250451,3.20805079929465e-05,0.000253020559632782,"LIFR-AS1"
"ENSG00000286984.1",7.07542624695413,2.5747036954994,0.394114917331185,6.53287551999919,3.22728637737565e-05,0.000254455090753499,"AC090578.3"
"ENSG00000230269.7",4.46042715301577,3.36636400271278,0.592280416921374,5.68373342514153,3.23001934806224e-05,0.000254587966778827,"LINC02525"
"ENSG00000146054.18",222.73820558141,2.22923564175733,0.307740338323879,7.24388506849299,3.2430196048241e-05,0.000255529754854817,"TRIM7"
"ENSG00000261570.2",3.85203449720138,3.02219709074107,0.506328863967536,5.96884220081682,3.25057030437553e-05,0.000256041680377068,"AC073878.1"
"ENSG00000265972.6",16358.8081655401,-1.56749825532707,0.142138656868913,-11.0279517891652,3.2680788150073e-05,0.000257337379146719,"TXNIP"
"ENSG00000148541.13",46.7349277309604,-1.74631334609694,0.187038441222592,-9.33665472553136,3.30143397726533e-05,0.000259879642525259,"FAM13C"
"ENSG00000187912.12",15.2173780456034,-2.1961915491678,0.299846927886956,-7.3243756894377,3.31286009718276e-05,0.000260694625523125,"CLEC17A"
"ENSG00000170779.11",809.647315576163,1.45804161799317,0.114864336005621,12.6935972356277,3.33620198991076e-05,0.000262446449837589,"CDCA4"
"ENSG00000106018.14",25.3772374956803,-1.94045588095982,0.236080602082521,-8.21946345376373,3.39364007116531e-05,0.000266878491033388,"VIPR2"
"ENSG00000067955.15",2163.16772794667,1.34046295852362,0.0855213998973981,15.6740062736555,3.4309150317751e-05,0.0002697225340412,"CBFB"
"ENSG00000120526.12",1189.32418952008,1.44078660204112,0.110724159147421,13.0123959679189,3.43211581376853e-05,0.000269729671004448,"NUDCD1"
"ENSG00000252743.1",9.4921995310001,1.9429097553151,0.236862442653444,8.20269238782525,3.43371371785983e-05,0.000269768003052033,"RNU6-850P"
"ENSG00000243290.3",275.917577822704,-2.35207684676464,0.339778094428231,-6.92239107033268,3.45601476634132e-05,0.000271432316813491,"IGKV1-12"
"ENSG00000165496.5",11.6154543318792,-2.09681812237146,0.275670766715669,-7.60624039811284,3.46429377608378e-05,0.000271994632500277,"RPL10L"
"ENSG00000137807.16",906.319191493879,1.37824257051198,0.0951067086392613,14.4915389274971,3.48901623486526e-05,0.000273847204480703,"KIF23"
"ENSG00000204262.14",6180.02297614089,1.79544521340277,0.200192813706592,8.96857974149973,3.54276346866018e-05,0.000277975951851606,"COL5A2"
"ENSG00000273243.1",12.2760754333151,2.03161903512586,0.259644084728369,7.8246305408855,3.54560646526007e-05,0.000278109222420335,"Z82243.1"
"ENSG00000104356.11",527.661985116706,1.40846965970825,0.102856738292872,13.6935088851234,3.57484881051244e-05,0.000280312443031469,"POP1"
"ENSG00000259305.6",7.52098685162508,1.99744105936019,0.251263013461436,7.9496024179729,3.59802233324398e-05,0.000282038524831706,"ZHX1-C8orf76"
"ENSG00000197953.6",2.53997268523823,-3.62340666436664,0.661219461353462,-5.47988508527838,3.63110068826969e-05,0.000284539654063055,"AADACL2"
"ENSG00000198932.13",149.091995980387,-1.74884242540802,0.188804327332776,-9.26272427180981,3.65083604368491e-05,0.000285993926052686,"GPRASP1"
"ENSG00000248405.10",12.8951511663559,1.87722882543583,0.221211620539037,8.48612211628615,3.66113099776866e-05,0.000286707970498802,"PRR5-ARHGAP8"
"ENSG00000211949.3",1804.90140131434,-2.20406440381153,0.303645798348005,-7.25866919879285,3.66428806157999e-05,0.000286862757398176,"IGHV3-23"
"ENSG00000188778.6",3.36276130279518,-2.5721859767694,0.396595344317422,-6.48566861317139,3.68201909666674e-05,0.000288158016260876,"ADRB3"
"ENSG00000277311.1",2.22529071967538,3.35062086070471,0.593208612754914,5.64830110126711,3.7076192823341e-05,0.000290068089377716,"AC012354.7"
"ENSG00000275812.1",4.14957703394394,2.34896170636467,0.340712071998595,6.89427202442757,3.75939356365992e-05,0.000294024021876203,"AL121829.2"
"ENSG00000228613.1",6.58809509814968,2.58428692186915,0.400294196393868,6.45596899767776,3.78206170881861e-05,0.000295701735921146,"AC141930.1"
"ENSG00000168032.10",44.0908212314946,-2.0542849674631,0.266483305099782,-7.70886929180759,3.80615321020313e-05,0.000297489620482265,"ENTPD3"
"ENSG00000228446.2",6.40254936159724,2.49022324392371,0.376798889292593,6.60889220931328,3.82742774748107e-05,0.000299056251652058,"ANKRD49P1"
"ENSG00000102030.16",1269.93662535736,1.62531760078746,0.15813400523245,10.2781030455677,3.83710967726003e-05,0.000299716377876627,"NAA10"
"ENSG00000253394.6",3.58695053570399,3.31058123488544,0.584528748323655,5.66367564363551,3.86055327650545e-05,0.000301450657516332,"LINC00534"
"ENSG00000136295.15",6289.66549646243,1.46567801443861,0.117817564283494,12.4402335369273,3.8663851068374e-05,0.000301809052669929,"TTYH3"
"ENSG00000234369.1",6.46648001910135,2.40071949555343,0.354525057709638,6.77164968553411,3.89167939505981e-05,0.000303685964354379,"TATDN1P1"
"ENSG00000185008.17",190.133008728884,2.03195648749949,0.261501388334421,7.7703468438222,3.96881602799859e-05,0.00030960587313119,"ROBO2"
"ENSG00000135625.8",11.8542073369952,2.30191047222001,0.330005852424018,6.97536257406227,3.9881130509654e-05,0.000310911604550719,"EGR4"
"ENSG00000167880.8",4153.1506813587,1.62892436919814,0.159416284628303,10.2180550311793,3.98716652859137e-05,0.000310911604550719,"EVPL"
"ENSG00000167634.12",8.51680183219245,-2.11579920419202,0.282875523937327,-7.47961214438894,3.99852731778625e-05,0.000311623520917915,"NLRP7"
"ENSG00000167549.18",27.9904196806988,-1.7377167110394,0.187032113797441,-9.29100717388765,4.00114012239532e-05,0.000311727172087869,"CORO6"
"ENSG00000164976.9",2851.62504809118,-1.40518801614269,0.102741183864247,-13.6769692862346,4.01046152640724e-05,0.000312353253499025,"MYORG"
"ENSG00000144821.10",55.2496928590145,-1.74412007413729,0.18883629868293,-9.23614837985039,4.06464271380267e-05,0.000316370332944923,"MYH15"
"ENSG00000164761.9",596.738152622648,1.9678838108906,0.245618697065084,8.01194629889741,4.06398757646489e-05,0.000316370332944923,"TNFRSF11B"
"ENSG00000254933.1",5.71544142084458,2.89086388515703,0.480024573590673,6.02232478127699,4.08942429275677e-05,0.000318197279263495,"AP000785.1"
"ENSG00000163975.12",1818.66885887812,1.78075996101447,0.198222885513383,8.98362445084194,4.09453708068904e-05,0.000318391203394379,"MELTF"
"ENSG00000184293.7",10.6138847112669,-1.86078575323246,0.218539478619266,-8.51464350967119,4.09431611078078e-05,0.000318391203394379,"CLECL1"
"ENSG00000185155.12",11.5584936528452,-1.95595054851912,0.242739649008417,-8.05781237844378,4.1052324286395e-05,0.000319120755009405,"MIXL1"
"ENSG00000279135.1",3.64473964594559,2.19671972284919,0.304006935889871,7.22588685820304,4.13413379878417e-05,0.000321264634827168,"AL512652.2"
"ENSG00000182050.13",5.10534846771721,-2.84535875725894,0.468831385281642,-6.06904496282741,4.14113488775612e-05,0.000321705811293075,"MGAT4C"
"ENSG00000180287.17",2.37376085290026,-2.77097940966461,0.449997735992979,-6.15776300196285,4.15067158216313e-05,0.000322343622392343,"PLD5"
"ENSG00000234945.8",8.07909769754077,2.27514477737169,0.324021482947937,7.02158621296493,4.15341209350716e-05,0.000322453398952792,"GTF3C2-AS1"
"ENSG00000147206.17",80.9247622178358,2.70614565444981,0.433581470627832,6.2413775444123,4.15973224350419e-05,0.000322840924679501,"NXF3"
"ENSG00000278263.2",5.57478781318557,-2.75784110547178,0.446900174255155,-6.17104504393683,4.18748012042648e-05,0.000324890698998606,"AC135068.3"
"ENSG00000197253.13",261.259820542054,-1.98305957297733,0.249979187271593,-7.93289871297488,4.20220027467277e-05,0.000325928715845989,"TPSB2"
"ENSG00000263429.3",50.516951098471,-1.77884676309398,0.19805808169744,-8.98143992837115,4.20481906506303e-05,0.000326027770520203,"TMEM238L"
"ENSG00000253545.1",8.40247579312216,-2.38464309173594,0.352160708446709,-6.7714626718409,4.21473242579436e-05,0.000326692178458702,"IGHV3-52"
"ENSG00000277494.2",20.9925185492566,-2.05491192466237,0.268402943182251,-7.65607075801339,4.24148182138046e-05,0.000328660740623549,"GPIHBP1"
"ENSG00000236993.2",6.22916459629752,2.41090071965112,0.359000869868175,6.71558461832252,4.24594996788813e-05,0.000328902085494681,"GAPDHP21"
"ENSG00000281591.1",5.70676983244708,3.01421795656532,0.512595843481217,5.88030120590662,4.25708035929957e-05,0.000329659186523198,"DBET"
"ENSG00000181333.12",50.5540721461819,2.24995470425306,0.318340658948039,7.06775789083325,4.31010120051148e-05,0.000333658678472217,"HEPHL1"
"ENSG00000220744.1",7.28155941056835,2.25285219387923,0.319085646069269,7.06033700240521,4.31165514748166e-05,0.000333672675426128,"RPL5P18"
"ENSG00000188290.11",288.339050540804,1.85823181580652,0.218618650530553,8.49987780684259,4.32384647504511e-05,0.000334509612682573,"HES4"
"ENSG00000101850.13",262.992885978197,2.07540375913718,0.274013302381155,7.57409856055189,4.34296403953092e-05,0.000335881687334823,"GPR143"
"ENSG00000250829.2",71.6224974467676,3.12746851788108,0.542265515770547,5.76741176955909,4.36727338892043e-05,0.000337654290011984,"AC108865.1"
"ENSG00000133740.11",478.469962162986,1.46203074659232,0.117778576732119,12.4133843960233,4.37491033614043e-05,0.000338137153842915,"E2F5"
"ENSG00000132840.10",41.0330200385704,-1.9567083593527,0.24389108073681,-8.02287789057874,4.37834493509731e-05,0.000338295014063162,"BHMT2"
"ENSG00000166035.11",30.3924388314905,-2.25648238309672,0.32062254060702,-7.03781580304561,4.44800493750904e-05,0.000343568086400094,"LIPC"
"ENSG00000100490.9",156.021869553221,-1.44674689069073,0.114026138034047,-12.6878531153861,4.46555628117337e-05,0.000344726854994316,"CDKL1"
"ENSG00000165309.14",5.41419101638142,2.48238153284131,0.378359459165831,6.56090781584851,4.46584419556422e-05,0.000344726854994316,"ARMC3"
"ENSG00000106125.14",36.9675117144831,1.69830716443983,0.178275566174051,9.52630358095049,4.48270270785955e-05,0.000345918309942798,"MINDY4"
"ENSG00000177455.15",57.8738305429416,-1.97452806391666,0.248928392561808,-7.93211269954427,4.5222122295204e-05,0.000348856371991574,"CD19"
"ENSG00000132639.13",33.2510680571669,-2.38898000039431,0.355094635529756,-6.72772765724903,4.58477104364877e-05,0.00035357009317888,"SNAP25"
"ENSG00000107833.10",1430.64194669887,1.55382673785791,0.141626489787775,10.9713002149972,4.60575450547864e-05,0.000354963001849448,"NPM3"
"ENSG00000271204.1",6.1790770867937,2.91331426574229,0.489276880409434,5.95432644048986,4.60537895593428e-05,0.000354963001849448,"AC016831.4"
"ENSG00000241472.7",21.7399614366483,2.27965176528014,0.32730199504399,6.96497974286333,4.62059020909341e-05,0.000355993475209163,"PTPRG-AS1"
"ENSG00000188451.8",6.58160895575115,2.40055918254352,0.358322720194941,6.69943335225166,4.64060764084992e-05,0.000357422395158964,"SRP72P2"
"ENSG00000221539.1",13.5646699027713,1.81764591696405,0.209210034066005,8.68813929063549,4.64828031627881e-05,0.000357899910283825,"SNORD99"
"ENSG00000279511.1",3.10834383445568,3.78772436816591,0.713579773823476,5.30806015965204,4.67874206934567e-05,0.000360131239420652,"AL356274.2"
"ENSG00000159650.9",3.18522412910534,2.84675297841299,0.472875749193155,6.02008663643731,4.70413972250336e-05,0.000361971485930436,"UROC1"
"ENSG00000167768.4",11.2275301590787,-2.37816742490767,0.35305461488071,-6.73597603507098,4.73953770542973e-05,0.000364579823494594,"KRT1"
"ENSG00000065923.10",455.519595106116,1.71547502458777,0.183318090963072,9.35791451664932,4.75204387667993e-05,0.000365375640080896,"SLC9A7"
"ENSG00000102003.11",114.275473086517,-1.77586706622861,0.198793857669258,-8.93320893839283,4.7528905279659e-05,0.000365375640080896,"SYP"
"ENSG00000109321.11",3085.61976153864,1.87269377223354,0.223615338976082,8.3746212617098,4.75714144673925e-05,0.000365586771523605,"AREG"
"ENSG00000278983.1",10.1237417544797,2.69770587670702,0.435031213231647,6.20117774232108,4.760367156081e-05,0.000365719006932559,"AC048380.2"
"ENSG00000260924.2",36.4927302808581,1.5934809946563,0.152100010454038,10.4765344190283,4.77177478655873e-05,0.000366479542709788,"LINC01311"
"ENSG00000167393.18",563.23862089358,1.52640613290069,0.134957673341317,11.3102582099227,4.7991636450816e-05,0.000368466592655554,"PPP2R3B"
"ENSG00000146410.12",280.802497945926,1.42630453043671,0.109332131288238,13.0456116937524,4.82615606679834e-05,0.000370421959643713,"MTFR2"
"ENSG00000109819.9",513.64962874586,-1.78573580285968,0.201518482453259,-8.86139961516369,4.8280307603725e-05,0.000370448839523371,"PPARGC1A"
"ENSG00000251229.1",7.31272487142525,2.5838488653817,0.406260144579118,6.36008454154061,4.83737149509947e-05,0.00037104838172638,"AL645924.2"
"ENSG00000214491.8",6.21876095500243,-1.92000240628262,0.236193152911085,-8.12895032145748,4.90735776675432e-05,0.000376297865989681,"SEC14L6"
"ENSG00000287555.1",11.1058138394975,2.71120938231471,0.439409083134814,6.17012594043918,4.9232761175143e-05,0.000377399399544472,"AC023424.2"
"ENSG00000103647.13",57.1968333501882,-1.98349820138078,0.25263506396379,-7.85123874041917,4.95142405075211e-05,0.000379380226859147,"CORO2B"
"ENSG00000253361.3",11.4776463677143,2.62980645899363,0.418659108584683,6.28149825256148,4.95223901068812e-05,0.000379380226859147,"AC069120.1"
"ENSG00000198088.10",168.409740727446,1.52273380644544,0.134293285600022,11.3388677597831,4.96125265604688e-05,0.000379950959791804,"NUP62CL"
"ENSG00000279199.1",6.74816843297162,2.02330546316152,0.263072144829268,7.69106689145913,5.01575951860432e-05,0.000384004273163469,"AC068669.1"
"ENSG00000183908.7",16.6603342735602,-1.90003528545727,0.231466782436588,-8.20867368291949,5.04537505682434e-05,0.000386149964978997,"LRRC55"
"ENSG00000049449.10",2120.7138690702,1.38475299039192,0.0990040003220933,13.986838773048,5.09050971273052e-05,0.000389481694015591,"RCN1"
"ENSG00000201302.1",18.4379961858415,1.89599914091606,0.230684145153994,8.21902666804594,5.13558667779044e-05,0.00039280691303213,"SNORA65"
"ENSG00000228630.5",17.5523166231596,3.1772710260989,0.560712844951349,5.66648517990449,5.15790601954696e-05,0.000394389919052836,"HOTAIR"
"ENSG00000185274.12",56.7002245270168,-1.85453055807367,0.22009541017279,-8.42603013219464,5.16842233838589e-05,0.000395069716334625,"GALNT17"
"ENSG00000149380.12",87.0778753823257,1.83035832554305,0.213922683473291,8.55616756402354,5.18896850638818e-05,0.000396515517940983,"P4HA3"
"ENSG00000211666.2",1951.05767998491,-2.18668551807962,0.305874715148298,-7.14895808572944,5.23043665544147e-05,0.000399558663084652,"IGLV2-14"
"ENSG00000137077.8",629.508067849648,-2.0769097344235,0.277598710173981,-7.48169807100985,5.23624155820761e-05,0.000399876398065509,"CCL21"
"ENSG00000233198.4",13.4765641886845,2.00540705239804,0.259197330800799,7.73698959862843,5.24595087235362e-05,0.000400492008162718,"RNF224"
"ENSG00000254449.1",4.36902750183394,2.63569145911886,0.421746928830063,6.24946212751409,5.25789264327263e-05,0.000401277610651774,"SF3A3P2"
"ENSG00000138131.4",71.0526532859232,-1.77113690947402,0.19889258688246,-8.9049920725337,5.28430388916386e-05,0.000403166670350649,"LOXL4"
"ENSG00000231713.2",3.35651905133193,-2.27012970823152,0.327626071305829,-6.92902643304115,5.29269740090995e-05,0.000403680310238895,"AF064860.2"
"ENSG00000173198.6",59.4017831621484,-1.70870320531239,0.182898215612409,-9.3423722018886,5.33451337115343e-05,0.000406741998490833,"CYSLTR1"
"ENSG00000254851.1",36.2640747930782,-2.67966011182426,0.433809917569853,-6.17703746109672,5.39994752621442e-05,0.000411602022857624,"AP005018.2"
"ENSG00000279591.1",5.46323763604103,2.62425156816247,0.419595163123976,6.25424647087052,5.41955893090013e-05,0.00041296733151732,"AC002044.2"
"ENSG00000140093.10",71.999835973182,2.50876286716557,0.390078013606249,6.43143878828802,5.48998021243386e-05,0.00041820225442678,"SERPINA10"
"ENSG00000104728.16",32.2585057468448,2.0861773397859,0.28101160677349,7.42381200456061,5.54899784605002e-05,0.000422433106701176,"ARHGEF10"
"ENSG00000167107.13",1273.85734121464,-1.56291272166697,0.145632160050978,-10.7319202099308,5.54752235369076e-05,0.000422433106701176,"ACSF2"
"ENSG00000171401.15",11.5015548185252,2.59483051797925,0.412758574853683,6.28655750858496,5.58105995218312e-05,0.0004247408607518,"KRT13"
"ENSG00000171174.15",153.774121284311,-1.38849093549155,0.10055928643621,-13.8076848464148,5.59321867348197e-05,0.000425532917237357,"RBKS"
"ENSG00000239528.1",72.2508125956047,2.40129833490464,0.362747106248045,6.61975876180429,5.59975441633533e-05,0.000425896814763532,"RPS14P8"
"ENSG00000241511.1",11.7832967470401,2.16110287836302,0.300646517512196,7.18818530228061,5.62266676418873e-05,0.0004275056394549,"RPS15AP24"
"ENSG00000258645.2",15.6727504053899,1.89636032015218,0.232151978261933,8.1686158108571,5.64405197511898e-05,0.000428997381906135,"HSPE1P2"
"ENSG00000170962.13",203.255069605844,-1.64007927612931,0.165807735874145,-9.89145209349094,5.66076375057977e-05,0.000430133080484954,"PDGFD"
"ENSG00000227462.1",5.26466909538237,2.47673753936188,0.382569391233224,6.47395634914242,5.66815732639759e-05,0.00043056024705052,"PSME2P6"
"ENSG00000166025.18",590.051284077523,-1.78131040251751,0.202413592885088,-8.80034970541118,5.67004658546589e-05,0.000430569162583816,"AMOTL1"
"ENSG00000115263.15",304.677945763367,-3.34830105428948,0.608387623603326,-5.50356536587372,5.67221868971497e-05,0.000430599544392608,"GCG"
"ENSG00000073712.15",837.061561150534,-1.73023710358572,0.189214043373521,-9.14433766509664,5.68520240490493e-05,0.000431450401121767,"FERMT2"
"ENSG00000211972.2",105.609214501779,-2.31853645151439,0.341852007355419,-6.78228122587514,5.73844783785932e-05,0.000435355237152611,"IGHV3-66"
"ENSG00000279765.3",13.2254348470879,2.0700489118486,0.277491328159696,7.45986883834184,5.75927946767074e-05,0.00043679928546941,"AC013394.1"
"ENSG00000271314.1",3.94112671699293,2.76649061258186,0.458221344274893,6.03745470861831,5.78403882703319e-05,0.000438540229319521,"AL161729.2"
"ENSG00000102891.4",3.27488452729706,4.42916964825951,0.889818472282956,4.97761036236508,5.81532422332943e-05,0.000440768506625232,"MT4"
"ENSG00000224020.1",12.7379973791778,2.1008139274628,0.285650390612871,7.35449345248731,5.81705597015275e-05,0.000440768506625232,"MIR181A2HG"
"ENSG00000082512.15",1918.2700785433,1.48902093867169,0.126933098908431,11.7307538496784,5.84379666730789e-05,0.000442656667754307,"TRAF5"
"ENSG00000163249.13",725.011857105242,-1.33284489611223,0.0863978432506373,-15.4268306472152,5.8466714656103e-05,0.000442736418243472,"CCNYL1"
"ENSG00000111732.11",4.73501214682622,-2.81485068797662,0.471240185585813,-5.97328236019896,5.87648877839022e-05,0.000444855692569727,"AICDA"
"ENSG00000173486.14",17.0714259870856,1.87565605176132,0.227393904632906,8.24848869537329,5.88582702479741e-05,0.000445423845227583,"FKBP2"
"ENSG00000274001.1",5.69058312153609,2.39215961539027,0.361652020981796,6.61453407310195,5.9192846343177e-05,0.000447816365547697,"AL512506.1"
"ENSG00000011347.10",2263.11179888307,1.6878478739448,0.178741227141932,9.44296903928347,5.9472874661845e-05,0.000449794850383701,"SYT7"
"ENSG00000214593.3",6.41947543174551,2.37467947989227,0.357276052030846,6.64662371405526,5.96238548841017e-05,0.000450796413716139,"AL354710.1"
"ENSG00000167117.10",452.745879342286,-1.69886301767978,0.181668603899183,-9.35143982623746,5.98081079288633e-05,0.000452048840644285,"ANKRD40CL"
"ENSG00000211896.7",45874.2261159603,2.23093601295046,0.320060141585747,6.97036501295422,6.00425812366345e-05,0.000453679951508153,"IGHG1"
"ENSG00000182774.13",220.992548684895,1.4814317783721,0.125204199879275,11.8321252785492,6.02337680645262e-05,0.000454983078634749,"RPS17"
"ENSG00000224853.3",12.2221473363663,3.30150668722888,0.59888150478929,5.5127878567405,6.07676400712527e-05,0.000458873105572231,"LINC00393"
"ENSG00000185985.11",5.22978915726444,-2.35925406390993,0.353820891152414,-6.66793319135485,6.1106389148769e-05,0.000461287746603009,"SLITRK2"
"ENSG00000166821.9",467.362473319376,-1.36854514375362,0.0959466433407652,-14.2636062722182,6.12304192324201e-05,0.000462080492965158,"PEX11A"
"ENSG00000223336.1",5.58963238847939,2.77979262680778,0.46340500641838,5.9986245040652,6.13457508374117e-05,0.000462807123672495,"RNU2-6P"
"ENSG00000244675.2",13.1934537755726,2.44792193117882,0.377091205066937,6.49159115430521,6.15891581389992e-05,0.000464499237361167,"AC108676.1"
"ENSG00000170298.15",115.72899590197,-2.11873557759868,0.291402881401744,-7.27081203661017,6.17337684997953e-05,0.000465445415620548,"LGALS9B"
"ENSG00000182329.14",13.8482890758719,1.88737226893398,0.23115753988001,8.16487435328167,6.18134196334978e-05,0.000465901394880272,"KIAA2012"
"ENSG00000221500.1",11.4378850535068,1.78077584728796,0.203723250889799,8.74115173162659,6.3415586707019e-05,0.000477829071931957,"SNORD100"
"ENSG00000090530.10",475.84024221534,-1.7996064671165,0.208662096761973,-8.62450102363037,6.35363869688242e-05,0.000478590887582898,"P3H2"
"ENSG00000095596.12",6.23101103794495,2.69142859678728,0.441419809525587,6.09720845940257,6.36068102535448e-05,0.000478972881673734,"CYP26A1"
"ENSG00000211966.2",1512.11071785781,-2.25548216870503,0.327666026808914,-6.88347886007836,6.36586571672591e-05,0.000479214798378066,"IGHV5-51"
"ENSG00000146352.13",4.49565155737545,-2.75862374441787,0.459023452545951,-6.00976644900668,6.37525043739014e-05,0.00047977264053447,"CLVS2"
"ENSG00000223648.4",60.20068280563,-2.40604197053654,0.36705919735096,-6.55491535943187,6.39261942233288e-05,0.000480930811029997,"IGHV3-64"
"ENSG00000205667.3",10.7449202052127,2.0394856102976,0.271405962795401,7.51452027542618,6.40708881115004e-05,0.000481870189139418,"ARSH"
"ENSG00000246898.1",156.437568366085,1.8639213313106,0.225601212417125,8.2620182371374,6.42233508924903e-05,0.000482867396871137,"LINC00920"
"ENSG00000188015.10",59.1692503306523,1.87854339397664,0.229563421214443,8.18311290204126,6.48524606575233e-05,0.000487446580259145,"S100A3"
"ENSG00000141447.18",714.090016647361,-1.56073767189921,0.146557584588837,-10.649313553289,6.51060767676093e-05,0.000489201504469049,"OSBPL1A"
"ENSG00000211664.3",181.97674027083,-2.4196041415543,0.371151254476887,-6.51918621416104,6.54213824456948e-05,0.000491418730581262,"IGLV2-18"
"ENSG00000184350.11",4.92738148984642,-2.2477521135064,0.326231814035063,-6.89004571842529,6.54548834490644e-05,0.000491518438755335,"MRGPRE"
"ENSG00000164756.12",2.81018160843509,-2.52676696217954,0.399512563950563,-6.32462453043708,6.63012142816742e-05,0.000497719958926377,"SLC30A8"
"ENSG00000170858.10",3.8201316596379,-1.95740574821038,0.250551423745918,-7.81239124067148,6.64034009424584e-05,0.000498333120105541,"LILRP2"
"ENSG00000211937.3",656.0890905521,-2.2957949371977,0.339185760310448,-6.76854752126508,6.6641875729973e-05,0.000499968379202947,"IGHV2-5"
"ENSG00000226948.2",26.6729716044587,2.10912792505948,0.290757261872195,7.25391314899151,6.8196838092548e-05,0.00051147628569411,"RPS4XP2"
"ENSG00000170561.13",188.971352579628,2.6002577377026,0.419781354139314,6.19431452126777,6.88894172684366e-05,0.000516511212472388,"IRX2"
"ENSG00000124743.6",56.5779626730279,1.69052706076751,0.181168641313793,9.33123441511841,6.90587331416566e-05,0.000517620979439314,"KLHL31"
"ENSG00000095203.14",3627.07532821258,-1.42943460184957,0.112693714392269,-12.6842442771381,6.93051728445698e-05,0.000519307955634612,"EPB41L4B"
"ENSG00000070759.17",199.244121509638,-1.35046809856703,0.0919857208694394,-14.6812797225759,6.94757516657867e-05,0.000520425636707342,"TESK2"
"ENSG00000130294.17",80.6313731668712,-2.48123899319774,0.388836854972293,-6.38118265146072,6.96494077369925e-05,0.000521565672730021,"KIF1A"
"ENSG00000254154.8",25.1752854405012,1.99992297510972,0.262500704518673,7.61873374312203,6.97028940954127e-05,0.000521805399420372,"CRYZL2P-SEC16B"
"ENSG00000133067.17",901.379946519364,2.01410730225402,0.26639317786423,7.56065646426025,7.03863777917277e-05,0.00052675977220172,"LGR6"
"ENSG00000162591.16",858.388055344463,1.75788495886953,0.199157539652218,8.82660511843674,7.0772012062278e-05,0.00052948272571224,"MEGF6"
"ENSG00000171115.4",245.065137813768,-1.60510687783896,0.159081425597127,-10.089844693144,7.12593712921016e-05,0.000532964826838433,"GIMAP8"
"ENSG00000272259.5",3.54511328221923,2.86865741375543,0.491357326348685,5.83823067231468,7.14621989593499e-05,0.000534317364526831,"LINC01749"
"ENSG00000188373.5",3087.36217273277,-2.05688468488908,0.277935953083297,-7.40057075045858,7.15870731058064e-05,0.000534921856233424,"C10orf99"
"ENSG00000243538.1",11.283451332895,2.20300971158573,0.316357217225835,6.96367774032193,7.15655338813793e-05,0.000534921856233424,"RPS26P28"
"ENSG00000086159.13",15.7531366273814,2.02574845871907,0.2697751361793,7.50902580352217,7.16983127490391e-05,0.000535588379895989,"AQP6"
"ENSG00000215440.12",325.538207252062,1.5762452106922,0.151652653800689,10.3937858731031,7.24152088153337e-05,0.000540777373759253,"NPEPL1"
"ENSG00000204316.13",71.7562025073389,1.68321348627202,0.179852250531988,9.35886807806528,7.27142540379774e-05,0.000542843739822689,"MRPL38"
"ENSG00000134198.10",347.595502469034,-1.83421377589157,0.219638039191566,-8.35107517187307,7.28959954917533e-05,0.000544033381587717,"TSPAN2"
"ENSG00000168280.18",73.5183997715617,-1.86892383740361,0.228856555628104,-8.16635482551197,7.32863396677631e-05,0.000546778647198847,"KIF5C"
"ENSG00000156006.5",205.420796956259,-1.80554830773135,0.212472329416995,-8.4978044561643,7.4927610135499e-05,0.000558852340789633,"NAT2"
"ENSG00000271959.1",8.34748320000823,2.12713064105455,0.297303905656602,7.15473493816619,7.49686296408989e-05,0.00055898671379989,"AC100803.4"
"ENSG00000134070.5",449.840100620321,1.57409034671031,0.151437851997129,10.3942992187988,7.50420257153477e-05,0.00055936233892115,"IRAK2"
"ENSG00000083807.10",350.256556727854,1.75462440778624,0.199079353710384,8.81369351007046,7.51507059804941e-05,0.000560000660940204,"SLC27A5"
"ENSG00000184575.12",3775.6107208042,1.34244570785031,0.0903464085051295,14.8588718695341,7.52135622204029e-05,0.000560297229293621,"XPOT"
"ENSG00000147223.6",3.85125280724895,2.30661790247793,0.344790154850999,6.68991811403298,7.54440332734571e-05,0.000561841865934725,"RIPPLY1"
"ENSG00000141431.12",49.3128965353985,-2.05515350719768,0.278624266307612,-7.37607507929233,7.62347957382012e-05,0.000567383012691666,"ASXL3"
"ENSG00000246379.8",4.35906269526737,-2.18090900997875,0.311825705622873,-6.99400007969957,7.62139025989819e-05,0.000567383012691666,"AC040168.1"
"ENSG00000066382.16",19.1781234909262,-1.90292681789402,0.238446722213457,-7.9805115382988,7.6329822175541e-05,0.000567916313186053,"MPPED2"
"ENSG00000233571.1",1.92772529368275,3.74714191250348,0.725818132102017,5.16264577415765,7.6888268842959e-05,0.000571896214534406,"AL592043.1"
"ENSG00000171101.13",13.0291707367312,-1.85645508394612,0.226481628419233,-8.19693454565637,7.79226412682659e-05,0.000579412540642246,"SIGLEC17P"
"ENSG00000265293.2",6.17870083373698,2.52805103746726,0.404331952959964,6.25241467799003,7.86667282363853e-05,0.00058476644115759,"ARGFXP2"
"ENSG00000266200.6",123.579401095445,-2.34717792600645,0.356523503530222,-6.58351525990622,7.88400848766296e-05,0.000585875860092385,"PNLIPRP2"
"ENSG00000118972.3",3.4721991204079,3.48013468869025,0.656842733873028,5.29827690742635,7.97338830104817e-05,0.000592336703501897,"FGF23"
"ENSG00000079739.17",2430.22765665412,-1.45384276309265,0.120201352612455,-12.0950615903635,7.97834210156721e-05,0.000592523572946464,"PGM1"
"ENSG00000259370.2",33.9526678225328,-1.96593232406574,0.25615261837658,-7.67484766123117,8.13217618836763e-05,0.000603763768338935,"AC103740.1"
"ENSG00000188365.3",8.43275940404433,2.02606019569378,0.272130877267835,7.44516835441537,8.14715303464148e-05,0.00060469095522843,"AC092171.1"
"ENSG00000185838.14",333.159202334383,1.53616249787103,0.142267258891134,10.7977233120555,8.20502648363493e-05,0.000608800438327721,"GNB1L"
"ENSG00000197989.14",441.059781503149,1.42802814821295,0.113579941393054,12.5728903422403,8.21095484899967e-05,0.000609054343195031,"SNHG12"
"ENSG00000189067.13",5512.98238299674,-1.31110884563565,0.0826108936646879,-15.8708953199,8.29570886263438e-05,0.000615153266286284,"LITAF"
"ENSG00000163694.15",5495.57076063264,-1.31555839153271,0.0838253123210255,-15.6940470021098,8.34492879237793e-05,0.000618614306451445,"RBM47"
"ENSG00000224635.2",23.8550093084757,1.89916530562716,0.238990985672446,7.94659807056533,8.41655535561881e-05,0.000623733745475868,"AL391095.1"
"ENSG00000231240.1",4.84454607795002,3.6425608387511,0.702418341099403,5.18574277694669,8.42497987360415e-05,0.000624167716245673,"KLF2P1"
"ENSG00000236603.2",23.9569246490243,1.86051838949426,0.228805319202551,8.13144727569565,8.46449502585935e-05,0.000626904081464133,"RANP1"
"ENSG00000164825.4",121.073990279922,-2.08992778905621,0.289815654877992,-7.21123153245822,8.46981708869362e-05,0.000627107115342032,"DEFB1"
"ENSG00000259347.7",15.0431071760513,-1.68972422475494,0.183571388536425,-9.20472541078839,8.58942570454317e-05,0.000635769249529086,"AC087482.1"
"ENSG00000121904.17",71.198832998836,1.94425767615102,0.251590938888685,7.72785254007595,8.7314330560833e-05,0.000646083505672425,"CSMD2"
"ENSG00000231519.1",4.93606847561933,2.25873351804761,0.335616111015388,6.73011051589251,8.82356016221072e-05,0.000652701710629287,"AC007285.1"
"ENSG00000241294.1",335.0893917218,-2.31291636757699,0.350134834973649,-6.60578764678201,8.85072191266491e-05,0.000654511693480698,"IGKV2-24"
"ENSG00000166851.15",2003.25697366334,1.48437308553894,0.129211074088016,11.4879711047663,8.88780616185931e-05,0.00065671468486913,"PLK1"
"ENSG00000198354.7",3.32834369461425,-2.42283559907053,0.379549603296122,-6.38344916719685,8.88599755190469e-05,0.00065671468486913,"DCAF12L2"
"ENSG00000223549.1",5.1668610131967,2.2340608750949,0.329199355995371,6.78634643236152,8.88861974705583e-05,0.00065671468486913,"MTND5P28"
"ENSG00000162493.16",893.959550268508,1.65173590022788,0.173888205478833,9.49883803607907,8.91191902920482e-05,0.000658235964771055,"PDPN"
"ENSG00000151846.8",77.7036006820821,1.82974677543695,0.221418921178894,8.26373268235111,8.93360882054915e-05,0.00065963747900135,"PABPC3"
"ENSG00000196664.5",79.78128570693,-1.78964125347136,0.210721765247296,-8.49291126320576,8.93680728262302e-05,0.000659673198565429,"TLR7"
"ENSG00000254397.1",5.88413949875103,2.3950840056364,0.372313059438719,6.43298413772301,8.94552142005176e-05,0.000660115914082167,"AC132192.1"
"ENSG00000266648.1",5.09783068125779,2.15616375537402,0.308633186693197,6.98616949938503,8.98106541531703e-05,0.000662537612605355,"SETP3"
"ENSG00000100433.16",67.7415323209356,-1.86797311169002,0.231752384567328,-8.06021096687934,9.01032521412777e-05,0.000664494393636737,"KCNK10"
"ENSG00000222345.1",8.33237017969157,1.8533230063937,0.227846031266022,8.13410264859893,9.01344369945535e-05,0.000664522699929506,"SNORD19C"
"ENSG00000160593.19",320.267395597699,-1.63496420425856,0.169564019308801,-9.64216471703852,9.03093496011723e-05,0.000665610310982253,"JAML"
"ENSG00000169583.13",240.669372327537,1.9373972733698,0.250345675298266,7.73888852308533,9.04084795501236e-05,0.000666138888134628,"CLIC3"
"ENSG00000211897.9",5904.5006746193,2.21162584576065,0.323627807527235,6.8338560356082,9.05976905984252e-05,0.000667330670367303,"IGHG3"
"ENSG00000110090.13",5200.32843111307,-1.34445180236978,0.0920218193592743,-14.6101415048178,9.0862540660397e-05,0.000669078708499287,"CPT1A"
"ENSG00000101361.17",4975.54791811603,1.37219570825949,0.0994614529388364,13.7962564160742,9.12407617448913e-05,0.000671660257619163,"NOP56"
"ENSG00000227437.1",5.71469600610279,2.50344967180733,0.401791930883996,6.23071166785109,9.13311680850001e-05,0.000672122163678226,"RPS8P4"
"ENSG00000223559.1",7.23977098707048,1.7151272225646,0.191157233982774,8.9723375193803,9.1629479941323e-05,0.000674113340167771,"AC073136.1"
"ENSG00000080644.16",90.1107559091742,-1.97933856511642,0.261791622485926,-7.56074066206159,9.16780520635263e-05,0.000674228456626473,"CHRNA3"
"ENSG00000137573.14",6701.25171053865,1.85090907216513,0.227464288431517,8.13714137251215,9.17006193066046e-05,0.000674228456626473,"SULF1"
"ENSG00000164106.8",21.8214888097914,-2.47818019204534,0.395548823002928,-6.26516891955712,9.31011356084305e-05,0.000684318691858699,"SCRG1"
"ENSG00000100678.19",7.79317440025002,-1.94398171408909,0.252654022956136,-7.69424405494857,9.33879005056634e-05,0.000686082137825299,"SLC8A3"
"ENSG00000250284.3",5.5385759375554,5.46643723522015,1.1954102661986,4.57285451680402,9.3397519009304e-05,0.000686082137825299,"AC109439.1"
"ENSG00000211632.4",72.496796424864,-2.20877446937384,0.3236700909738,-6.82415376326085,9.40113330771576e-05,0.00069038240972346,"IGKV3D-11"
"ENSG00000182601.7",7.60053971584528,3.01018536279986,0.538440615304653,5.59056147927599,9.44762003248905e-05,0.000693586606614755,"HS3ST4"
"ENSG00000145703.16",1757.70048182691,-1.64041034695557,0.171589963920229,-9.56005997948795,9.49023321360873e-05,0.000696504581971284,"IQGAP2"
"ENSG00000221944.9",180.983594265248,1.43638693897887,0.116940001352545,12.2831103332085,9.50897105062064e-05,0.000697669071648797,"TIGD1"
"ENSG00000213763.4",131.05988848335,2.06136702996301,0.284456174821523,7.24669461387641,9.52794074316696e-05,0.000698849864349403,"ACTBP2"
"ENSG00000280587.1",37.1324892342557,1.9020299197845,0.241842449448293,7.86474799657192,9.58065518513188e-05,0.000702504287865735,"LINC01348"
"ENSG00000288029.1",4.8855005956972,2.45273894424289,0.389604414555477,6.29545983723354,9.62145171962282e-05,0.000705282886234795,"AC115282.2"
"ENSG00000272843.1",5.78745111415798,2.27973626379356,0.343275047528908,6.6411359643074,9.64950093045369e-05,0.000707125671320943,"AC211476.2"
"ENSG00000250971.3",24.3288184938514,2.85704681206027,0.4981757643225,5.73501767181658,9.66198971832751e-05,0.000707827404749347,"AC110772.2"
"ENSG00000215915.10",107.247520011268,1.91421495347624,0.24525742444481,7.8049215342184,9.66662857493669e-05,0.000707953810641838,"ATAD3C"
"ENSG00000213376.4",11.2498850912799,1.9768402372087,0.262128078915876,7.54150507410202,9.70492392081493e-05,0.000710544294292868,"GAPDHP71"
"ENSG00000132932.17",24.3858583544405,-1.74745922894243,0.200607494878963,-8.71083719976045,9.72794633302063e-05,0.000712015349073498,"ATP8A2"
"ENSG00000229647.2",4.73265781697773,2.08744181540539,0.291875745106865,7.15181665623196,9.73865078159033e-05,0.000712584203531,"MYOSLID"
"ENSG00000258274.1",20.3772953984622,-2.99182377280141,0.53463101152225,-5.59605355529755,9.74238035967128e-05,0.000712642512763432,"AC012085.2"
"ENSG00000279196.1",11.6105835568539,1.78546385087615,0.21090135684563,8.46587180651961,9.79217272904127e-05,0.000716069206487219,"AC135048.4"
"ENSG00000166250.12",443.585118704883,-1.79154628979133,0.212546449247498,-8.42896362717017,9.80028510656888e-05,0.000716446835408014,"CLMP"
"ENSG00000265982.1",26.8577501376044,1.86466857779432,0.232342707679668,8.02550937111893,9.90126703074349e-05,0.000723611395028772,"AC103810.3"
"ENSG00000287831.1",5.01709438890286,2.65126806486405,0.443728005513745,5.97498474723144,9.9079527367095e-05,0.000723882295556347,"AL135926.2"
"ENSG00000226777.7",78.4055780333352,-2.1063701234451,0.297477128258541,-7.08078007803821,9.99364397090821e-05,0.000729923500129455,"FAM30A"
"ENSG00000235563.1",4.8992250173107,2.43692503398591,0.386391208197136,6.30688530765586,0.00010007198253579,0.000730693862866492,"AL445183.2"
"ENSG00000174562.13",48.2708121523807,-1.98532998172218,0.265198273503983,-7.48621005518108,0.00010142261458505,0.000740333293606703,"KLK15"
"ENSG00000214814.7",231.713529314408,-2.29805038488815,0.349397334462198,-6.57718350492106,0.000101556676743497,0.000741089262722814,"FER1L6"
"ENSG00000248359.2",11.1005457693305,2.37074106665524,0.369080250867247,6.42337556963448,0.000102029515358959,0.000744316188298619,"AC010280.1"
"ENSG00000132874.15",25.5218643955,-2.60429952200835,0.432067245922206,-6.02753285880241,0.000102376745913426,0.000746625127759982,"SLC14A2"
"ENSG00000093134.15",17.5018024280503,2.16719320309834,0.314358138031648,6.89402608333352,0.000102432350211889,0.000746806513696042,"VNN3"
"ENSG00000231607.12",165.542235175048,1.77719274710804,0.209338888722086,8.4895489698878,0.000102568180703575,0.000747572522824496,"DLEU2"
"ENSG00000171346.16",272.356406734183,1.68747209137879,0.18526984121643,9.10818555410487,0.000103362656256203,0.000753137195509963,"KRT15"
"ENSG00000026508.20",10953.1584566069,1.35825662895564,0.0965601248500116,14.0664340592501,0.000103550949208974,0.000754282993338749,"CD44"
"ENSG00000176165.12",8.64085216619067,3.7990719781774,0.754478274445712,5.03536298771286,0.000103652740741482,0.00075479820198322,"FOXG1"
"ENSG00000231767.4",22.9756119146567,1.91077527034885,0.245512961585588,7.78278775185046,0.000103759440173818,0.000755348830504428,"RPS27AP5"
"ENSG00000110900.16",321.205626596757,-1.65755597933375,0.177328213230141,-9.34739006918501,0.000104397936491131,0.000759769349126826,"TSPAN11"
"ENSG00000203721.7",6.07731148710833,2.13557993037626,0.306264510475826,6.97299183329575,0.000104517155943037,0.000760236315165023,"LINC00862"
"ENSG00000243498.2",9.37993996936227,2.13750607413272,0.306785496154588,6.96742871134833,0.000104524671973923,0.000760236315165023,"UBA52P5"
"ENSG00000136573.14",39.6523451293583,-2.18901728081786,0.320701222027074,-6.82572167010034,0.000104635166059581,0.000760812248727654,"BLK"
"ENSG00000070193.5",52.8617233770615,-1.90396235316234,0.243917080729005,-7.80577705944942,0.000105269522865408,0.000765195754002215,"FGF10"
"ENSG00000267466.1",11.546447580637,-2.35971756067084,0.367034108007212,-6.42915061350231,0.000105858867513193,0.000769249545625176,"AC021683.1"
"ENSG00000144130.11",11.979978387337,2.0873573337057,0.293561627751633,7.11045700929178,0.000106105908227781,0.000770814221206304,"NT5DC4"
"ENSG00000184451.5",19.871543138188,-1.7878679265896,0.212880260783618,-8.39846738259531,0.000107379552382462,0.000779833569304786,"CCR10"
"ENSG00000128645.15",13.6346852993481,-2.03099563977936,0.278710289524305,-7.28712112942009,0.000108154527589206,0.000785227075117331,"HOXD1"
"ENSG00000233514.1",6.51666201708603,2.05595366130828,0.28553438182998,7.20037162646314,0.000108581251643455,0.000788089729670237,"AL356653.1"
"ENSG00000101049.17",822.413479235348,-1.71464474699321,0.193283363364996,-8.87114502325414,0.000108912065889869,0.000790254762951273,"SGK2"
"ENSG00000149090.12",202.07208371678,-1.64225381975066,0.173923736557813,-9.44237889694124,0.000110928713476332,0.000804647085813397,"PAMR1"
"ENSG00000255329.1",6.75933074042929,2.79615488955592,0.486841633439982,5.74345885293032,0.000112390540134625,0.00081500749784285,"H2AZP4"
"ENSG00000182782.8",82.5028995765437,2.28847821696128,0.349413020386897,6.54949324563608,0.000113211508828748,0.000820715890375469,"HCAR2"
"ENSG00000231549.1",8.72990356671816,2.47209133876828,0.399627486172527,6.18598926326362,0.000114954934329629,0.000833106145007454,"ATP5MDP1"
"ENSG00000287735.1",20.1954677302414,1.99336804305969,0.269797682231713,7.38838090294531,0.000115751182418697,0.000838626634697176,"AL355075.6"
"ENSG00000243680.1",16.7193277525363,1.89855639714694,0.244116877992395,7.77724347763485,0.000116231132274717,0.000841852910365311,"RPL37P23"
"ENSG00000226519.2",20.393102208753,-1.81539740828589,0.221570816790556,-8.19330557418098,0.000116582301858383,0.000844144795935254,"LINC00390"
"ENSG00000114859.16",980.930986038658,-1.5053008312966,0.137332164058271,-10.9610217068879,0.000116888775851467,0.000846111782302846,"CLCN2"
"ENSG00000182557.8",100.384727749706,1.63647330573014,0.173004237752636,9.45915156176695,0.000117099770573923,0.000847386666154354,"SPNS3"
"ENSG00000230216.1",20.2032079592135,2.16793178389981,0.317480786722756,6.82854482716456,0.000117190892435577,0.000847793595172526,"HSPB1P2"
"ENSG00000116741.8",805.882410602677,-1.6984073227363,0.189890855849278,-8.94412379753759,0.000117562264471577,0.000849974122778733,"RGS2"
"ENSG00000227173.1",8.5440219061723,2.75397563270735,0.476890578055612,5.77485855127589,0.000117561948098466,0.000849974122778733,"MYL6P3"
"ENSG00000146918.20",1438.40459624541,1.31620267357081,0.0859851557716969,15.307324406849,0.000117807073300693,0.00085149074396396,"NCAPG2"
"ENSG00000187714.7",4.11794806659219,-2.94566958026246,0.529142754466419,-5.56687123729556,0.000117986321107376,0.0008525327394913,"SLC18A3"
"ENSG00000242732.4",88.5140268422068,-1.68493668999433,0.186296739082485,-9.04437027879652,0.000118186337241425,0.000853724136434789,"RTL5"
"ENSG00000236683.3",5.42114801817411,1.83319727192781,0.22663737737106,8.08868022209076,0.000118299580974495,0.000854288207334389,"HMGA1P1"
"ENSG00000231884.1",7.29824202074461,2.69179418434316,0.460280950164039,5.84815466159055,0.000118660152638659,0.000856637465573206,"NDUFB1P1"
"ENSG00000211676.2",82.9896883008314,2.83778419730574,0.500256306614949,5.6726605137834,0.000119538617929283,0.00086272302218045,"IGLJ2"
"ENSG00000232176.1",30.4799246882093,2.00272960163615,0.272978571205521,7.33658174263186,0.000119723485099863,0.000863800679313146,"AL161909.1"
"ENSG00000084774.14",3437.19739901947,1.3644709083808,0.0992449410412107,13.7485185044769,0.000120123651247987,0.000866430610070074,"CAD"
"ENSG00000138356.14",125.899745785771,-1.87368978824003,0.238007289569542,-7.87240504956285,0.000120871144709615,0.000871563447015921,"AOX1"
"ENSG00000228444.2",11.7910472581114,1.91858824132831,0.250289131995466,7.66548761439256,0.000121223824300669,0.000873847205727162,"AL137244.1"
"ENSG00000157404.16",320.819761036844,-1.78271207427493,0.213294828015065,-8.35797140917555,0.000121453178059239,0.000875240873914443,"KIT"
"ENSG00000140525.19",1483.55471991724,1.3484622784381,0.095003838305256,14.1937662992664,0.000122286969217289,0.000880988245472908,"FANCI"
"ENSG00000134323.12",84.8818249205105,1.86749323437798,0.236719706243845,7.88904846161931,0.000123841871038465,0.000891661471476945,"MYCN"
"ENSG00000172554.12",3.62387895371887,-2.21182521852603,0.330679572320322,-6.68872650041862,0.000123838051090688,0.000891661471476945,"SNTG2"
"ENSG00000235703.6",110.888722780134,1.84725489650892,0.231309595912421,7.98607117539702,0.000124706950057631,0.000897624077725247,"LINC00894"
"ENSG00000112214.10",33.1533694437054,-1.70885726321623,0.193548225784536,-8.82910321853627,0.00012491592152563,0.000898861976035772,"FHL5"
"ENSG00000286138.1",7.82611008418381,1.76030520564015,0.207685755166975,8.47581098773436,0.000125692765446107,0.000904184191930254,"AC010336.7"
"ENSG00000281344.1",51.6417052783271,1.80764393760592,0.220627141050418,8.19320745851861,0.000125776553161464,0.000904519160054329,"HELLPAR"
"ENSG00000158786.5",39.6645869925415,2.56363005897456,0.427209539216162,6.00087269511416,0.000126057929879861,0.00090627446629604,"PLA2G2F"
"ENSG00000270748.1",3.0121678072869,-2.55672444220375,0.425380346779735,-6.01044326932115,0.000126301700336117,0.000907758449620719,"IGKV2OR2-1"
"ENSG00000275437.1",87.1390191310405,1.63255929885928,0.172884489376537,9.44306400618517,0.000126672253114576,0.000910152498723894,"AL121832.3"
"ENSG00000213290.4",17.0778746202946,1.98544857737606,0.269405387215785,7.36974341120275,0.00012716239256479,0.000913404120403311,"PGK1P2"
"ENSG00000165959.12",1908.49339356943,-1.3893113036228,0.106543426977522,-13.0398593609713,0.0001290854774942,0.000926943588389205,"CLMN"
"ENSG00000123999.5",6.3753177333303,2.47327526424588,0.403312352494466,6.13240643126548,0.000129628115240505,0.000930565199510864,"INHA"
"ENSG00000213889.10",74.9851230195854,1.62068258617276,0.169952733498908,9.53607837195023,0.000130057617540237,0.000933372742536256,"PPM1N"
"ENSG00000064651.14",18332.1047406773,1.50726506403458,0.138906074788923,10.8509657790343,0.000130175636802493,0.000933943895571472,"SLC12A2"
"ENSG00000134443.10",45.6613674818851,2.10751292062043,0.303304080407509,6.94851489564154,0.000130359778342214,0.000934988965087309,"GRP"
"ENSG00000176956.13",19.3555409658421,-1.98509800740776,0.269996525961075,-7.35230944302574,0.000131858142162643,0.00094545672899151,"LY6H"
"ENSG00000278196.3",678.010928859505,-2.20463862331462,0.330189465799859,-6.67688963963176,0.00013197758336008,0.000946034004616505,"IGLV2-8"
"ENSG00000234477.1",4.60294708520321,2.5138457141179,0.414991606839229,6.05758206356156,0.000132198936835802,0.000947341245977583,"AC004231.1"
"ENSG00000273760.1",3.01245892892032,3.20920033308571,0.605668610677681,5.29860764865286,0.000132381681888282,0.000948371129093533,"AC245041.1"
"ENSG00000254739.1",4.13651422033349,2.36015979842481,0.372925912085892,6.32876322598153,0.00013252302882994,0.000949103920002221,"AC137894.1"
"ENSG00000260641.1",19.2899918647335,1.90333884490236,0.247715957693894,7.6835536257795,0.000132829342709942,0.000951017391824278,"AC114811.2"
"ENSG00000225674.1",5.83151178117745,2.13115361435793,0.310225256367638,6.86969732674624,0.000133056273165329,0.000952361542832839,"IPO7P2"
"ENSG00000226580.1",19.2446132226049,1.98311033633989,0.269720689720298,7.35245908794165,0.000133737495736432,0.000956955579032773,"RPL39P40"
"ENSG00000011465.18",7234.72152011137,-1.74554548032953,0.20457300354954,-8.53262869509967,0.000134009110106685,0.00095861683120178,"DCN"
"ENSG00000257654.1",3.1355761003777,3.12100636440558,0.582077064282481,5.36184391366255,0.000134290642075509,0.000960348028968475,"AC125603.1"
"ENSG00000181617.6",79.5658688284555,-2.52569977155559,0.418739172035524,-6.03167780859375,0.000134448371618788,0.000961193124547382,"FDCSP"
"ENSG00000145220.14",1007.65714311609,1.35879632434707,0.0985059072134164,13.7940592882738,0.000135062442638527,0.000965299222387119,"LYAR"
"ENSG00000204767.4",17.5781602705602,2.35301799367141,0.37180323421651,6.32866467294146,0.000136812213002395,0.000977517428979186,"INSYN2B"
"ENSG00000168005.9",828.508780994693,1.4115223984396,0.113091531392051,12.4812387016524,0.000136932510620911,0.000978089361577939,"SPINDOC"
"ENSG00000224773.2",6.16709069612164,2.35520326220457,0.372439210436316,6.32372531196548,0.000136996455025194,0.000978258553368265,"HSPA8P7"
"ENSG00000258819.2",4.11203383168025,-1.77131597475156,0.212026965245361,-8.35420142292639,0.000137477633994161,0.000981406141615192,"LINC02289"
"ENSG00000211942.3",122.340681679798,-2.31200281320719,0.360671365946209,-6.41027547929049,0.000137558681442804,0.000981696316904593,"IGHV3-13"
"ENSG00000273763.2",29.5632769291922,1.8565541067152,0.235708290623858,7.87649047813036,0.000139552978176936,0.000995636338725647,"AC007318.1"
"ENSG00000263264.2",13.3056206853713,-1.82756399740986,0.22784070641646,-8.02123565254989,0.000140505241251961,0.00100213600305919,"AC119396.1"
"ENSG00000211934.3",933.368375447599,-2.25696590733254,0.346088474791846,-6.52135529416282,0.000140659770409586,0.00100294378549089,"IGHV1-2"
"ENSG00000180720.7",11.6616830259216,-2.04066337280582,0.286645372361923,-7.1191219868334,0.000141441421784371,0.00100822134038141,"CHRM4"
"ENSG00000188368.10",39.9683559622452,1.51227671586728,0.141115961251452,10.7165532690706,0.000141610359310178,0.0010091295399523,"PRR19"
"ENSG00000215007.3",5.31181866730234,2.16123832074351,0.320071506815756,6.75236087786968,0.000142779989381508,0.00101716615126668,"DNAJA1P3"
"ENSG00000213713.3",42.6446395929012,-1.39789276256827,0.109692100647889,-12.7437869665337,0.000143166846409262,0.00101962320273889,"PIGCP1"
"ENSG00000133937.5",4.6343925807975,2.21299528522019,0.334416351853265,6.61748527832516,0.000143255195653086,0.00101995348794902,"GSC"
"ENSG00000216740.2",8.81748748499919,2.23310955905546,0.340124680776501,6.56556164626834,0.000144221911235549,0.00102653557206322,"ANXA2P3"
"ENSG00000138435.16",41.0417145163386,-1.75760593654435,0.209009121787992,-8.40923076231655,0.000144620227068101,0.00102906925849337,"CHRNA1"
"ENSG00000112183.15",45.8029803600858,-1.88365289529517,0.243875457008615,-7.72383132931915,0.000145390356642944,0.00103424638946825,"RBM24"
"ENSG00000187840.5",2161.14448130731,1.50685588714612,0.139892725500167,10.7715099677883,0.00014550414783039,0.00103475293891674,"EIF4EBP1"
"ENSG00000131044.17",9.45112492876327,1.86865403020383,0.239793981449461,7.79274783674113,0.000145883948491008,0.00103715036522279,"TTLL9"
"ENSG00000199691.1",4.46505970108786,2.2927551171395,0.357072198716402,6.42098467867692,0.000147056563017912,0.00104518118787226,"RN7SKP173"
"ENSG00000273489.1",5.66367435365712,2.19449854507292,0.330045869035218,6.649071389646,0.000147763584340042,0.00104989915188977,"AC008264.2"
"ENSG00000232626.3",6.22267252139528,2.23614894445327,0.341666246764955,6.54483422236203,0.000148443420112107,0.00105442125364636,"AC099336.1"
"ENSG00000102313.9",7.50501608392615,2.59906201004064,0.442022905554036,5.87992607935769,0.000148673799350393,0.00105574907195048,"ITIH6"
"ENSG00000105131.8",31.0488058446145,1.95123468216826,0.263110982127761,7.41601382955876,0.000149978991549242,0.00106470625026193,"EPHX3"
"ENSG00000284946.1",63.8512680263562,1.61500802876651,0.170147842538733,9.49179257679313,0.000150434381604083,0.00106762718252898,"AC068831.6"
"ENSG00000262583.1",31.0113760565612,-1.88332974474424,0.244575690783554,-7.70039630149085,0.00015210843537938,0.00107919269480845,"TMEM231P1"
"ENSG00000166770.11",45.2656180433698,-1.64660639126148,0.179101365885404,-9.19371208098456,0.000152932292790444,0.00108472116602679,"ZNF667-AS1"
"ENSG00000158560.14",56.5146034789559,-1.99624642610378,0.275991805452611,-7.23299165650969,0.000153278225569181,0.00108685756677301,"DYNC1I1"
"ENSG00000211678.2",29.2846786741832,2.98683619337471,0.550447373526918,5.42619755679269,0.000153397755870629,0.00108738782603742,"IGLJ3"
"ENSG00000257497.2",43.5618552915232,1.6876823108186,0.190573692691631,8.8557989666992,0.000153995161160237,0.00109130429168672,"AC121761.1"
"ENSG00000163751.4",309.527709229322,-1.88352485393877,0.244955699169873,-7.68924691412293,0.000154952780123291,0.00109777042478017,"CPA3"
"ENSG00000236953.1",7.60339404081066,1.98002196615137,0.27172531286527,7.28685136203384,0.000155079292447508,0.00109834648979144,"ZDHHC20-IT1"
"ENSG00000237061.1",3.72328926908042,2.89242949328849,0.524803878691925,5.51144839191714,0.00015549173629047,0.00110094673422448,"AC100823.1"
"ENSG00000242258.1",27.8791381120864,-1.69866810429432,0.193778287312832,-8.7660394146844,0.000155774730470533,0.00110262917286162,"LINC00996"
"ENSG00000279555.1",9.37049541631776,2.43472320307198,0.398063780303329,6.11641481477338,0.000156525048500299,0.0011076175534529,"AC091181.1"
"ENSG00000274038.1",4.47709460517092,2.27943686771262,0.355136477830117,6.41848137268234,0.000157487191894509,0.0011141015321795,"AC007014.2"
"ENSG00000100095.19",13.5527578294728,-2.29548726429882,0.359683527226725,-6.38196383914981,0.000158045996990287,0.00111772925694528,"SEZ6L"
"ENSG00000273951.1",6.93643056509499,2.05951476421043,0.29418398360637,7.00077121454084,0.000158170151565312,0.00111828183969656,"AL031667.3"
"ENSG00000185585.20",596.213362351703,-1.51864477671659,0.144044749573307,-10.5428679713433,0.000158753496490854,0.00112207968723902,"OLFML2A"
"ENSG00000153956.16",181.573173768935,-1.81505118880811,0.226431326644067,-8.01590140246466,0.000159383338240658,0.00112620387300028,"CACNA2D1"
"ENSG00000204366.4",279.076428639793,1.50588423077544,0.140549960107084,10.7142273795604,0.000159525418512049,0.00112688013658221,"ZBTB12"
"ENSG00000286472.1",3.99193581486401,2.13669210043694,0.315864024813674,6.76459467550114,0.000159921041866905,0.00112934650315774,"AL035252.5"
"ENSG00000234062.8",85.616101540361,1.55323674942325,0.15379516279732,10.0993862301781,0.000160811328517913,0.00113530368477202,"AL390879.1"
"ENSG00000026751.17",590.533171365115,-1.80351193527723,0.223452050372436,-8.07113621142098,0.000161634021558113,0.00114078034384611,"SLAMF7"
"ENSG00000287486.1",48.021146621927,2.4482429852357,0.402799142167935,6.07807398014513,0.000161917499777734,0.00114244925801363,"AC114291.1"
"ENSG00000226741.2",2.59483968727236,-2.4974303634725,0.416561648903725,-5.99534395459843,0.000162358532349848,0.00114522854458674,"LINC02554"
"ENSG00000139193.4",81.0616893355033,-1.74854746937702,0.208302184792059,-8.39428290741421,0.000163092028524678,0.00115006857026979,"CD27"
"ENSG00000230002.3",25.3375740924586,1.81291956973207,0.226236914397051,8.01336764410761,0.000163306734401736,0.00115124851928117,"ALMS1-IT1"
"ENSG00000116183.11",23.1282251802972,-2.17783416891223,0.327800316730619,-6.64378299152755,0.000163355138786691,0.00115125576349089,"PAPPA2"
"ENSG00000115590.14",479.00879345754,-1.8941563255285,0.248930967054444,-7.60916308622312,0.000164084306267435,0.00115605933380651,"IL1R2"
"ENSG00000050405.13",6025.60355641109,-1.43995236693205,0.122532641138226,-11.7515818932498,0.00016502770152764,0.00116223305084798,"LIMA1"
"ENSG00000169218.14",11.0902027992572,-2.05602408342778,0.294120575579838,-6.99041228031895,0.000165056224628658,0.00116223305084798,"RSPO1"
"ENSG00000148735.15",1154.8930558605,1.66265575837009,0.184602008056051,9.0067046175644,0.000165564014652332,0.00116547090268009,"PLEKHS1"
"ENSG00000112115.7",12.3279412863422,2.34875464878919,0.376110727692612,6.24484885926675,0.000167857563356557,0.00118127390372555,"IL17A"
"ENSG00000227908.3",5.94542314498216,-1.54775878302371,0.152754544372812,-10.1323256167507,0.000167974587857815,0.00118175520699042,"FLJ31104"
"ENSG00000280916.2",6.25112387258901,2.27077909118883,0.354417124101782,6.40708063117375,0.000168186506707138,0.00118290365064644,"FOXCUT"
"ENSG00000205037.2",3.14099946895883,-2.15792147497317,0.322955615962463,-6.68178959682185,0.000168288144965308,0.00118327601928733,"AC134312.1"
"ENSG00000267414.1",11.1853932346789,-1.6387829775939,0.178194729760673,-9.19658499325364,0.000168702723594472,0.00118584789798833,"SETBP1-DT"
"ENSG00000173208.4",22.5727494021837,-1.83820039838279,0.23386629047927,-7.86004855430729,0.000169120615582182,0.00118844157277242,"ABCD2"
"ENSG00000230479.1",8.15747111468879,1.88498592040643,0.24704496179019,7.63013302010712,0.000170299741870853,0.00119638153439194,"AP000695.1"
"ENSG00000070669.17",41.6990453835504,1.63202353875471,0.176435768461403,9.24995851457258,0.000170373660965795,0.00119655490215862,"ASNS"
"ENSG00000237307.2",6.2618159059546,2.27770121224866,0.356705893919747,6.38537588269037,0.000170522217794331,0.00119725220814858,"SRRM1P3"
"ENSG00000072952.19",817.218000917419,-1.64186192999419,0.179208076092856,-9.16176305103273,0.000170710676239626,0.00119822918331107,"IRAG1"
"ENSG00000211670.2",219.812494183625,-2.30854225673624,0.365475983701458,-6.31653613284203,0.00017154860191294,0.00120376292996952,"IGLV3-9"
"ENSG00000181026.15",1579.66104295525,1.35306111583514,0.0986473799942438,13.716138390235,0.000172441402110522,0.00120967842704552,"AEN"
"ENSG00000223886.3",8.11577149813709,1.76600727098586,0.214099116216179,8.24855002765491,0.000173238521357066,0.00121491950042618,"AC073073.1"
"ENSG00000143995.20",299.458309534566,-1.73265963892516,0.204887223449594,-8.45665049168583,0.000174501404838357,0.00122342300564688,"MEIS1"
"ENSG00000235695.1",6.36964303854626,2.6818592237014,0.470347444303648,5.70186838725552,0.000174592267571953,0.00122370698067449,"HIGD2AP2"
"ENSG00000268324.2",3.62823295779853,2.0796832091511,0.302021850857972,6.88587002312323,0.000175213495515696,0.00122770701875185,"LRRC2-AS1"
"ENSG00000140274.14",1028.92653824856,2.34027822271156,0.375018822013492,6.24042870740862,0.000175854416282583,0.00123184269693479,"DUOXA2"
"ENSG00000130558.20",187.419370151993,-1.78916724024937,0.220860595159864,-8.10088933679785,0.000176358715994009,0.00123466343954319,"OLFM1"
"ENSG00000146733.14",864.413214017004,1.4115879876799,0.115188554070495,12.2545855277948,0.000176344558342973,0.00123466343954319,"PSPH"
"ENSG00000228401.5",3.33581291451341,-1.64659122328212,0.181004094126168,-9.09698330986024,0.000176966082860115,0.00123855870204516,"AL590226.1"
"ENSG00000188322.8",235.596385303065,1.86393812211757,0.24187352769529,7.70625103076901,0.000177228161803177,0.00124003579954425,"SBK1"
"ENSG00000124787.14",252.212191356603,1.37821868873908,0.10589625115624,13.0148015032718,0.000177405827353065,0.00124092159029346,"RPP40"
"ENSG00000228834.1",12.7218858800104,2.20831488271946,0.338365230365005,6.52642377095685,0.00017778507603438,0.00124321650291667,"ATP5MFP2"
"ENSG00000259020.3",33.1058006390295,1.71477307510571,0.200196827904495,8.56543579163878,0.000178251155597071,0.00124611711191278,"AL049872.1"
"ENSG00000203814.6",32.8594811469418,1.99580938622912,0.279066418403587,7.15173612664056,0.00017961150014089,0.00125466033723025,"H2BC18"
"ENSG00000214121.4",8.24598294075227,2.06345663989471,0.298025964000649,6.92374789161058,0.000179628119885764,0.00125466033723025,"PRDX1P1"
"ENSG00000239857.7",73.1364427345445,1.70648247873624,0.197978247587774,8.61954532646155,0.000179525454007531,0.00125466033723025,"GET4"
"ENSG00000186704.9",5.85608031853759,2.10549177125711,0.309919348135668,6.79367643202264,0.000180524726844539,0.00126056059262135,"DTX2P1"
"ENSG00000184524.6",15.2106127654323,-1.94944193870873,0.266247335266467,-7.32192093775389,0.000181225453954558,0.00126509006926049,"CEND1"
"ENSG00000140511.12",569.276990462261,1.68402468999682,0.191900488715461,8.77551016815699,0.0001822918906736,0.00127216913939359,"HAPLN3"
"ENSG00000117724.13",2367.21112708426,1.46333857998011,0.129995971447397,11.2567994506834,0.000182446676297469,0.00127288378812188,"CENPF"
"ENSG00000182487.12",25.1814263814672,-1.78412745673617,0.220099753224487,-8.10599480734756,0.00018359974025202,0.00128056076008154,"NCF1B"
"ENSG00000061337.15",185.051737377088,1.59400180712894,0.166758336001464,9.55875337539316,0.000183983978456683,0.00128287250401647,"LZTS1"
"ENSG00000279281.1",8.2609388655421,2.72180515188526,0.483438061283853,5.63010108194013,0.000184312228632485,0.00128479264365157,"AC015883.1"
"ENSG00000110104.13",876.113448006095,1.35776356216579,0.100489290591652,13.5115250010391,0.000185275062224259,0.00129113392946644,"CCDC86"
"ENSG00000103494.15",327.771392485819,1.33363159085855,0.0937415684081442,14.2266831407387,0.000186094335643702,0.00129647143238015,"RPGRIP1L"
"ENSG00000212939.2",4.92268837138768,2.64589520304337,0.462576510755386,5.71990825630691,0.000186770910505432,0.00130043929091175,"Z97192.1"
"ENSG00000279691.1",3.2885621687335,2.05397761336826,0.296214258444067,6.93409434156628,0.000186731174309707,0.00130043929091175,"AC113410.3"
"ENSG00000285849.1",4.33162774098668,2.40665088309322,0.395395689082303,6.08668973776361,0.000187145208732561,0.00130267217765718,"AL021918.4"
"ENSG00000287394.1",5.77751081651248,5.45893724970181,1.2535568392147,4.35475845923475,0.000187665352685962,0.00130591869137138,"AC244102.4"
"ENSG00000150594.7",573.043717914299,-1.85233920727964,0.239643796429083,-7.72955208889706,0.000187776914431694,0.00130632093349274,"ADRA2A"
"ENSG00000117682.17",1354.41025048122,-1.25762409420085,0.0724422570643717,-17.3603659682129,0.00018808004534528,0.00130805526671159,"DHDDS"
"ENSG00000174697.5",10.8384229405761,-2.59978673565112,0.449932379908416,-5.77817212484309,0.000188547311900225,0.00131092980806165,"LEP"
"ENSG00000269967.1",5.69781231867442,2.37211732717593,0.38609247523918,6.14390976075469,0.0001898130066551,0.00131935242040015,"AL136115.2"
"ENSG00000068831.19",129.974261017771,-1.63921723936751,0.179927875698274,-9.11041289742317,0.000190699972103063,0.00132513849645537,"RASGRP2"
"ENSG00000197753.11",128.469969932402,1.72176862848527,0.20340120440495,8.46488905275807,0.000193717971366052,0.00134534058422265,"LHFPL5"
"ENSG00000267213.4",16.6422117084922,1.66876252841643,0.188461436956664,8.85466308314392,0.000193688213939573,0.00134534058422265,"AC007773.1"
"ENSG00000278987.1",14.8475871568501,1.913562501556,0.257487885438125,7.43166032180504,0.000194097034899253,0.00134758798515767,"AL031009.1"
"ENSG00000229261.1",14.6636206355588,-1.95396924189875,0.268918708839401,-7.26602195262534,0.000194507447510214,0.00135005169223028,"AL596223.1"
"ENSG00000134061.5",123.652146449128,-1.68995972837639,0.194565609779951,-8.68580901983496,0.000195448417196955,0.00135619547055568,"CD180"
"ENSG00000231831.1",13.0967190065676,2.10391101377806,0.311327081657623,6.75787985605379,0.000195693815616178,0.00135751062502801,"MTHFD1P1"
"ENSG00000184012.13",7539.95235869512,-1.43169416643448,0.121756510510763,-11.7586662136471,0.000195895062767498,0.00135851884282255,"TMPRSS2"
"ENSG00000185737.13",3.01539870391879,-2.00250967642373,0.282766086284445,-7.08185943631633,0.000196033064729096,0.00135908800939145,"NRG3"
"ENSG00000164588.8",38.718713029265,2.26657876668658,0.357356664304699,6.34262347141787,0.000196829479253419,0.00136422029260071,"HCN1"
"ENSG00000183454.18",11.3142490130981,-2.28251782647813,0.361941454610849,-6.30631776880115,0.000197471586780132,0.0013682802394146,"GRIN2A"
"ENSG00000230481.2",6.00263747046767,-2.27759199968257,0.36055897444899,-6.31683624894711,0.000197527863368989,0.0013682802394146,"IGKV1OR22-5"
"ENSG00000232043.1",28.3211393607901,2.06862403049144,0.301784472015315,6.85464038847719,0.00019929373580906,0.00138011905960677,"AL133230.1"
"ENSG00000274840.4",5.65008370842745,3.2541920793238,0.636666952859618,5.11129416205357,0.000199598398634972,0.00138183506747288,"AC132807.2"
"ENSG00000204791.10",10.0118805638141,1.80592475492091,0.227666482482118,7.93232598506352,0.000200112112442991,0.00138499696165328,"SMPD5"
"ENSG00000116176.6",241.404298481531,-2.0969859610668,0.310070124943403,-6.76294100068353,0.000201688813270847,0.00139551200526241,"TPSG1"
"ENSG00000186160.5",4.15898878348727,2.53227299594422,0.433308032169085,5.84404813192126,0.000202947433779536,0.00140382084851771,"CYP4Z1"
"ENSG00000147509.14",8.30787835736344,2.16754343846552,0.330397575078651,6.56040964571105,0.00020485184318007,0.00141659071977111,"RGS20"
"ENSG00000146677.7",177.960211187257,1.78032323082478,0.220900892533503,8.05937545297499,0.000205857437171315,0.00142313960832516,"AC004453.1"
"ENSG00000232871.8",7.79944384601126,-1.68446835331765,0.193783709245812,-8.69251785856224,0.000206116943308784,0.00142452836245832,"SEC1P"
"ENSG00000225591.2",9.46557083269709,2.12957716733615,0.319854562360825,6.6579546391894,0.000206578603190254,0.0014273130672514,"BX248409.1"
"ENSG00000160181.9",224.871693498943,2.3578100153765,0.384493418695694,6.13225064651257,0.000206662828817107,0.00142748912457524,"TFF2"
"ENSG00000213058.3",483.901026106574,2.66540302123154,0.471891159754868,5.64834277170212,0.000208401085616295,0.00143908678047058,"AL365357.1"
"ENSG00000205794.4",6.76264059287789,2.34819562809728,0.382129600942504,6.14502415490862,0.000209268347098331,0.00144466500979814,"AC098591.2"
"ENSG00000239961.3",7.26525410418532,-1.94606027761846,0.268196322576243,-7.25610351001452,0.000209758528478584,0.00144763767169259,"LILRA4"
"ENSG00000178896.9",1075.08387054243,1.57723877019245,0.163700579457791,9.63490034926313,0.000210795000269512,0.00145437777017295,"EXOSC4"
"ENSG00000268505.1",8.53976277733138,-1.8196833566836,0.232719966808563,-7.8191973883379,0.000214000661726444,0.00147607609422441,"AC135012.3"
"ENSG00000207554.1",27.0671801190103,1.70972061100064,0.201520639875048,8.48409677569871,0.000214292746535041,0.00147767132258839,"MIR647"
"ENSG00000149557.14",173.764969155456,-1.5452015368049,0.154824889701993,-9.98031737519145,0.000214631153161753,0.00147916534935638,"FEZ1"
"ENSG00000255507.6",4.30006877731586,1.80613348190088,0.228920895557719,7.88977116964619,0.00021459681952851,0.00147916534935638,"UVRAG-DT"
"ENSG00000156076.10",101.510125761409,2.87207948882404,0.531885906627127,5.39980370421336,0.00021601656919356,0.00148829107780082,"WIF1"
"ENSG00000276409.5",14.0866200734646,-1.64994304241522,0.184665006838689,-8.93478992398656,0.000216116311902825,0.00148855622994293,"CCL14"
"ENSG00000234814.8",19.069109830381,-1.60142876687088,0.170900063492285,-9.37055688655833,0.000216438197189858,0.0014903508619194,"SVIL2P"
"ENSG00000113763.12",31.1390110014197,2.11983775391954,0.318237056234559,6.66119080851823,0.000216687004775039,0.00149164142097265,"UNC5A"
"ENSG00000204387.14",716.353204623766,1.55347062457397,0.157342800090536,9.87315990105739,0.000217725823233845,0.00149836802735272,"SNHG32"
"ENSG00000133169.6",19.1808657691941,-2.35056314628302,0.384042794605293,-6.12057609022156,0.00021847398766172,0.00150283637573171,"BEX1"
"ENSG00000227487.4",3.06874494492265,-2.15451621595098,0.328298189194872,-6.56268077882116,0.000218498803105355,0.00150283637573171,"NCAM1-AS1"
"ENSG00000262712.1",25.1031407804459,1.54651050814719,0.155409075091295,9.95122393746117,0.000218561521763352,0.00150284238224376,"AC012676.1"
"ENSG00000158806.14",76.7643555585544,1.70116945364317,0.199458499366878,8.52893939863698,0.000219574876270464,0.00150938316644194,"NPM2"
"ENSG00000113580.15",587.698584940762,-1.6408067436371,0.182292353428384,-9.00096308363103,0.000219653995038557,0.00150950002246519,"NR3C1"
"ENSG00000198515.16",121.413703054557,-1.7074466262465,0.201354049166811,-8.47982264728124,0.000221166960166626,0.00151915835660505,"CNGA1"
"ENSG00000287839.1",49.2018552484285,1.84314352805298,0.23997764997032,7.68047994586554,0.000221184455377312,0.00151915835660505,"AL353807.5"
"ENSG00000130595.19",4.85152994617272,-2.21830894048146,0.346949772366003,-6.3937466376007,0.000222805258699175,0.00152985809166147,"TNNT3"
"ENSG00000273821.1",7.39091934015139,1.74826126127239,0.213098802989464,8.20399381294895,0.000222931169336098,0.00153029023018847,"AL096828.3"
"ENSG00000135124.15",1527.27207078659,-1.38711190456405,0.110251104583725,-12.5813878219303,0.000223057824260507,0.00153072723228758,"P2RX4"
"ENSG00000240311.1",4.95409221879384,2.45398185599537,0.41428011139448,5.92348459049891,0.000224340987483081,0.00153909824840172,"AC004224.1"
"ENSG00000166402.9",73.0594997997241,-1.78508634319269,0.223714833812711,-7.97929360682057,0.000224629271808159,0.00154064106828627,"TUB"
"ENSG00000211672.2",7.3013043837904,-2.46990155122089,0.418951912000516,-5.89542971513602,0.000225302890023376,0.00154482512064561,"IGLV4-3"
"ENSG00000124942.14",18978.5134202675,-1.55049208156951,0.156934368567136,-9.87987587248114,0.000225926722760918,0.00154822881079817,"AHNAK"
"ENSG00000219023.1",26.5584394825005,1.90870796453567,0.259054240133907,7.36798580694549,0.000225922488021626,0.00154822881079817,"AL033519.3"
"ENSG00000243955.6",64.9368625457639,-2.18648777723743,0.338296942161541,-6.463220634709,0.000226392277806159,0.00155098177352401,"GSTA1"
"ENSG00000227372.12",126.528295065693,-1.60182111857876,0.171641466835455,-9.33236675327623,0.000227218026772447,0.0015562001269928,"TP73-AS1"
"ENSG00000134193.15",21512.5478081003,2.47437395207028,0.420900769480241,5.87875844257974,0.000230109775891819,0.00157556144101752,"REG4"
"ENSG00000100739.11",49.2683661197262,-1.58331712691986,0.166567415041714,-9.50556341721064,0.000230900009669199,0.00158052682674973,"BDKRB1"
"ENSG00000157890.17",40.3827030832484,2.08915714090663,0.311031483264863,6.71686711254109,0.000231099178489334,0.00158144467397657,"MEGF11"
"ENSG00000160111.14",51.055502302589,-1.58668421546768,0.167563876206745,-9.46913052733385,0.000231534418044927,0.00158397701534114,"CPAMD8"
"ENSG00000214711.10",19.1162679147013,2.21720103212385,0.347669538365147,6.37732325515154,0.000231732964201326,0.00158488911626575,"CAPN14"
"ENSG00000114767.7",1582.50048695782,1.4018061776843,0.114781201164563,12.2128550970164,0.000232082463002748,0.00158683282244423,"RRP9"
"ENSG00000124466.9",135.166283436024,1.79866928014418,0.228183028435339,7.88257256675807,0.000232519414540702,0.00158937321331619,"LYPD3"
"ENSG00000232555.2",3.61831368997041,2.12180963603157,0.320515524256877,6.61999022028975,0.000232614645810463,0.00158957702283303,"AC104088.1"
"ENSG00000074370.18",5009.8383246865,-1.65847966168806,0.188176023048219,-8.81344835980026,0.00023326253719306,0.00159355627039397,"ATP2A3"
"ENSG00000163689.20",123.871602384033,1.83557457092378,0.238894287901972,7.6836268754864,0.000234666370014768,0.00160269611898788,"CFAP20DC"
"ENSG00000140832.10",1167.53864860166,-1.31750895258372,0.0908001617003452,-14.5099846510373,0.000235447588968345,0.00160757977295049,"MARVELD3"
"ENSG00000088827.12",317.546781401471,-1.78880567748451,0.225616911649198,-7.92850883565787,0.00023595239999885,0.00161057396628429,"SIGLEC1"
"ENSG00000266278.1",2.61316249574288,2.55743135259344,0.445684727560685,5.73820728969273,0.000237503107744249,0.00162070359960271,"LINC01910"
"ENSG00000131747.15",5560.20760625308,1.41293414130947,0.118285885134107,11.9450781444257,0.000240622468628332,0.00164152891287717,"TOP2A"
"ENSG00000166257.9",27.4540884291918,-1.87905630712153,0.251817367372871,-7.46198058825378,0.000240744499580165,0.00164190046022958,"SCN3B"
"ENSG00000173612.10",5.11667958766619,2.91086591718513,0.547577209413314,5.31590041942011,0.000241805110469851,0.00164867120774898,"GPRC6A"
"ENSG00000112425.16",153.344569723712,-1.42584071558947,0.122138453892274,-11.6739705649709,0.000244655273548117,0.00166693996583421,"EPM2A"
"ENSG00000173705.9",32.0185972927119,-1.88162019911308,0.252866641167971,-7.4411562965444,0.000244690323379861,0.00166693996583421,"SUSD5"
"ENSG00000211976.2",265.528499825134,-2.20406658293235,0.345341813038552,-6.38227547234862,0.000244607004826575,0.00166693996583421,"IGHV3-73"
"ENSG00000127990.19",258.391539311139,-1.64041854020382,0.183694189734778,-8.9301601894556,0.00024484837899354,0.00166708198642281,"SGCE"
"ENSG00000183150.8",35.6602599567994,1.4988386725749,0.143082365260035,10.475355714528,0.000244807764422607,0.00166708198642281,"GPR19"
"ENSG00000231721.7",238.577765713403,1.86313404305326,0.247650731517764,7.52323254461947,0.000245804098983434,0.00167312033761833,"LINC-PINT"
"ENSG00000237054.9",5.07602741121757,1.98627922756063,0.282995446589439,7.01876744484254,0.000245938256735179,0.00167356472659335,"PRMT5-AS1"
"ENSG00000249413.2",3.23145876098884,2.62505178283114,0.466295904675948,5.6295836109807,0.00024604770515928,0.00167384077138032,"AC116049.1"
"ENSG00000167779.9",427.522370509877,-1.80339525742746,0.230682564398922,-7.81764873355938,0.000248203835061047,0.00168803615784591,"IGFBP6"
"ENSG00000183562.3",9.12015384534439,2.20757183245186,0.346883412726653,6.36401670261314,0.000249582824621342,0.00169693974210929,"AC131971.1"
"ENSG00000272168.8",164.267197119695,1.81754005807405,0.235029343658094,7.73324738853924,0.000252152299275129,0.00171393031395403,"CASC15"
"ENSG00000007216.15",394.361781955233,-2.2567683340409,0.36131112768781,-6.24605267068015,0.000252250737549598,0.00171411994475817,"SLC13A2"
"ENSG00000164411.12",11.6654398170529,2.88596811810807,0.542320979516037,5.32151295471455,0.000252974884788638,0.00171856016224879,"GJB7"
"ENSG00000203706.8",36.9513457417947,-1.6499501594781,0.186974528312094,-8.82446488499244,0.000254340680905459,0.00172735565846916,"SERTAD4-AS1"
"ENSG00000241755.1",722.260166999314,-2.16225356522633,0.334371127240382,-6.46662761546353,0.000254534247854257,0.00172818726539772,"IGKV1-9"
"ENSG00000178597.7",5.64376815406567,3.10113971270953,0.604539465522825,5.12975560665433,0.000254852277587889,0.00172986322496807,"PSAPL1"
"ENSG00000287407.1",6.34499560948758,3.04523683566472,0.588765008315929,5.17224494094026,0.000256596129214715,0.00174121361070024,"AL596442.3"
"ENSG00000148677.7",5.20178756595662,2.33964292076655,0.385661925330539,6.06656443661456,0.000256743986042151,0.00174173055857741,"ANKRD1"
"ENSG00000272325.2",66.7076738966268,1.81630497845058,0.235048072895091,7.72737660036572,0.000257406947048751,0.00174574066795553,"NUDT3"
"ENSG00000228887.3",51.6449108595242,1.82850770831704,0.23864154036613,7.66215180103049,0.000258522911721217,0.0017528199650741,"EEF1DP1"
"ENSG00000253676.1",40.1352860895561,1.81496855683727,0.234757706584169,7.73124164163079,0.000258750195351016,0.00175387161702362,"TAGLN2P1"
"ENSG00000165795.23",2589.0862610224,-1.4225167852621,0.121788862434259,-11.68018780067,0.000260950599675287,0.00176829324375613,"NDRG2"
"ENSG00000167513.9",1817.93336900906,1.51706071407859,0.149154191494824,10.1710900570383,0.000263524452353353,0.00178523674161876,"CDT1"
"ENSG00000163218.15",6.64434990969495,2.30617827288205,0.376815903521185,6.12017234764188,0.000263781589385996,0.00178648066390181,"PGLYRP4"
"ENSG00000162733.19",980.104111961018,-1.79316686231026,0.228876523200542,-7.83464742139185,0.000264643596759112,0.0017918192814841,"DDR2"
"ENSG00000211689.7",13.912028421233,-1.79123722707817,0.2285302365736,-7.83807540715202,0.000267803012909355,0.00181270563055636,"TRGC1"
"ENSG00000173531.15",170.766306445853,1.63503155872682,0.183443568622888,8.91299472094337,0.000268360619013919,0.00181597411362802,"MST1"
"ENSG00000105851.11",207.578581008824,-1.65241597575985,0.188629863118731,-8.76009741214604,0.000271384579689041,0.00183592574789636,"PIK3CG"
"ENSG00000168081.9",15.0831357730088,-1.90703388337598,0.262276974495511,-7.27106863667371,0.000271792382010698,0.00183817280346785,"PNOC"
"ENSG00000106178.7",2135.45980623415,1.82206617778046,0.23776127008237,7.66342717276543,0.000272578095403111,0.00184297376691586,"CCL24"
"ENSG00000153823.19",748.343937772478,-1.68492257834689,0.198106337383874,-8.50514224127008,0.000272759796548927,0.00184368930629734,"PID1"
"ENSG00000224628.2",5.93216515510394,2.23423541825434,0.357046216840506,6.25755242003413,0.000273320713374761,0.00184696700083612,"AL121723.1"
"ENSG00000103175.11",359.916648346663,-1.58151844398672,0.168241236959736,-9.4003020458368,0.00027366421094857,0.00184877406896031,"WFDC1"
"ENSG00000043039.7",279.450166567046,-1.91621692525649,0.265099182193351,-7.22830191101415,0.000273996675001137,0.00185050561493263,"BARX2"
"ENSG00000172794.20",165.637958019989,-1.57985258425165,0.167813905363115,-9.41431272237642,0.000274808846367484,0.00185547512273683,"RAB37"
"ENSG00000164326.5",13.1619652666823,-2.64139441929971,0.475046043056269,-5.56029138208576,0.000274909468614988,0.00185563891315117,"CARTPT"
"ENSG00000164128.7",70.7414544444015,-2.08029250112837,0.312993751589436,-6.64643460313275,0.00027875780679152,0.00188109267010107,"NPY1R"
"ENSG00000225224.1",9.71576527071077,1.89722963531926,0.260020578449394,7.29645955959793,0.000279660483193471,0.00188666011704646,"RPS27AP12"
"ENSG00000211804.3",5.86725091224632,-2.34115494946686,0.388821345767771,-6.02115849592563,0.000281038401084662,0.00189542968258598,"TRDV1"
"ENSG00000115295.20",168.260640246783,-1.76199995866562,0.220935636140671,-7.9751731746152,0.000281366600449488,0.00189711664564999,"CLIP4"
"ENSG00000250884.1",2.24935893071691,2.67664446463689,0.486185038685702,5.5054027821848,0.000281778841826682,0.00189936916959455,"OR7E85P"
"ENSG00000138115.14",8.1260983159432,-1.84269641788092,0.244421271897066,-7.53901820238025,0.000282668562399397,0.00190483806608578,"CYP2C8"
"ENSG00000232729.8",8.19431125817228,2.22700850122961,0.356021388087365,6.25526604790136,0.000284005999425106,0.00191332015138067,"AC211433.1"
"ENSG00000167705.12",437.978026837842,-1.48672697444349,0.141257048644894,-10.5249754876372,0.000284809341847026,0.00191820038993424,"RILP"
"ENSG00000156050.10",105.250991215835,-1.36108939381841,0.104822687380911,-12.9846832572838,0.000285779354758795,0.00192401972772683,"FAM161B"
"ENSG00000173267.14",91.9110169764986,-1.80905698765289,0.2348691180283,-7.70240465345006,0.000285831737328966,0.00192401972772683,"SNCG"
"ENSG00000161649.13",10.6952232258154,-2.65407019960616,0.480192039726078,-5.52710161776141,0.000285950979591667,0.00192428933926267,"CD300LG"
"ENSG00000224430.2",4.72956423627464,2.31912211039407,0.382971873783527,6.05559381550026,0.000286126043517199,0.00192493434592136,"MKRN5P"
"ENSG00000140459.18",6.90018547219814,-1.88063713360072,0.255764560867799,-7.35300124153165,0.000287484392652017,0.00193353743189704,"CYP11A1"
"ENSG00000273338.1",10.1308251352107,2.0381930447801,0.301812642034475,6.75317319725555,0.000291008260831571,0.00195669638577952,"AC103591.3"
"ENSG00000248415.1",10.2755494793786,2.05496586691811,0.30671760206797,6.69986284798458,0.000291357428623876,0.00195850221730572,"GAPDHP61"
"ENSG00000143061.18",964.481525979944,-1.36005475971521,0.104689510299352,-12.9913183835347,0.000291650127656147,0.00195952616215285,"IGSF3"
"ENSG00000256690.1",4.19070753541924,1.82780547714885,0.24069405174824,7.5938955029129,0.000291671034094933,0.00195952616215285,"AP001160.1"
"ENSG00000265203.2",5.49474030067539,2.67129751093703,0.486080798298451,5.49558328633436,0.000292676264254842,0.00196573610320416,"RBP3"
"ENSG00000237672.1",9.10653637355698,2.28477564293099,0.37389297135543,6.1107745209766,0.000294954211931011,0.00198048835311511,"KRR1P1"
"ENSG00000146411.6",239.290116881786,1.82169594625783,0.239180618127837,7.61640286958441,0.000295772110214874,0.00198543156856946,"SLC2A12"
"ENSG00000171428.15",387.379490215887,-1.48615404117346,0.141517672448969,-10.5015438386988,0.000295961587093107,0.00198615480982118,"NAT1"
"ENSG00000110002.16",1457.30622288876,-1.50748700847425,0.147774755276764,-10.201248553252,0.000297160595343723,0.00199365059824751,"VWA5A"
"ENSG00000232855.7",9.72511796490369,-1.90441426223021,0.263436589719858,-7.22911826430563,0.000298318770473014,0.00200086837496391,"AF165147.1"
"ENSG00000163283.7",13.0559927768053,2.61466125747269,0.470363135537137,5.55881415852636,0.000298694370192868,0.00200283476702171,"ALPP"
"ENSG00000165124.18",426.001999613114,-1.69122422951105,0.201445741390076,-8.39543302251394,0.000300328943382098,0.0020132395377062,"SVEP1"
"ENSG00000197769.6",3.52527425270734,-1.80596785541277,0.234934051498133,-7.68712685069035,0.00030110933529239,0.0020179141885287,"MAP1LC3C"
"ENSG00000213275.2",5.64073268983172,2.16705728790684,0.340227146302712,6.36944262518879,0.00030153516141798,0.00202021075887977,"IFITM9P"
"ENSG00000228933.8",3.35676345674659,3.20904551130888,0.644036004090961,4.98271135608072,0.000301787172570025,0.00202134186699327,"AC107419.1"
"ENSG00000111641.12",26.1060243260615,1.6064077468007,0.176831467515538,9.08439979247215,0.00030257267266745,0.0020260446254668,"NOP2"
"ENSG00000166313.19",298.633541426734,-1.59886789743797,0.174674579501107,-9.15340916809155,0.000303488219402674,0.00203161535302616,"APBB1"
"ENSG00000203688.6",112.432324931101,1.70005515294112,0.204293659925739,8.32162463367241,0.000305470437653078,0.00204432157393825,"LINC02487"
"ENSG00000267500.1",10.933901876474,1.6516808026529,0.190208846537085,8.68351200652952,0.000306120276270887,0.00204810647394894,"ZNF887P"
"ENSG00000161647.19",129.214274593617,1.48467581675731,0.141496517456598,10.4926668404592,0.000306998182483975,0.00205341476310503,"MPP3"
"ENSG00000222898.1",4.66097880540966,2.16507443000892,0.340157136200131,6.36492432349004,0.000307279193144895,0.002054728781899,"RN7SKP97"
"ENSG00000139508.15",1044.24986369439,-1.46364340188437,0.135387612613869,-10.810763064851,0.000307894584263442,0.00205827741337047,"SLC46A3"
"ENSG00000186265.10",25.1857095320588,-1.74100569709943,0.21644064935544,-8.04380185646338,0.000308990229374822,0.00206503371116836,"BTLA"
"ENSG00000188013.6",6.74861488836314,-1.68492941286398,0.200118792446533,-8.41964611251663,0.000310110236454768,0.00207194906402278,"MEIS3P2"
"ENSG00000279225.1",7.04504382395162,2.02137218578895,0.298442176218853,6.77307816006088,0.000310417050958571,0.00207342890002564,"AC138305.3"
"ENSG00000166012.17",2080.6256593161,1.3595930565596,0.105093770022456,12.9369519836341,0.000311223249030705,0.00207824263573678,"TAF1D"
"ENSG00000179094.16",910.498625557771,-1.53434629515128,0.156172900127746,-9.82466416322047,0.000311378365081149,0.00207870721743734,"PER1"
"ENSG00000085563.15",1655.48608278305,-1.84140570626208,0.245977464345476,-7.48607483682253,0.000312344864383538,0.00208458670819005,"ABCB1"
"ENSG00000276603.1",15.9619883397866,1.97301652117221,0.284475753268947,6.9356228026467,0.000312663157440654,0.00208613803564192,"AL109614.1"
"ENSG00000277156.1",2.78766755000176,2.51861455138709,0.444011600416604,5.67240709257132,0.0003128598222354,0.00208687721117766,"TOMM40P1"
"ENSG00000139209.16",171.680302048514,-2.02708388290659,0.300345917984407,-6.7491640855656,0.000313485880375892,0.00209047938889522,"SLC38A4"
"ENSG00000179772.8",66.9311344203977,1.56660070963318,0.165791582662739,9.44921741183946,0.000315939628368762,0.00210626418912508,"FOXS1"
"ENSG00000211656.3",6.87160921451834,-2.27514770159455,0.373177435208394,-6.09669151170418,0.000316575134539676,0.00210992204314705,"IGLV2-33"
"ENSG00000270265.1",6.10405341046214,-1.59200885887429,0.173331663088986,-9.18475499803506,0.000318361808443993,0.00212124813413464,"AC104819.3"
"ENSG00000102383.14",18.2372239069587,-1.81258508636965,0.23800333838254,-7.61579689884981,0.000319877155810958,0.00213076065959602,"ZDHHC15"
"ENSG00000049246.14",300.69137694339,-1.59031337937399,0.172942987490558,-9.19559331343698,0.000320858031109638,0.00213670873005322,"PER3"
"ENSG00000259500.1",9.85665024397077,-1.84865930328438,0.248710856279615,-7.43296585817713,0.000322165484783753,0.00214482774801238,"KRT8P24"
"ENSG00000198064.13",23.3125495975174,2.07648812984601,0.315503320352423,6.58150959402433,0.000322475057138691,0.00214630070897567,"NPIPB13"
"ENSG00000134138.20",204.923243896257,-1.77598161409249,0.227467118479226,-7.80764106023826,0.000323149524990256,0.00215020083714765,"MEIS2"
"ENSG00000153044.10",524.218362661037,1.35896121725104,0.105252522445449,12.911436093661,0.00032424778109349,0.00215691789777493,"CENPH"
"ENSG00000224961.3",25.8406919236965,-1.83680012381088,0.24539602910526,-7.48504419777309,0.000324816025387564,0.00215989036810658,"LINC01752"
"ENSG00000236975.2",3.27708165070177,2.12689217704233,0.330471633450373,6.43592962831931,0.000324872398988871,0.00215989036810658,"LINC02814"
"ENSG00000153233.13",463.307895067224,-1.781247652848,0.229113792370653,-7.77451079839994,0.000324972348499332,0.00215996391371274,"PTPRR"
"ENSG00000165379.13",14.5042491384981,-1.88103895955379,0.258512929733288,-7.27638250626185,0.000327079742637368,0.00217337646871426,"LRFN5"
"ENSG00000286051.1",4.06612577074077,4.94843975042557,1.15900090810717,4.26957366108293,0.000328835681977684,0.00218444698525361,"AC244102.3"
"ENSG00000189013.14",16.8500314432971,-2.01718612295454,0.298707714037226,-6.75304328666633,0.000330470214893896,0.00219470517133689,"KIR2DL4"
"ENSG00000211933.2",389.944025550013,-2.18872559507202,0.34909979388168,-6.26962729119756,0.000330678725227495,0.00219548989700222,"IGHV6-1"
"ENSG00000226883.1",3.48763769130745,2.39142059129713,0.408771013672712,5.85026949394179,0.000332140655681,0.0022039917894725,"AL035416.1"
"ENSG00000256969.2",7.33703755875671,2.57516710851139,0.462745870328746,5.56497048084282,0.000332085871959364,0.0022039917894725,"AC084375.1"
"ENSG00000158315.11",297.4082064299,-1.69480831046668,0.204127862539599,-8.30267994472291,0.000332289524671257,0.00220436675700348,"RHBDL2"
"ENSG00000212283.1",12.5636857931163,1.91035677728224,0.267459639347417,7.14259834471991,0.000332378592496327,0.00220436675700348,"SNORD89"
"ENSG00000226674.11",10.8411154208327,2.16277621727249,0.341629337468906,6.33076840910756,0.000332496793861068,0.00220454900158907,"TEX41"
"ENSG00000133131.15",1258.13958242018,1.42865041212852,0.125982217255691,11.3400957948609,0.000333901366824157,0.00221325783246781,"MORC4"
"ENSG00000270972.1",5.60970042965615,2.26338620657519,0.371418525301361,6.09389691787377,0.000335065532893331,0.00222036881628251,"AC136475.9"
"ENSG00000164542.13",232.362129692385,1.48872260762725,0.143756616769383,10.3558545066172,0.000337357148188044,0.00223494512022068,"KIAA0895"
"ENSG00000133985.3",344.30689232712,1.64432824999372,0.189543619098262,8.67519707503988,0.00033771058131144,0.00223667678546416,"TTC9"
"ENSG00000273472.1",8.92047894919961,-1.65357280198678,0.192273056582378,-8.60012750293135,0.000337927769754432,0.00223750539646667,"AC096733.2"
"ENSG00000262663.1",8.73756828228025,2.04475896932685,0.307476107366964,6.65013937777771,0.000339583082775107,0.00224785314939665,"AC087222.1"
"ENSG00000229694.7",4.83849640363098,-2.2289780531167,0.361772473382583,-6.16127045895917,0.000340517675237434,0.00225342579201243,"LINC00484"
"ENSG00000282600.2",36.2776149969389,-2.10110520046317,0.32414612987264,-6.48196910846571,0.000340718588082883,0.00225414148935858,"IGHV3-69-1"
"ENSG00000198883.12",7.30115269036101,2.81928429506502,0.536113849892867,5.25874176842923,0.000345070219094228,0.00228230983233253,"PNMA5"
"ENSG00000154917.11",154.788399464546,-1.5988933195756,0.176516525113406,-9.05803758910599,0.000345853045727784,0.00228686503705718,"RAB6B"
"ENSG00000140682.19",1072.72948001641,-1.5115869193038,0.150848564803824,-10.0205588383927,0.000347690265551518,0.00229838777282423,"TGFB1I1"
"ENSG00000233589.1",5.21998494993069,2.27412909250048,0.375840264032489,6.05078622524567,0.000349359352599689,0.00230879311073496,"AL138789.1"
"ENSG00000090889.12",1146.13286264942,1.33803855662742,0.0997552921210069,13.4132087448987,0.000351152239356355,0.00232001071679158,"KIF4A"
"ENSG00000268204.1",7.71910095771238,1.83071331998783,0.245223889067919,7.46547706647285,0.000352572397407407,0.00232876033079641,"AC008763.1"
"ENSG00000232406.7",14.184074589268,1.98122803843153,0.289669086531884,6.83962538823919,0.000352778962711953,0.00232949152008165,"AL121895.1"
"ENSG00000137869.15",21.967845430922,1.94894156088075,0.280176805135821,6.95611315838925,0.000353386363901622,0.00233286841695447,"CYP19A1"
"ENSG00000110777.12",400.591819434185,-1.90359677622678,0.266896342881177,-7.13234492341569,0.000355150409791514,0.00234387695761374,"POU2AF1"
"ENSG00000023902.14",921.44688753203,-1.51349906342026,0.151707615440374,-9.97642115082292,0.000356158138547047,0.00234988942891481,"PLEKHO1"
"ENSG00000154080.14",4.82472030705782,-2.78026184893951,0.525998284199598,-5.28568615612536,0.000356489096577461,0.00235143459468846,"CHST9"
"ENSG00000180389.7",33.3891460906516,1.8372891357362,0.247436990481898,7.42528080445036,0.000357387965778525,0.00235672389916368,"ATP5F1EP2"
"ENSG00000075891.22",4.54820107920006,2.49421938219933,0.441728653755617,5.64649669201501,0.000358932697098813,0.00236626818760205,"PAX2"
"ENSG00000287712.1",6.74558394766333,1.90131739599357,0.266611790470997,7.13140777695801,0.000361591484686198,0.00238314973633703,"AC005865.2"
"ENSG00000222047.9",7.19088102110117,1.74937097664625,0.221677585365018,7.89151042838051,0.000361830363023157,0.00238407750039662,"C10orf55"
"ENSG00000119514.7",1376.95843424154,-1.40661489821436,0.120335579049961,-11.6891023363121,0.000363739302849327,0.0023960057086578,"GALNT12"
"ENSG00000211598.2",3519.87989129864,-2.0616287188984,0.314231664575401,-6.56085605403305,0.000364424646614857,0.00239921942908183,"IGKV4-1"
"ENSG00000255438.2",5.48343353582182,2.38931635440904,0.411218671133553,5.8103304206074,0.000364366804345904,0.00239921942908183,"AL354813.1"
"ENSG00000230457.3",12.9315915416169,1.672408894751,0.199037156724921,8.40249590714538,0.000364666208702006,0.00240015949931169,"PA2G4P4"
"ENSG00000134824.14",1632.12357486481,1.8206884464208,0.242983668936584,7.49304862499205,0.00036567899489654,0.00240617372758893,"FADS2"
"ENSG00000271833.1",13.1307147563162,1.74642105452295,0.221107776145152,7.89850581001938,0.000367974198590708,0.00242062074330108,"AL445222.1"
"ENSG00000214300.7",5.40849697484948,2.250764017767,0.370518369556252,6.07463543700305,0.000368122155179086,0.00242093866599507,"SPDYE3"
"ENSG00000165685.8",12.1615476278622,1.89179047675063,0.264221750246996,7.15985900094211,0.000368864977271324,0.0024251674642027,"TMEM52B"
"ENSG00000221819.6",6.74588750668185,1.93961332821217,0.278551914679076,6.96320228294545,0.000371490080031833,0.0024417660115698,"GAS8-AS1"
"ENSG00000168993.15",252.008616994429,1.67706253549809,0.200827751305785,8.35075095246451,0.000373990983085191,0.00245753945077613,"CPLX1"
"ENSG00000081800.9",3.1448927888551,-3.18847432352095,0.64949903110659,-4.9091286835156,0.000376550147278125,0.00247368709890739,"SLC13A1"
"ENSG00000126602.11",3449.18331123569,1.36108127436112,0.107182681748128,12.6987051654442,0.000377426566657071,0.00247877447831536,"TRAP1"
"ENSG00000154975.14",5.63316808659657,-2.26250347204238,0.374817468671987,-6.0362807530253,0.000378145046518755,0.00248282211035011,"CA10"
"ENSG00000130720.13",554.085361940151,2.14398657865445,0.339814355194139,6.30928783873644,0.000380636608322958,0.00249850610001293,"FIBCD1"
"ENSG00000215270.3",4.887004593995,2.16665221561536,0.346786605248563,6.24779672231685,0.000383858663152775,0.00251897529425126,"TOMM40P2"
"ENSG00000233559.2",123.93564993726,1.82702893585212,0.245876057520124,7.43069070766514,0.000384663497911575,0.00252357532377194,"LINC00513"
"ENSG00000120694.20",6528.13048867339,1.46607614326125,0.13857402250932,10.5797328872563,0.000384981094554542,0.00252497721934558,"HSPH1"
"ENSG00000273568.1",32.1884002287336,1.50874191480201,0.151264806080124,9.97417676920062,0.000385147727258668,0.00252538849767556,"AC131009.3"
"ENSG00000143839.15",74.9463243518682,2.20216299069946,0.357637304918124,6.15753155617705,0.000387738412714852,0.00254168962205851,"REN"
"ENSG00000278058.1",3.61500648437611,-1.69140353260243,0.205741627594311,-8.22100783579686,0.000388947472221188,0.00254892760921653,"AC009159.3"
"ENSG00000179041.4",1240.55956221096,1.37494696885113,0.111591772919272,12.3212216535515,0.000389729910284227,0.00255336662709806,"RRS1"
"ENSG00000250081.1",5.11917799502174,1.82991500447938,0.247118413529247,7.40501275621376,0.000392018306751907,0.00256766707656909,"AC025176.1"
"ENSG00000184497.13",297.284535786135,1.61715427850764,0.183771350560307,8.79981712915011,0.000392156219101764,0.00256787823340686,"TMEM255B"
"ENSG00000243716.10",143.036627712716,1.76910761497483,0.229067470676198,7.72308529776181,0.00039316938119511,0.00257381895556066,"NPIPB5"
"ENSG00000124507.11",20.1837288032518,-1.70448492974179,0.20992869040893,-8.11935198767517,0.000395636417552057,0.00258927146418395,"PACSIN1"
"ENSG00000234737.1",6.49260148592013,1.913659656405,0.272292713821334,7.02795028757419,0.00039620582708596,0.00259229983796145,"KRT18P15"
"ENSG00000185518.12",35.8056947610499,-1.88982454697077,0.265210216916695,-7.12576072272654,0.000396585544006315,0.00259408579255813,"SV2B"
"ENSG00000206838.1",14.5752914683808,2.01681886802858,0.30312466833056,6.65343034975044,0.000397603596621113,0.00259934554691769,"SNORA5A"
"ENSG00000226608.3",268.09207665958,1.88939268781389,0.265133701296196,7.12618832904663,0.000397533624187035,0.00259934554691769,"FTLP3"
"ENSG00000245648.2",100.896949067221,1.85754984277073,0.25567703416874,7.26521976762603,0.000398210757627424,0.00260261468809747,"KLRK1-AS1"
"ENSG00000268655.2",4.37759068658935,2.05343650553653,0.314189403214825,6.53566442574291,0.000399890018670437,0.00261288718840861,"AC008687.4"
"ENSG00000135828.11",464.887266239748,-1.35062736141617,0.104581984577377,-12.9145317606483,0.000400201386174355,0.00261421873226796,"RNASEL"
"ENSG00000114631.11",2014.04990327691,1.51858307933062,0.154794048397896,9.81034539149155,0.000403840948992108,0.00263728434843005,"PODXL2"
"ENSG00000279031.1",10.5797847378656,1.60874117163983,0.181832108938826,8.847398740676,0.000407249467101301,0.00265882913771134,"AC004232.2"
"ENSG00000225670.4",7.92821345007322,-2.12534245629691,0.336266191734153,-6.3204167071817,0.000409072073300404,0.00267001111501473,"CADM3-AS1"
"ENSG00000285756.2",316.508926957235,1.41989404097524,0.125535513819107,11.3106960554705,0.000411675872693132,0.00268628456134348,"BX890604.1"
"ENSG00000245970.2",48.7292533392083,1.53429701645879,0.159792121185092,9.60183146127445,0.000413344467251009,0.00269644847092605,"AP003352.1"
"ENSG00000121621.7",328.743995927126,1.36807792127807,0.110115655140096,12.4240092794936,0.000414914816142515,0.00270495028105362,"KIF18A"
"ENSG00000175857.8",33.6228816179834,-1.78515538810892,0.234893351439817,-7.59985490081571,0.00041498167274765,0.00270495028105362,"GAPT"
"ENSG00000275718.2",40.1842511909276,-1.57804100291917,0.172928342248773,-9.12540409743257,0.000414894482470388,0.00270495028105362,"CCL15"
"ENSG00000263829.1",4.89953601037687,1.90629945846177,0.271227262160177,7.02842127033668,0.000416670708295613,0.0027152314860776,"SINHCAFP1"
"ENSG00000065809.13",1762.98948723235,-1.48455471042644,0.145018914383149,-10.2369729958408,0.000416904155999765,0.00271602439431483,"FAM107B"
"ENSG00000182836.10",16.5147696406616,-2.44365736627339,0.432143816621077,-5.65473176356033,0.000417856427160613,0.0027214985741096,"PLCXD3"
"ENSG00000168779.20",21.0451178409005,2.03918843556721,0.311255175766786,6.55150048683884,0.000420853270410468,0.0027402825484926,"SHOX2"
"ENSG00000232907.8",17.3671231687358,1.86583902753637,0.259382597211546,7.19338555321289,0.00042180215921745,0.00274572527966355,"DLGAP4-AS1"
"ENSG00000223254.1",3.31669616719937,-1.76944263337357,0.230546635285058,-7.67498788774665,0.000422723221992302,0.00275098401028734,"Y_RNA"
"ENSG00000228205.1",147.236475846724,1.86101594297035,0.258062617514106,7.21148983489881,0.000424261167033465,0.00276025337588038,"AC131235.1"
"ENSG00000230561.4",21.9109379656689,1.57733052743119,0.17310633772138,9.11191668770646,0.000426311936956071,0.0027728533372678,"CCDC192"
"ENSG00000142544.7",266.270728435073,1.61917872614627,0.18568684427074,8.71994315216774,0.000427215327446814,0.0027779856721856,"CTU1"
"ENSG00000152503.10",313.168768549866,-1.5347918494284,0.160398223870359,-9.56863369427885,0.000427801450913151,0.00278105277078372,"TRIM36"
"ENSG00000235523.1",3.08129282545773,-2.15185366177879,0.345641683031891,-6.22567753664204,0.000430335033814447,0.00279677489213455,"AL135924.2"
"ENSG00000261834.2",4.06291922039608,-2.39960386942187,0.420310100030212,-5.709127306837,0.000434336656183144,0.00282202693723272,"IGHV3OR16-15"
"ENSG00000266256.3",4.37991323511842,-1.80129663410867,0.240734255275769,-7.48251067155036,0.000436492573496099,0.00283451884980097,"LINC00683"
"ENSG00000287408.1",6.39637508103725,2.39573202611768,0.419313013074482,5.7134692972005,0.000436393170756976,0.00283451884980097,"AC027811.1"
"ENSG00000217241.1",10.9054723890041,1.741586337133,0.222823298410318,7.81599747224799,0.000437145195034296,0.00283799846094934,"CBX3P9"
"ENSG00000051341.14",431.123984574031,1.44634534349892,0.13418395992556,10.7788244161321,0.000439927080910107,0.00285453352900283,"POLQ"
"ENSG00000224411.3",49.3439177496179,1.7493511478361,0.225274664734725,7.76541449921176,0.000439895397094356,0.00285453352900283,"HSP90AA2P"
"ENSG00000005469.12",505.69783654449,-1.37889607856137,0.113933771912878,-12.1026106255463,0.000441171022790661,0.00286184085793194,"CROT"
"ENSG00000219700.1",3.20484153810888,2.17431417718884,0.353153752634795,6.15684857081883,0.000441742808348516,0.00286478522627941,"PTCHD3P3"
"ENSG00000006071.15",16.4025063510436,-1.96855600927299,0.29149080704993,-6.75340683706637,0.000445646778820241,0.00288933210387723,"ABCC8"
"ENSG00000156697.13",1363.8344056293,1.33256385954403,0.100120250844305,13.309633648604,0.000447443494781762,0.00290020723478176,"UTP14A"
"ENSG00000188343.13",593.34916287128,1.48761825822341,0.146862402649827,10.1293335215986,0.000449702276055725,0.0029140707488411,"CIBAR1"
"ENSG00000137767.14",2642.9404228038,-1.40354197688016,0.121557518352344,-11.5463197661857,0.000450471810644456,0.00291827912520935,"SQOR"
"ENSG00000169495.5",14.4955596359375,1.86326919730574,0.260068434603891,7.1645342124802,0.000451067744086349,0.00292136092252086,"HTRA4"
"ENSG00000163064.7",3.6239635488205,2.84712040514364,0.556533012376323,5.11581584888705,0.000451738956208268,0.00292492849343483,"EN1"
"ENSG00000183128.7",6.24122500624588,2.41113322470071,0.425645560975822,5.66465022957839,0.00045776067366733,0.00296312849496966,"CALHM3"
"ENSG00000081138.14",10.8488551929426,2.4994706777968,0.452419061424672,5.52468030397733,0.000459298363655406,0.00297229034269677,"CDH7"
"ENSG00000286355.1",8.65450820575756,2.09541306449443,0.330599699918691,6.33821828939888,0.000460825267438225,0.00298137752895337,"AL355834.2"
"ENSG00000016490.16",14650.2029669373,-2.51601997754818,0.4575839754608,-5.49848795516599,0.000461345294379994,0.0029832124477574,"CLCA1"
"ENSG00000138769.11",24.6312247067403,-1.70235044971607,0.211992488409242,-8.03023947919209,0.000461354418875404,0.0029832124477574,"CDKL2"
"ENSG00000149571.12",22.3664796894989,-1.83538648498562,0.252295050806501,-7.27476214503027,0.000464568738913152,0.00300319775354871,"KIRREL3"
"ENSG00000243554.1",4.8719435698671,1.81347970211511,0.245743479126275,7.37956387922407,0.000466013581932984,0.00301173671302434,"AC004967.1"
"ENSG00000270714.1",5.59444651499672,2.3536187658496,0.408930705423206,5.75554423924664,0.000466243003416247,0.0030124182353137,"MICOS10P2"
"ENSG00000123009.4",30.4944014638994,1.68678844891886,0.207566312481044,8.12650390497691,0.00046853986975421,0.00302645370415399,"NME2P1"
"ENSG00000120915.14",1700.64705369583,-1.51478749962791,0.15563114815919,-9.7331897730298,0.000470259065364308,0.00303675133891913,"EPHX2"
"ENSG00000260048.2",2.30479035927875,-2.52118524773481,0.46011963942468,-5.47941237823977,0.000473081370187555,0.00305416506258172,"IGHV1OR16-3"
"ENSG00000283473.4",3.83966273540113,2.25039190824726,0.378494002872907,5.94564746380649,0.000477263553525948,0.00308034644108381,"FAM240A"
"ENSG00000106462.11",1211.25665572468,1.26938115523206,0.0815605973342979,15.5636569216034,0.00047856428104872,0.00308792140984703,"EZH2"
"ENSG00000161281.11",151.15151019056,-1.5629239611373,0.170478124319394,-9.16788571775422,0.000479938210430416,0.00309596456423125,"COX7A1"
"ENSG00000211592.8",74583.5303589795,-1.94890602385741,0.287637553779499,-6.77556180773052,0.00048521124336663,0.00312831870889072,"IGKC"
"ENSG00000237614.3",4.85802378544077,1.92877983676055,0.281531977375476,6.8510151306477,0.000485113686310171,0.00312831870889072,"AC073257.2"
"ENSG00000235899.2",7.03889480281172,2.12508256688465,0.341165885274728,6.22888353908363,0.000487300260312328,0.00314095393251713,"LINC01564"
"ENSG00000128965.13",323.18376886181,1.55732135188254,0.169034061659237,9.21306236503986,0.00048845233926258,0.00314671045707335,"CHAC1"
"ENSG00000224607.4",18.527693710422,-2.42841667449963,0.433228201599148,-5.60539841482104,0.000488363400577051,0.00314671045707335,"IGKV1D-27"
"ENSG00000121716.20",165.397936753921,1.69297913527083,0.210275396665574,8.0512468986725,0.000491095801969883,0.00316290166654338,"PILRB"
"ENSG00000164171.11",3189.45972469505,1.40699801052601,0.123515966191462,11.3912237738157,0.000491925507554477,0.00316740589124902,"ITGA2"
"ENSG00000240975.1",7.28160749727007,2.21756777875195,0.369575529559105,6.00031008924605,0.000492979043977166,0.00317334854798547,"AC021723.1"
"ENSG00000231503.4",55.969104333966,1.71560392267587,0.217251896532235,7.89684209924178,0.000494055203346658,0.00317943364441838,"PTMAP4"
"ENSG00000157703.16",19.7838348112834,-2.36567855055165,0.414757410609389,-5.7037643934459,0.000496122434827291,0.00319189175703023,"SVOPL"
"ENSG00000225101.6",18.2850082605931,2.04184493940881,0.31644004630928,6.45254911071897,0.000496693752009949,0.00319472159180566,"OR52K3P"
"ENSG00000147036.12",84.3738568142688,-1.61470411978348,0.186742847071228,-8.6466718544116,0.000497893397200354,0.00320159024926399,"LANCL3"
"ENSG00000124575.7",25.2801963339533,2.40402328008808,0.426545851950759,5.63602545680271,0.000498075395363547,0.00320191325590852,"H1-3"
"ENSG00000226308.1",4.10641062488416,2.38813757101271,0.4218731029047,5.66079599426888,0.000500198667348677,0.00321471240850909,"AL122058.1"
"ENSG00000137270.11",4.57340006763588,2.36217888854547,0.41407878457005,5.70466050560447,0.000501540504685256,0.00322248394073287,"GCM1"
"ENSG00000152932.8",31.0786324876601,-1.96960368703413,0.294766898634699,-6.68190253436508,0.000502021560110588,0.00322472215455651,"RAB3C"
"ENSG00000253304.2",83.6127733730773,-1.65033800351133,0.197744206313003,-8.34582228365801,0.000503105865250692,0.00323083311987099,"TMEM200B"
"ENSG00000198961.10",2548.14207604431,-1.34623644095856,0.105333330883126,-12.7807260026011,0.000506205479375656,0.00324987929955838,"PJA2"
"ENSG00000150510.17",75.0301298362917,-1.66751508926518,0.203154356790352,-8.2081187704283,0.000508550317671244,0.00326407097712922,"FAM124A"
"ENSG00000156395.13",3.0930631068244,-2.55236652854112,0.472642922971131,-5.40020045681932,0.000510929310268915,0.00327847431727875,"SORCS3"
"ENSG00000217950.4",8.5196843901584,1.90309765852886,0.274998785381897,6.92038568783489,0.000511713735165192,0.00328264090932264,"NOC2LP2"
"ENSG00000121742.19",8.14083862879732,2.31470758081431,0.400559446217919,5.77868679086155,0.000515041976012682,0.00330311956112646,"GJB6"
"ENSG00000159259.8",537.865959368203,1.32433628637988,0.0988236669126472,13.4010032996498,0.000515423297730297,0.00330469291156893,"CHAF1B"
"ENSG00000268401.2",7.50377335234243,1.85037730211864,0.259120878313651,7.14098112881071,0.000515773184921232,0.00330606393922077,"AC007785.3"
"ENSG00000153898.13",389.62661168931,-1.72151562457808,0.219943971342249,-7.82706438404385,0.000518204627578506,0.00332077332546353,"MCOLN2"
"ENSG00000231748.1",4.5312387769583,1.96304883050301,0.293669751883595,6.68454554107815,0.000520214138730109,0.00333277183526013,"AL596223.2"
"ENSG00000102221.14",758.63061522627,1.34226388889775,0.104399656495241,12.8569761046956,0.000521985756191026,0.00334324034671637,"JADE3"
"ENSG00000270116.1",4.43184561064108,2.13216197829647,0.345625215520475,6.16900006871798,0.000527015994688625,0.00337456881974534,"AP001429.1"
"ENSG00000138346.15",405.565712462678,1.39243999364556,0.119852600570453,11.6179372580826,0.000529516876575234,0.00338968917301849,"DNA2"
"ENSG00000230943.3",17.3803515451692,-1.66680862082345,0.203721381054851,-8.18180503289766,0.000531798729632189,0.00340339982356128,"LINC02541"
"ENSG00000175426.11",778.223862575751,2.32952873417884,0.406536290924677,5.7301864216852,0.000537012795737767,0.00343586385898571,"PCSK1"
"ENSG00000146267.12",64.3904253400163,-1.80335994016212,0.245733869552805,-7.33867066613135,0.000539207655800117,0.00344899869332531,"FAXC"
"ENSG00000133519.12",177.154249288969,1.91337905639355,0.279525937146384,6.84508591913435,0.000542316992171434,0.00346797444993838,"ZDHHC8P1"
"ENSG00000158014.15",125.021106901865,2.18875805221977,0.364051951746459,6.01221348139926,0.000546639105512235,0.00349377439872365,"SLC30A2"
"ENSG00000158270.12",258.577836482544,-1.76301243425062,0.23366680848177,-7.5449844404759,0.000546574088140507,0.00349377439872365,"COLEC12"
"ENSG00000172460.17",37.5869730692544,1.78411935963664,0.240177833933083,7.4283264630229,0.000547813504690699,0.00350035975913331,"PRSS30P"
"ENSG00000240710.1",2.12879127706679,-2.01884308134425,0.312084655743591,-6.46889568003284,0.000548022422797031,0.00350077415193687,"AL512306.3"
"ENSG00000240086.7",7.09647854708506,2.68443424024968,0.516595930618593,5.19639060461671,0.000555802020008935,0.00354953721056955,"AC092969.1"
"ENSG00000131686.15",5.11161849509154,2.98119285983441,0.607756786267367,4.90523993675805,0.000557365802345694,0.00355858880635848,"CA6"
"ENSG00000213493.3",19.5155918641237,2.0620337760603,0.32584687701848,6.32822936628408,0.000558431142780011,0.00356445410285113,"ACTN4P1"
"ENSG00000176438.12",238.523571062183,-1.51867713691185,0.159239205478975,-9.53708059735556,0.000562545832000682,0.00358977513592872,"SYNE3"
"ENSG00000167332.9",50.5646589561905,-1.79249006719957,0.243346057896282,-7.36601234758261,0.000563700173461881,0.00359619695855177,"OR51E2"
"ENSG00000077942.19",3663.61741533037,-1.69559072070181,0.213668964303923,-7.93559666573759,0.000566044637931581,0.00361020595846126,"FBLN1"
"ENSG00000211638.2",443.628504338605,-2.22119079880912,0.375166021521266,-5.92055429167699,0.000566826693352551,0.00361424525018814,"IGLV8-61"
"ENSG00000133561.15",389.641476580711,-1.52226728950741,0.160535507973395,-9.48243356703171,0.000570400970223133,0.00363608173568262,"GIMAP6"
"ENSG00000185480.12",394.095824765018,1.42960895731754,0.132067662203267,10.8248221666649,0.000571076246590071,0.00363943162657717,"PARPBP"
"ENSG00000211978.2",13.8839089011201,-1.82873551884685,0.254975489074522,-7.17220123975275,0.000576506572478717,0.00367307543556183,"IGHV5-78"
"ENSG00000172456.18",1242.07496131904,1.79124555563377,0.243502340469162,7.35617387571114,0.000578168100478627,0.00368269589557815,"FGGY"
"ENSG00000253490.5",4.90039017884998,2.08785738416697,0.33486909236926,6.23484648701078,0.000579862133604358,0.00369251830361266,"LINC02099"
"ENSG00000109205.16",119.874227123758,2.0646312453944,0.327773388539493,6.29895933466128,0.000580951321594953,0.00369848496587827,"ODAM"
"ENSG00000253936.1",12.5017351749556,-2.07872336398506,0.332192620314073,-6.2575844159925,0.000582562893037101,0.00370777325846034,"IGHV3-63"
"ENSG00000157184.7",660.602864366011,-1.27659445045569,0.085210281427135,-14.9816950381432,0.000585148920297238,0.00372325707337599,"CPT2"
"ENSG00000211679.2",2931.50516019933,-1.97140558196619,0.299600328097478,-6.58011823446593,0.000592766266278878,0.0037707382907269,"IGLC3"
"ENSG00000278921.2",11.9991759664477,-1.62595163363449,0.193099921620948,-8.42026045368476,0.000594315202709117,0.00377960204811085,"EPB41L4A-DT"
"ENSG00000100288.20",17.7387727863134,1.62986418648596,0.194388815113341,8.38455744244155,0.000597169663207292,0.00379676159496002,"CHKB"
"ENSG00000204380.4",14.0348970932715,1.89004952950143,0.274848215352147,6.87670293612719,0.000601155890292981,0.00382110597282747,"PKP4-AS1"
"ENSG00000137628.17",1372.01048393177,-1.55455488220696,0.171261431596434,-9.0770868123429,0.000601726363516188,0.00382373186021009,"DDX60"
"ENSG00000162949.16",315.258932841681,-1.77573047263496,0.239595351040715,-7.41137282055699,0.000602552414735734,0.00382798004655643,"CAPN13"
"ENSG00000264717.5",5.3019120620514,-1.83300490976376,0.257420943877487,-7.12065180926434,0.000606163342997233,0.00384991354804829,"NPY4R2"
"ENSG00000130032.17",19.7302529310909,-1.7655889085761,0.236606091393644,-7.46214477478804,0.000606701055559743,0.00385131547808301,"PRRG3"
"ENSG00000261560.1",16.3214757455114,1.83919490575161,0.259353611643869,7.09145669533648,0.000606687960928323,0.00385131547808301,"AC007216.3"
"ENSG00000234380.2",21.0073089991687,1.75716213593927,0.234049348344893,7.50765660475128,0.000608099950470491,0.00385918746315825,"LINC01426"
"ENSG00000162631.19",15.4176078579859,-2.36664265799292,0.422515276674161,-5.60131855260242,0.000609193784310244,0.00386511983256891,"NTNG1"
"ENSG00000272729.1",2.87248742042447,-1.89066142867805,0.275379703155464,-6.86565279508161,0.000609699839107481,0.00386732082754158,"AC009336.1"
"ENSG00000104783.14",3359.88115108335,1.58816772388982,0.181939214440373,8.72911169136827,0.000612980059447946,0.00388659943470007,"KCNN4"
"ENSG00000135116.9",9.2161002979468,-2.28108126929183,0.396284198381311,-5.75617518591276,0.000613059079555776,0.00388659943470007,"HRK"
"ENSG00000040608.14",300.580721645354,1.56806024015179,0.175860306465942,8.91651033518167,0.000618564041614462,0.00392047632009166,"RTN4R"
"ENSG00000136059.14",2550.23045326109,-1.52569895401669,0.162756705903961,-9.37410809307587,0.000619020341499112,0.00392234531901654,"VILL"
"ENSG00000256943.1",4.13137615926887,2.18599477380766,0.367300712002053,5.95151248657379,0.000621233164466319,0.00393534043183825,"AC148477.3"
"ENSG00000276855.1",56.0101281741696,-1.65707126168691,0.203519562782465,-8.14207361214754,0.000622117013531282,0.00393991228272352,"AC015922.3"
"ENSG00000286011.1",5.53352717904327,1.89904860288344,0.278601164506324,6.81636993961788,0.000625456547834273,0.00396002973224931,"AC062037.3"
"ENSG00000144810.16",1358.43058683859,1.76840840210493,0.238149773642318,7.42561445706406,0.00062640424585725,0.00396499691959655,"COL8A1"
"ENSG00000174236.4",27.8602757735955,-2.02803697897472,0.318729944432457,-6.36286930174046,0.000628946532846637,0.00398005227817013,"REP15"
"ENSG00000227110.7",18.0471866218441,1.62178552602922,0.192947359583689,8.40532635185292,0.000635240321603764,0.00401883358890171,"LMCD1-AS1"
"ENSG00000172216.6",1963.29112287186,1.40827306095509,0.126710331115347,11.1141139681271,0.000636278767374185,0.00402435555627088,"CEBPB"
"ENSG00000264176.1",5.20046586773352,-1.55609178459411,0.172604834052635,-9.015343012465,0.000637023442021119,0.0040280170806956,"MAGOH2P"
"ENSG00000075218.19",702.991663560499,1.3169948610775,0.0983990277271129,13.3842263637999,0.000637553196322444,0.00402939590377846,"GTSE1"
"ENSG00000227203.3",5.41737943358574,2.08683775957425,0.337368486074282,6.18563335259112,0.000637573137861241,0.00402939590377846,"SUB1P1"
"ENSG00000257636.6",3.29058666137273,4.22472406134292,1.00123780149375,4.21950115650853,0.000639396473268836,0.00403986851285302,"G2E3-AS1"
"ENSG00000278920.1",8.03331905182072,1.98824839635081,0.306856142374423,6.4794153409019,0.000639703653083534,0.00404075871326485,"AC005005.4"
"ENSG00000271156.1",3.65394952930131,2.44603512274653,0.44902614728454,5.44742246646167,0.000640102399512233,0.00404222669130646,"AC090578.2"
"ENSG00000152078.10",983.511332342967,-1.56783134919277,0.176333740643691,-8.89127255776202,0.000640487743884404,0.00404360929498337,"TLCD4"
"ENSG00000211649.3",437.425331973101,-2.21816359654792,0.378317280030316,-5.86323626658071,0.000641059637936834,0.00404616862386106,"IGLV7-46"
"ENSG00000158481.13",46.0903512263891,-1.67557532990525,0.209849237030662,-7.98466248252513,0.000642437817846943,0.00405381432710483,"CD1C"
"ENSG00000272800.3",20.3414277522298,1.62042796951388,0.192766986242276,8.40614879706255,0.000644228330596262,0.00406405722572409,"AC021851.1"
"ENSG00000169436.17",56.9571723204443,1.77308669901107,0.240207342485005,7.38148418224041,0.000644507859227166,0.00406476537223466,"COL22A1"
"ENSG00000127074.15",28.8667585838272,-2.05157803927962,0.326780456698126,-6.27815402429292,0.000645449214699258,0.00406964606050648,"RGS13"
"ENSG00000236438.7",25.1144104046338,1.75575387400395,0.234887781546649,7.47486251708354,0.000646541751966198,0.00407547719138226,"FAM157A"
"ENSG00000148935.11",93.2186589078306,1.61013921430743,0.189789287134307,8.48382560796489,0.000652621906059317,0.00411273659679497,"GAS2"
"ENSG00000235045.2",4.34460773034152,2.08286242629118,0.336849570621529,6.18336078757066,0.000652957831446336,0.00411378670058231,"RPL7P8"
"ENSG00000243964.1",46.0845438651293,1.86940351350917,0.270464680406813,6.91182120599758,0.000653403343748179,0.00411552650416815,"RPL23AP65"
"ENSG00000007237.19",694.519033152777,-1.56362137555434,0.175422698358855,-8.91344957170653,0.000656934689112753,0.00413562511539894,"GAS7"
"ENSG00000140937.14",1688.24853773441,1.60628831594194,0.18870180545502,8.51231026681841,0.000656909731802984,0.00413562511539894,"CDH11"
"ENSG00000226666.1",11.7875140111811,1.84551389407904,0.263389786896702,7.00677849290653,0.000663388460058693,0.00417517212624352,"HSPA9P1"
"ENSG00000240405.7",3.7927500298106,2.38107462096528,0.43024120353029,5.53427844991988,0.000663672942206527,0.0041758810190623,"SAMMSON"
"ENSG00000180347.13",13.1922494450726,-2.06550689647102,0.332005696541764,-6.22129956800665,0.000665285829807046,0.0041849458100728,"ITPRID1"
"ENSG00000164220.7",216.399097323848,1.63086935892885,0.196600622936196,8.29534176734589,0.000666247179215168,0.00418990850282831,"F2RL2"
"ENSG00000240671.4",70.2472470650287,-2.14385833744515,0.356817660466551,-6.0082741830715,0.000673619649560912,0.00423517658068051,"IGKV1-8"
"ENSG00000162641.20",13.926632774853,1.7935405210027,0.247563495020711,7.24476975433175,0.00067436984113226,0.00423770032053631,"AKNAD1"
"ENSG00000232680.2",6.47696622083254,-1.83160586552519,0.259433669021639,-7.06001604353217,0.000674219338107268,0.00423770032053631,"AC002511.1"
"ENSG00000227392.2",5.22982044040118,2.44030103087179,0.449773322919757,5.42562421228161,0.00068171719148822,0.00428276312129363,"HPN-AS1"
"ENSG00000262703.1",9.34950744703189,1.6635245469756,0.207238669093545,8.02709530152743,0.000682998744823566,0.00428970522078384,"AC009121.2"
"ENSG00000249992.2",430.573319169826,1.55827083963738,0.174413645953396,8.93434014935823,0.000685128925970223,0.00430197232585954,"TMEM158"
"ENSG00000104059.4",168.462467203791,-2.04539873507911,0.326637092521166,-6.26199161672542,0.00068597074606839,0.0043050333495511,"FAM189A1"
"ENSG00000134256.12",69.7070180254995,-1.42386473899403,0.132435998808828,-10.7513421713184,0.000685887092541632,0.0043050333495511,"CD101"
"ENSG00000129810.15",200.971228882146,1.37058244079335,0.115860372479147,11.8296049932001,0.000690659824228527,0.00433141350384756,"SGO1"
"ENSG00000250295.6",13.7247327400823,2.00602248996088,0.314528395626838,6.37787404206536,0.000690696644180446,0.00433141350384756,"RDH10-AS1"
"ENSG00000261329.6",9.52753622812623,2.09306649976437,0.34174286141397,6.12468243258763,0.000690708943514785,0.00433141350384756,"AC016597.1"
"ENSG00000250917.1",3.7587751196469,1.99410143011221,0.310934776746063,6.41324669752451,0.000693992221242708,0.00435088002481883,"AL035458.2"
"ENSG00000228549.4",5.83143386247701,-1.9069302529849,0.28367846951739,-6.72215362776413,0.000694238207723138,0.00435129957381281,"BX284668.2"
"ENSG00000254609.1",2.17968757837603,-2.98105841914037,0.619763202285548,-4.80999583090265,0.000695586217941464,0.00435862431562083,"AC136443.1"
"ENSG00000160813.7",436.755982315955,1.53832527904988,0.168430888013948,9.13327298329319,0.00069644656805368,0.00436289033351493,"PPP1R35"
"ENSG00000261729.2",4.81546241033657,-1.77434873105023,0.242343880622964,-7.32161557572292,0.000698554345695944,0.00437496664959058,"AL133383.1"
"ENSG00000233597.3",18.273689199678,1.79300694576112,0.248227873259135,7.2232296970507,0.000699946179569752,0.00438255402307266,"AC133435.1"
"ENSG00000261795.1",2.72424667873246,-1.89733315154464,0.280960365765427,-6.753027767371,0.000702050043068799,0.00439459455089434,"AC093627.7"
"ENSG00000204899.6",1198.87295015873,1.43330844527468,0.135723068192193,10.5605367191155,0.000705008955996271,0.00441197981733437,"MZT1"
"ENSG00000167483.19",25.0024769168715,-1.96466788352477,0.302179731577907,-6.50165341423053,0.000705565387087273,0.00441332589937248,"NIBAN3"
"ENSG00000273113.1",6.33966900047069,1.7630070111082,0.239010653551084,7.37626957173018,0.000705587288850292,0.00441332589937248,"AC133528.1"
"ENSG00000286502.1",5.62147346439193,2.5951752160809,0.499942810685226,5.19094416524148,0.000709605071855938,0.0044373142681676,"AL645768.1"
"ENSG00000269446.2",3.89162280036273,2.83455929810925,0.575104427834219,4.9287732121693,0.000711465968357366,0.00444780628533161,"AC006967.3"
"ENSG00000151746.15",362.429513254427,1.41582828656021,0.130375292205483,10.8596365354928,0.000712665816239854,0.00445416135149909,"BICD1"
"ENSG00000196972.9",18.6043105415277,-1.53561206353621,0.168143149628055,-9.13276613964412,0.000722638437489971,0.00451532888429064,"SMIM10L2B"
"ENSG00000106927.12",51.4011282591131,1.87939394195394,0.276160476196784,6.80544141521082,0.0007253762559885,0.00453127069936261,"AMBP"
"ENSG00000239855.1",352.14452416308,-2.03412491590197,0.32478748904873,-6.26294110607439,0.00072626308216413,0.0045356445378022,"IGKV1-6"
"ENSG00000123096.12",321.493641651004,-1.5566284853116,0.174906315006936,-8.89978435169634,0.000730204157207445,0.00455908556529828,"SSPN"
"ENSG00000242076.2",18.4544822033716,-2.41883537457909,0.445843802891091,-5.42529773632394,0.000730401222623448,0.00455914454398915,"IGKV1-33"
"ENSG00000216624.3",19.0411643873386,1.82550403655287,0.259488847162111,7.03499998754252,0.000733154980611828,0.00457515819950371,"GAPDHP72"
"ENSG00000286743.1",5.07876801013576,-1.72924156668187,0.229281233869828,-7.54201090728438,0.000734966256895765,0.00458528370797615,"AC127540.2"
"ENSG00000198865.10",31.4193880307824,-1.76848629688676,0.241670731684316,-7.31775124178817,0.00073665532174228,0.00459464176548701,"CCDC152"
"ENSG00000254176.1",4.99481496216135,-2.2185076151,0.383383712955249,-5.78665065868084,0.00074071250888712,0.00461876160276033,"IGHV3-75"
"ENSG00000163661.4",27.2757304842981,-1.71209593698922,0.224057246909525,-7.64133256390752,0.000740994442879651,0.00461933426423179,"PTX3"
"ENSG00000010327.10",1633.60840980222,-1.55384322833297,0.174307078353235,-8.9144011993827,0.000743010844502983,0.0046307164712548,"STAB1"
"ENSG00000198574.6",15.8267484113379,-1.70698094091794,0.22259290012242,-7.66862258400495,0.000746305465070874,0.00465005712851852,"SH2D1B"
"ENSG00000188176.12",57.7311376960027,1.93728034048324,0.295367686309767,6.55887705485667,0.000753670855366765,0.00469474539487629,"SMTNL2"
"ENSG00000125798.15",1455.45914151761,1.48622511492515,0.153243468298337,9.69845652430511,0.000754640905520601,0.00469958329168391,"FOXA2"
"ENSG00000134548.11",2.95521512050088,-1.96425746074741,0.304179772953558,-6.45755449704838,0.000762129319548841,0.00474500191264075,"SPX"
"ENSG00000249742.2",4.59843869473934,2.98448547432079,0.626107981543407,4.76672644703202,0.000763355387584964,0.00475141801186338,"AC110772.1"
"ENSG00000254174.1",11.9107271409477,-2.15582526247382,0.364718252273568,-5.91093329997858,0.000764583040936002,0.00475784069007551,"IGHV1-12"
"ENSG00000250271.2",5.21741073417833,2.38182168703977,0.436357722584564,5.45841534081749,0.000770849729586682,0.0047956089167835,"AC068647.2"
"ENSG00000285650.1",7.03025343894434,2.05470694114387,0.333154678139394,6.16742635168451,0.000773238687584937,0.00480923985367647,"AL157827.2"
"ENSG00000124568.12",2.9038699008372,-2.02348254548507,0.323440768426683,-6.25611469861364,0.000777126084504399,0.00483218112933902,"SLC17A1"
"ENSG00000211637.2",594.74882996779,-2.15463455830378,0.364917923905688,-5.90443608590911,0.000777833115216437,0.00483534016366319,"IGLV4-69"
"ENSG00000101158.15",4875.35888143659,1.34837644986514,0.110215870742522,12.2339590549089,0.000786532365470714,0.00488816789793819,"NELFCD"
"ENSG00000204241.8",9.53900501861154,-1.78183058348564,0.247752510005874,-7.19197792766415,0.000800589552179464,0.00497414536691345,"LINC02731"
"ENSG00000226562.4",6.15923070710548,2.66401208351513,0.527316343087088,5.05201880889771,0.000800775994871005,0.00497414536691345,"CYP4F26P"
"ENSG00000156096.14",5.37563773410325,2.8412900921986,0.583809631776716,4.86680920893967,0.000805460460898211,0.00500196503956722,"UGT2B4"
"ENSG00000260329.1",10.2595367464501,-1.49085469251614,0.155648145644055,-9.5783646271348,0.00080630189485499,0.00500591109989173,"AC007541.1"
"ENSG00000282122.1",190.866646746982,-2.46073820494328,0.463212778815681,-5.31232797859068,0.000806645789474196,0.00500676696915018,"IGHV7-4-1"
"ENSG00000241351.3",1695.39621298489,-1.99809189307449,0.3165850117668,-6.31139131294791,0.000808889469491856,0.00501941116155569,"IGKV3-11"
"ENSG00000167619.13",30.8857723426863,1.81060346615478,0.257251781534035,7.03825433339216,0.000813528858185177,0.00504691122131729,"TMEM145"
"ENSG00000112651.12",205.742535759219,1.72894003696975,0.231417532478411,7.47108491933748,0.000816656526514743,0.00506502133596433,"MRPL2"
"ENSG00000234832.1",3.23970036532826,1.87375811817162,0.277428369116046,6.75402491872718,0.000817776069108478,0.0050706707015402,"NXT1-AS1"
"ENSG00000245468.4",7.56817613256748,-1.55956861949703,0.177704493764311,-8.77619122882442,0.000819511186332443,0.00508013311935672,"LINC02447"
"ENSG00000064300.9",109.30183529434,-1.86548873509222,0.274985640280165,-6.78394963893967,0.000823658161584527,0.00510453795626218,"NGFR"
"ENSG00000124479.11",19.4977732799118,1.97556999322087,0.310029072091911,6.37220883799953,0.000825607671311027,0.00511531525060121,"NDP"
"ENSG00000254056.1",16.0018184710558,-2.10476154748596,0.351153718429743,-5.99384667460689,0.000827342611400743,0.00512475795489117,"IGHV3-71"
"ENSG00000277998.1",23.8353090693612,1.6840027885551,0.217453278187423,7.74420511197655,0.000828970333308723,0.00513353188058154,"AC107075.1"
"ENSG00000262406.3",2324.04082862688,1.81033068807771,0.257755366106982,7.02344519697147,0.000833853867010316,0.00516245833588553,"MMP12"
"ENSG00000139970.17",112.954087328873,-1.6497009415444,0.206766396248403,-7.97857375026502,0.000838423202109017,0.0051894253212555,"RTN1"
"ENSG00000279652.1",7.33109254805851,2.14018568181371,0.36310097467953,5.89418875480196,0.000844353132701636,0.00522479784177483,"Z82217.1"
"ENSG00000180543.5",139.755559461905,-1.57628274520751,0.183527658505135,-8.58880213503842,0.000844646518269631,0.00522528268685133,"TSPYL5"
"ENSG00000159216.19",2565.95878033133,1.35464968808755,0.112961916456456,11.9920919419753,0.000846035041023868,0.00523254046751845,"RUNX1"
"ENSG00000222041.11",236.347722577491,1.47020767290868,0.149847250744195,9.8113756882899,0.000850776154208341,0.00526052431228059,"CYTOR"
"ENSG00000201363.2",16.1735066783471,1.98848458234081,0.315078065273731,6.31108541501697,0.000852648552401295,0.0052707605757699,"Y_RNA"
"ENSG00000230010.2",5.30657522164686,2.28711022156471,0.410607937870235,5.57005846849339,0.000860310246911797,0.00531541800151454,"AL049646.1"
"ENSG00000267679.1",7.5714578866737,1.82466513231452,0.263075848010064,6.93588995765477,0.000860135538126225,0.00531541800151454,"EIF5AP2"
"ENSG00000124571.18",2351.48359475307,1.221750894222,0.0707962614066776,17.257279832954,0.000867389495860063,0.00535779480157589,"XPO5"
"ENSG00000184601.11",3.22428000461181,-2.87258215504558,0.598276564228575,-4.80142851450235,0.000874148396903231,0.00539817180298564,"C14orf180"
"ENSG00000145147.20",239.535566151754,-1.80896711095365,0.258531994691276,-6.99707250204688,0.00087677490822251,0.00541301582058104,"SLIT2"
"ENSG00000204764.14",195.486953169751,1.57418047991628,0.183519425510373,8.57773216943349,0.000877854410187737,0.0054183038271684,"RANBP17"
"ENSG00000277287.1",12.3220136862786,1.78640342030118,0.25139941160656,7.10583771411887,0.000879690585567463,0.00542825831114508,"AL109976.1"
"ENSG00000211967.3",244.98335772159,-2.08884211412639,0.348445915373315,-5.99473841410498,0.000889470973560613,0.00548721621160774,"IGHV3-53"
"ENSG00000182759.4",3.76351840951125,-1.87250576563821,0.279414746719085,-6.70152806043829,0.000896248468123072,0.00552762380086057,"MAFA"
"ENSG00000173227.14",31.3028845631945,1.8290278861607,0.265655000100004,6.88497444231119,0.000902127962117579,0.0055624738592888,"SYT12"
"ENSG00000114248.10",484.012789245746,-1.56356317409074,0.18068201980841,-8.65367331928597,0.000907057931058788,0.00559145299967746,"LRRC31"
"ENSG00000287445.1",15.5318111256629,1.59293287224668,0.190153265809965,8.37709973300498,0.000909845780401867,0.00560721594313096,"AC092803.3"
"ENSG00000107864.15",189.730062223969,-1.36054108044717,0.115629318530757,-11.7664023081246,0.000910177211636778,0.00560783626845175,"CPEB3"
"ENSG00000249082.2",9.96136706940267,-1.71899208249068,0.230687372634887,-7.45160891494201,0.000914320284212964,0.00563193483051331,"C5orf66-AS1"
"ENSG00000181649.8",1614.98824392816,1.53418180999366,0.171590029693551,8.94097292676977,0.00092557703041065,0.00569838404838581,"PHLDA2"
"ENSG00000244097.1",6.59533583679736,1.78827201530781,0.253206256267538,7.06251117831115,0.000925472928002325,0.00569838404838581,"RPS4XP17"
"ENSG00000114113.6",171.179444534243,2.06324536285674,0.341686568876191,6.03841517576406,0.000929889511023934,0.00572203472217817,"RBP2"
"ENSG00000163293.12",988.463786149821,-1.37906163592528,0.121815639527741,-11.3208914821748,0.000929862578088429,0.00572203472217817,"NIPAL1"
"ENSG00000083635.8",460.624420126234,1.33032752974321,0.106176390523726,12.5294100051926,0.000931894795127891,0.00573292241053361,"NUFIP1"
"ENSG00000255328.1",7.29769404606186,1.88725088413713,0.285218218179016,6.61686653884294,0.000932972207451547,0.00573809785904141,"AC136475.5"
"ENSG00000244331.1",7.50855059798386,2.07675611780407,0.346197697795029,5.99875773591551,0.000934693480123975,0.00574722964752343,"AC008677.2"
"ENSG00000224566.2",5.0089711978677,2.14342437461998,0.367694394243372,5.82936375473072,0.000936343134316881,0.00575591656056166,"FAM96AP2"
"ENSG00000066279.18",973.12752506905,1.43444501333995,0.139805735848591,10.2602729754482,0.00094341485234056,0.00579745734673609,"ASPM"
"ENSG00000248673.2",3.49538528836655,2.08026933884879,0.347639697352362,5.98398098575106,0.000943577934417335,0.00579745734673609,"LINC01331"
"ENSG00000234546.4",18.3016727375308,1.6204256541308,0.199677374971657,8.11521913467065,0.000944533040407793,0.00580185866580115,"LNCTAM34A"
"ENSG00000227682.2",7.37218527098387,2.42183594432584,0.457622146265364,5.29221752944072,0.000944954500691252,0.00580298063350958,"ATP5F1AP2"
"ENSG00000225518.3",29.1007050736501,1.50937666141948,0.163950595788984,9.20628957861276,0.000945329880415456,0.00580381912432935,"LINC01703"
"ENSG00000164764.11",511.350057297481,1.93407908701009,0.300717377589562,6.43155078869383,0.000947640842340413,0.00581653762790402,"SBSPON"
"ENSG00000255734.1",5.24659053735589,2.12743031225656,0.363087276962697,5.8592808044748,0.000951002597379414,0.00583569775664641,"HNRNPABP1"
"ENSG00000166126.11",2065.61653855231,-1.65879696689495,0.212213253922537,-7.81665111030458,0.000953294324134226,0.00584828378602921,"AMN"
"ENSG00000230215.1",5.9625874560868,2.16678872432743,0.375906278565484,5.76417274166375,0.000954825803466114,0.00585620066234896,"LINC01840"
"ENSG00000154529.15",9.91784100086937,-1.95836384090865,0.30878592831524,-6.34214082096822,0.000955742429035054,0.00585895389853679,"CNTNAP3B"
"ENSG00000163577.8",353.612310667513,1.37155130590477,0.119714429844105,11.456858690225,0.000955756924024685,0.00585895389853679,"EIF5A2"
"ENSG00000162894.12",183.363811452143,-1.58142956641214,0.18742962722813,-8.43745777975274,0.000960693842554378,0.00588773275512519,"FCMR"
"ENSG00000233030.2",3.555331916421,2.06567125530454,0.344009806581947,6.00468712165179,0.000974836988858012,0.00597290439466709,"AC243772.2"
"ENSG00000239899.3",12.2821264824002,2.42296992510706,0.459828545506113,5.26928993162049,0.000985504353032021,0.00603674206671997,"RN7SL674P"
"ENSG00000259479.6",132.413706015965,1.66024630597715,0.21339828632966,7.78003579378506,0.000987512078990064,0.00604599232034733,"SORD2P"
"ENSG00000287530.1",3.30971129075138,2.04400034241965,0.337426936022093,6.05760869750427,0.000987373600602713,0.00604599232034733,"AL445985.2"
"ENSG00000252690.3",11.0700322827358,1.69967115155683,0.226245802852104,7.51249804473899,0.000992302409089817,0.00607379056445405,"AC105339.2"
"ENSG00000172236.18",262.662206025754,-1.74343503955519,0.240829269482875,-7.23929879162452,0.00101100739772313,0.0061867236879053,"TPSAB1"
"ENSG00000287608.1",19.2247013419848,1.91433774636116,0.296240342548972,6.46211022404787,0.00101273253514758,0.00619572019236811,"AC022137.3"
"ENSG00000116704.8",2292.76622745678,-1.31653817562139,0.102563910331956,-12.8362712708624,0.00101348137805779,0.00619874087259109,"SLC35D1"
"ENSG00000171224.9",262.308805981873,1.39303844947027,0.127362630018115,10.9375760320915,0.00101441447060191,0.00620288667227637,"FAM241B"
"ENSG00000211633.3",15.0547874301036,-2.18543534585463,0.384159141794749,-5.68888022720094,0.00101505266853243,0.00620522763404731,"IGKV1D-42"
"ENSG00000177839.7",69.7900204023453,1.72896882826259,0.236311893644394,7.31646977897934,0.00101853377023454,0.00622494230802298,"PCDHB9"
"ENSG00000249464.6",99.1832565314494,1.63204652066249,0.205000374826369,7.96118798341126,0.00102411589220975,0.00625748458151795,"LINC01091"
"ENSG00000083814.13",62.063316785033,-1.5081629159033,0.164899313822606,-9.14596235085453,0.00102926382145495,0.00628735818535831,"ZNF671"
"ENSG00000185960.14",4.76783351290285,-1.86946776712631,0.282207556524219,-6.6244426270913,0.00103170161667607,0.00630066581684556,"SHOX"
"ENSG00000155269.12",9.22090631028951,1.89676110672469,0.291135288044408,6.51505050956025,0.00103423430588604,0.00631454613895245,"GPR78"
"ENSG00000211959.2",1408.26593725084,-2.03087992026594,0.334768043388392,-6.0665286319153,0.00103713979124504,0.00633069503322141,"IGHV4-39"
"ENSG00000286583.1",4.91624189160058,-1.82915545379238,0.269270831718751,-6.79299514959312,0.00103757031787976,0.00633173247726727,"AC105101.2"
"ENSG00000180071.20",75.6741513062263,1.64241603177095,0.208712630516517,7.86926995125471,0.00104199878292001,0.00635716053852778,"ANKRD18A"
"ENSG00000185915.5",23.5335001560958,-2.15537816976348,0.375764003884456,-5.73598893848873,0.00105341603680639,0.00642520323654503,"KLHL34"
"ENSG00000133687.16",284.422339802432,-1.63454309187095,0.206388786006843,-7.9197282153535,0.00105426543326045,0.0064287703960424,"TMTC1"
"ENSG00000204219.11",2143.42313021118,-1.497762474585,0.161996008231054,-9.24567519249458,0.00106071650444368,0.006466485463618,"TCEA3"
"ENSG00000084734.9",6.80283690392603,1.88989619622706,0.289772911037063,6.52199058035944,0.00106667153826825,0.00650115835964846,"GCKR"
"ENSG00000153822.14",7.55492714654303,-2.10541259830494,0.360175537239511,-5.84551803390487,0.0010735449318511,0.00654140969006566,"KCNJ16"
"ENSG00000184368.16",330.900932010114,2.09943074426108,0.358283049749257,5.85969876534868,0.0010752877541866,0.00655038667002619,"MAP7D2"
"ENSG00000251141.6",22.7397259093485,-1.65982910591391,0.215227884152155,-7.71196126585759,0.00108572138733694,0.00661228814844302,"MRPS30-DT"
"ENSG00000095739.11",685.343325726079,1.68831331783069,0.224597733081017,7.51705413349689,0.00108962633818705,0.00663440742118402,"BAMBI"
"ENSG00000176293.20",33.4967657967027,-1.59090765095865,0.192958737445381,-8.2448075273553,0.00109802377685183,0.00668386216871232,"ZNF135"
"ENSG00000179981.11",964.771961514198,-1.3129641121916,0.102209325749732,-12.8458347862162,0.00109934756316325,0.00669024437387102,"TSHZ1"
"ENSG00000073417.15",1413.22480135939,-1.25421684703905,0.0831133538231015,-15.0904372083038,0.00111158605756703,0.00676302984448643,"PDE8A"
"ENSG00000177453.7",9.503326701728,-1.44003821780911,0.143878060837379,-10.008740800564,0.00111257149432266,0.00676733099174984,"NIM1K"
"ENSG00000007314.12",10.5003064878384,-1.85658706044998,0.280327619624955,-6.62291879385227,0.0011228131696084,0.00682450225649928,"SCN4A"
"ENSG00000104290.11",580.334735229456,1.51678504799745,0.169117656033907,8.96881546000933,0.00112240832960004,0.00682450225649928,"FZD3"
"ENSG00000197446.9",7.8476083299363,1.81954404476349,0.268201670320516,6.78423830317324,0.00112267617458311,0.00682450225649928,"CYP2F1"
"ENSG00000131401.11",145.13914501136,-1.57865353182517,0.189398338199623,-8.33509705962305,0.00112447860363327,0.00683291574600861,"NAPSB"
"ENSG00000048052.22",188.432616756332,-1.65287641150723,0.213731728247704,-7.73341620852678,0.00112660268812585,0.00684411133036451,"HDAC9"
"ENSG00000166143.10",1376.97518456604,-1.57339656069813,0.187725229107506,-8.38138042594733,0.00112738329944332,0.00684714175867852,"PPP1R14D"
"ENSG00000259436.1",5.2898008694062,-1.71070786398304,0.232830080122648,-7.34745211220941,0.00113481536896731,0.00689055808743267,"AC010247.2"
"ENSG00000135749.19",523.269429282748,1.35340497847596,0.115819091910992,11.6855084610408,0.00113906137410245,0.00691461188875582,"PCNX2"
"ENSG00000241680.1",8.56038293860361,1.85720649717649,0.2809628692349,6.61014924226077,0.0011405545163553,0.00692194674011834,"RPL31P49"
"ENSG00000181826.10",562.57385431732,-1.40054325814825,0.131353357988195,-10.6624092417501,0.00114665959466674,0.00695726046202291,"RELL1"
"ENSG00000265817.4",123.714516314097,1.55962474537206,0.183565998273445,8.49626161730015,0.00114943845590921,0.00697238004957408,"FSBP"
"ENSG00000198208.12",354.427141691399,1.36915453429152,0.121139364051171,11.3023090802521,0.00115432796060713,0.00700029184995092,"RPS6KL1"
"ENSG00000253132.1",26.524187586092,-2.01600746281634,0.333522830609716,-6.04458609064592,0.00115841898524167,0.00702334863806701,"IGHV3-62"
"ENSG00000236908.2",4.17143255050065,2.00554033479336,0.330106033845987,6.0754428249229,0.00115910283950447,0.00702574183087021,"LINC02827"
"ENSG00000138101.19",334.804156819685,1.37270405190887,0.122380085309121,11.2167273657437,0.00116161085608731,0.00703918798077847,"DTNB"
"ENSG00000225218.1",6.81971328626599,1.77888759793105,0.255962988407993,6.9497844551478,0.00117127990101905,0.00709601136743028,"AP001628.1"
"ENSG00000205323.9",6.93498808289204,2.05157144157306,0.345837521572849,5.93218292868464,0.00118033376204302,0.00714908036332141,"SARNP"
"ENSG00000286636.1",4.54589200501335,2.03198817815139,0.339706807588352,5.98159392970923,0.00119124797802791,0.00721338795566365,"AL512356.4"
"ENSG00000214514.8",4.03952836458638,2.29662909849532,0.426869472262133,5.38016711835744,0.00119262579685179,0.00721993195403549,"KRT42P"
"ENSG00000250742.4",40.8714074695611,-1.52892018003007,0.174162376051586,-8.77870533631904,0.00119497663587857,0.00723236170656269,"LINC02381"
"ENSG00000253522.6",113.665608751794,1.67390108012279,0.221911942478661,7.54308696245023,0.00119554000380939,0.0072339696445638,"MIR3142HG"
"ENSG00000047457.14",144.06577960078,-1.97677536528905,0.321776074282355,-6.14332613043955,0.00120038804272084,0.00726149600152261,"CP"
"ENSG00000227082.3",4.60709633206183,-1.86873590796855,0.286223255592449,-6.52894505060564,0.00120200531253276,0.0072694696601658,"LINC02798"
"ENSG00000250596.2",5.31110833956551,-1.80436236889898,0.265030276684654,-6.80813675882736,0.00120274645711854,0.00727214205224695,"AC096751.1"
"ENSG00000257243.1",4.99384774792236,1.75812297533476,0.249918865181702,7.03477496209232,0.00120876816360232,0.0073067329292379,"AC020612.1"
"ENSG00000163331.12",27.5471432531704,2.02471083314373,0.338170957391463,5.98724044418735,0.00122213633568809,0.00738570329699591,"DAPL1"
"ENSG00000121895.8",31.0511891046269,-1.60286898062702,0.199054469411577,-8.0524139215022,0.00122819111146742,0.00742044853522087,"TMEM156"
"ENSG00000148516.22",648.384992839733,-1.58844811948264,0.194469424617134,-8.1681124043532,0.00123940628827038,0.00748634670767343,"ZEB1"
"ENSG00000134222.16",458.707319475302,1.32417911540718,0.107141563480119,12.3591543038561,0.0012402574994625,0.0074896265499351,"PSRC1"
"ENSG00000149970.16",17.424885327343,-1.84157266613469,0.278161371170592,-6.6205190835261,0.00124117933982394,0.00749333116962031,"CNKSR2"
"ENSG00000210077.1",9.07350067372493,2.37853840922697,0.456004209397046,5.21604485268241,0.00125106952039051,0.00755116476539725,"MT-TV"
"ENSG00000236409.2",11.0287053538494,1.65936230983118,0.218152510202874,7.60643234537175,0.00125354975219371,0.00756425601646567,"NRADDP"
"ENSG00000278638.2",6.90818299902492,1.98666212879389,0.326651119304065,6.08190822375414,0.00126163008803882,0.00761112491046259,"AC244093.5"
"ENSG00000105982.17",87.2419157459425,1.37553548181137,0.1243989500694,11.0574525029671,0.00126889233010037,0.0076530363915212,"RNF32"
"ENSG00000198189.11",3191.86150458265,-1.31435633201165,0.104171493549399,-12.6172361288874,0.00127358458667663,0.00767943063430323,"HSD17B11"
"ENSG00000182132.14",4.02455817558918,-1.90531864761051,0.300020560394259,-6.35062692072408,0.00127425262233163,0.00768155264764538,"KCNIP1"
"ENSG00000179914.5",3274.62495343566,-2.28117361985553,0.424658069473337,-5.37178917307436,0.00127664516821663,0.00769406686201987,"ITLN1"
"ENSG00000087128.10",8.18351545305334,2.63471413524613,0.541955608258394,4.86149436429478,0.00127929520502659,0.00770812632832785,"TMPRSS11E"
"ENSG00000144550.13",18.838586678136,1.72205747163316,0.239495673080519,7.19034899246049,0.0012852851769629,0.00774229791774876,"CPNE9"
"ENSG00000272235.1",51.1081032091764,1.69067961282062,0.229104462421175,7.3795141087761,0.0012861975595513,0.00774587377871045,"AL590438.1"
"ENSG00000206384.10",14.245325221104,2.07145561553022,0.355553479915717,5.82600292935189,0.00129132261184436,0.00777481156288847,"COL6A6"
"ENSG00000104907.12",1654.33695414269,1.33276051127405,0.110541302464479,12.0566745782855,0.00130502547155001,0.00785536758946376,"TRMT1"
"ENSG00000224739.2",47.0413813830752,1.60102247506386,0.199850335652132,8.01110726103892,0.00131762503240107,0.00792924425144773,"AC016735.1"
"ENSG00000270640.1",10.3816378873945,2.08153874472733,0.359641728530799,5.78781209074595,0.00131804008014171,0.00792977814989938,"AC104695.3"
"ENSG00000278934.1",6.55872573587824,-1.66485511859626,0.221212254440492,-7.52605285275513,0.00132568971913159,0.00797382677596477,"AC117489.1"
"ENSG00000115386.6",12363.8004366501,2.44954525487031,0.482334442597096,5.0785202932656,0.00132672573435006,0.00797808348050146,"REG1A"
"ENSG00000223382.5",4.91788264067189,-1.75703011222245,0.251972282317772,-6.97310869298945,0.00133044647528386,0.00799847831504154,"LINC01778"
"ENSG00000135446.17",2981.678844809,1.32662565444406,0.108727352249264,12.2013975968318,0.00133192674983832,0.00800539698765058,"CDK4"
"ENSG00000230454.1",21.1198753201009,1.58751358111467,0.1956943625724,8.1122090603266,0.00134018084692848,0.00805301547486699,"U73166.1"
"ENSG00000197928.10",49.7200648591697,-1.55066099102415,0.183462725500966,-8.45218551501341,0.00134332242194735,0.00806989736794082,"ZNF677"
"ENSG00000160856.21",43.7756276933358,-1.83329405256661,0.277709616836849,-6.6014784559789,0.00134726399425587,0.00809157564518476,"FCRL3"
"ENSG00000155846.17",694.013263689691,-1.34307553193255,0.114344908123547,-11.7458271992434,0.00134831723413278,0.00809590036803227,"PPARGC1B"
"ENSG00000167695.15",1313.5003505718,1.36424815212208,0.121459050474945,11.2321654647177,0.00135461251777949,0.00813169075643318,"TLCD3A"
"ENSG00000176490.5",34.9814448940184,-1.82152674830723,0.273957759856261,-6.64893284739567,0.00135551455886069,0.00813509601884782,"DIRAS1"
"ENSG00000197119.13",769.909588510822,1.39977225275044,0.13331937382286,10.499391143333,0.00135608968060036,0.00813653808360216,"SLC25A29"
"ENSG00000151790.9",184.505642124546,1.71359226380081,0.237987596736039,7.20034273761511,0.00135681417834679,0.00813887547119897,"TDO2"
"ENSG00000060656.20",623.741507035979,1.76147787053828,0.254035012054173,6.93399644519334,0.00136088005609104,0.00816125008958844,"PTPRU"
"ENSG00000213186.8",351.776015995928,1.33064957744684,0.110340529478091,12.0594815317707,0.00136491571523817,0.00818343248958486,"TRIM59"
"ENSG00000211945.2",1190.57589545176,-1.96951065134364,0.323755937310888,-6.08331902019271,0.00137414832049929,0.0082367548564708,"IGHV1-18"
"ENSG00000198108.4",60.7388086779348,1.52771416645687,0.176271258289218,8.66683645016178,0.00137780474883334,0.00825663511631323,"CHSY3"
"ENSG00000226025.9",17.5244721778078,2.07236714058633,0.358258419589675,5.78455948909694,0.00137998990173857,0.00826769097935091,"LGALS17A"
"ENSG00000287975.1",6.75810291157493,-1.63308666395935,0.211581172988268,-7.71848761822446,0.00138501356172365,0.00829574304902261,"AC113143.2"
"ENSG00000239415.1",64.6028280630224,1.38760962447011,0.129586118444746,10.7080113296377,0.00138971118315834,0.00832182891837053,"AP001469.3"
"ENSG00000230667.6",5.59220127553432,1.6939466027333,0.232043627750438,7.30012118477624,0.00139221005626048,0.00833473869601617,"SETSIP"
"ENSG00000181350.12",775.470295191058,-1.34278374133234,0.114661762930985,-11.7108241405686,0.00139707647222866,0.00836181238304347,"LRRC75A"
"ENSG00000237361.3",275.318684990389,1.78534376232632,0.262715407854589,6.79573298310123,0.00139793751344031,0.00836490558399398,"TUSC8"
"ENSG00000186792.17",154.741170080605,1.39662509893817,0.132685631624129,10.5258201799463,0.0013985031749993,0.00836623021971518,"HYAL3"
"ENSG00000261614.1",6.84655656109457,2.02724071429128,0.34371687944113,5.89799580860705,0.0014011811478987,0.0083801875200439,"YBX3P1"
"ENSG00000239198.1",7.69982650650521,1.95475900177578,0.319495925308323,6.11825956744013,0.0014025361962728,0.00838622774838313,"RPL5P22"
"ENSG00000273972.1",4.95229384528277,-1.70560153369547,0.236139426446181,-7.22285795033977,0.00140371849199094,0.00839123231374658,"AC068722.2"
"ENSG00000237512.6",15.9423432569715,1.95457654509051,0.319493819101485,6.11772882050543,0.00140506881726674,0.00839723862754102,"UNC5B-AS1"
"ENSG00000137309.20",16662.1851339063,1.36421013469752,0.121937417199979,11.1877893268823,0.0014092885061977,0.0084203862061972,"HMGA1"
"ENSG00000229145.1",9.03435663553723,1.89413804291836,0.299462205836026,6.32513220701888,0.0014141292872408,0.00844723246803134,"ACTBP1"
"ENSG00000109625.19",10.3082493243203,1.71512081357182,0.239531099213947,7.16032623404733,0.00141556183834789,0.00844971113746438,"CPZ"
"ENSG00000166535.20",9.12509519798774,2.22626042211749,0.410739059483161,5.42013322258376,0.00141558740907891,0.00844971113746438,"A2ML1"
"ENSG00000231313.2",11.7121037352662,1.85190717279798,0.285343671232126,6.49009373434277,0.00141535442119945,0.00844971113746438,"CLIC1P1"
"ENSG00000091879.14",267.336688486645,1.43035816230453,0.14417592087906,9.92092267268653,0.00141811545093665,0.00846272236192548,"ANGPT2"
"ENSG00000135426.16",52.2142904185146,-1.5716446702685,0.191523383536326,-8.20601976244018,0.00141916590115848,0.00846691171081539,"TESPA1"
"ENSG00000225111.1",6.68538805883322,-1.76122562180281,0.255185617376928,-6.9017432875198,0.00142706343171903,0.00851193946754356,"AC083900.1"
"ENSG00000132661.4",979.281735410932,1.39281000254424,0.131706702272295,10.5750882720053,0.00142970894457732,0.00852562634435062,"NXT1"
"ENSG00000178796.13",32.1664002789771,1.96640300145127,0.324118625453405,6.06692379588028,0.00143357432851976,0.00854657904392302,"RIIAD1"
"ENSG00000212493.1",4.50116891835902,1.76442837546974,0.256460682598961,6.87991764503277,0.00143802476665717,0.00856890677532351,"SNORD19"
"ENSG00000239345.2",44.5966133239455,1.70435631844553,0.236305176680609,7.21252213932301,0.00143792250767392,0.00856890677532351,"HNRNPA1P26"
"ENSG00000235726.7",13.4186831429566,1.63811144411691,0.214135674536954,7.64987640503694,0.00144152463257803,0.0085876559381334,"AC010148.1"
"ENSG00000019186.10",36.693396651559,2.10704705277677,0.371566694304995,5.67071022530137,0.00144405163967919,0.00860060167750103,"CYP24A1"
"ENSG00000286342.1",5.6775149244643,2.30037469832343,0.436486415056892,5.27020914963322,0.00144507119954083,0.00860456509405592,"AC073210.3"
"ENSG00000248409.2",21.9928283357018,1.98503628212251,0.330847396428463,5.99985462648707,0.00145393447568099,0.00865521993117296,"AP000344.2"
"ENSG00000227512.1",6.69199351624025,1.90999384248817,0.306112570956924,6.23951455674437,0.00147575987417645,0.00878299410788336,"AL592301.1"
"ENSG00000122824.11",12.7076877178925,-1.79094578779122,0.266213841625201,-6.7274705810101,0.00148371485662077,0.00882817605677884,"NUDT10"
"ENSG00000258839.4",70.1172523871855,1.53623303609567,0.180559304388838,8.5081909309274,0.00148975319604284,0.00886193455663184,"MC1R"
"ENSG00000267480.1",36.1383749265549,-1.37560770998284,0.12649518869249,-10.8747828609272,0.00149218225021404,0.00887421162021564,"AP001542.3"
"ENSG00000161249.21",582.376615786136,1.74805557764509,0.252009625302672,6.93646354001606,0.00149696173334483,0.00890045757775369,"DMKN"
"ENSG00000103241.7",579.720087240019,-1.44943459901795,0.151425293325013,-9.57194513011074,0.00149858228334857,0.00890791327920015,"FOXF1"
"ENSG00000106105.15",5517.82157204846,1.23173972230139,0.0781044272165075,15.770421296183,0.00150336145039436,0.00893413627893931,"GARS1"
"ENSG00000211660.3",1768.69396249397,-1.96813708771688,0.326309678973536,-6.03150079368774,0.00150396047137723,0.00893551086906278,"IGLV2-23"
"ENSG00000159958.7",77.3461964662037,-1.64917088119596,0.218833348356013,-7.53619543632343,0.00150601256578211,0.00894551585150457,"TNFRSF13C"
"ENSG00000081189.16",411.839879306927,-1.49363542822372,0.166426693042871,-8.97473476709028,0.00150809411523128,0.00895569086024439,"MEF2C"
"ENSG00000211669.3",473.990841169188,-2.06200203388438,0.358183188337942,-5.75683644855743,0.00151356737674063,0.0089859973747367,"IGLV3-10"
"ENSG00000129116.19",4394.03054299473,-1.44096706257752,0.148763846163011,-9.68627189833851,0.00151731281854448,0.00900603358344673,"PALLD"
"ENSG00000239557.1",6.36955224072084,1.63781918782717,0.215277203494961,7.60795458709824,0.00152436744008743,0.00904569689722213,"PPP2R5CP"
"ENSG00000250159.7",20.0305308050935,-1.94694350423446,0.319683246492596,-6.0902268905091,0.00152759117188426,0.00906261364179383,"AC106791.1"
"ENSG00000167077.13",103.447750302448,-1.53407864124148,0.180350553666228,-8.50609332800038,0.001531536382043,0.00908380133845375,"MEI1"
"ENSG00000077264.15",17.5124490267726,-1.7470810183738,0.25242233258843,-6.92126168258806,0.00153995825012004,0.00913152403072646,"PAK3"
"ENSG00000163534.15",20.6630351455846,-2.11793647780587,0.377981115289535,-5.60328649272206,0.00154996100846224,0.00918859539049338,"FCRL1"
"ENSG00000177191.2",597.894256305263,-1.49928322556132,0.168869631122605,-8.87834725281534,0.00155515896363502,0.00921716166251974,"B3GNT8"
"ENSG00000255833.2",22.8834984505663,-1.67391277762525,0.227968165111496,-7.34274795257732,0.00155742396256798,0.00922833511104657,"TIFAB"
"ENSG00000152953.13",31.9656550583596,-1.55095945605937,0.186414055541138,-8.31997057065851,0.00156046840207357,0.00924412047059673,"STK32B"
"ENSG00000178965.14",2.69552643760589,-2.28596714577231,0.435192139732927,-5.25277673253746,0.00156364367732561,0.00926067300975197,"ERICH3"
"ENSG00000168329.14",39.0317165227397,-1.56971780718237,0.192832427022588,-8.14032075112812,0.0015660281082634,0.00927253485155958,"CX3CR1"
"ENSG00000196118.12",16.5592416059304,1.57961602060699,0.196203793172368,8.05089440457081,0.00156764270954332,0.00927983382263161,"CCDC189"
"ENSG00000155511.18",6.11791102603247,-1.9581335815674,0.324375662549261,-6.03662298884716,0.00156955045373053,0.00928886410756257,"GRIA1"
"ENSG00000130635.16",8570.30147021102,1.563742088451,0.190868174529174,8.19278589690702,0.00157061814667995,0.00929291964069218,"COL5A1"
"ENSG00000157653.12",22.0985434233716,1.40117878487367,0.135858499008675,10.3135158646512,0.00157393618757181,0.00930995304227554,"C9orf43"
"ENSG00000164251.5",3438.30665822161,-1.30289542173038,0.102577236866096,-12.7016038015448,0.00157426325311565,0.00930995304227554,"F2RL1"
"ENSG00000249096.7",71.2353693967713,-1.65206105545608,0.220918216682487,-7.47815675984064,0.00158068752513262,0.0093456707690323,"LINC02362"
"ENSG00000172782.12",38.1088232895774,-2.32689002951954,0.449603021378537,-5.17543236783645,0.00158246329761013,0.00935389397517054,"FADS6"
"ENSG00000177822.8",10.6569960898163,2.11751570333284,0.378771135804451,5.5904885646462,0.00158695831448576,0.0093770122384711,"TENM3-AS1"
"ENSG00000197893.14",14.4276479328384,-2.05337220812047,0.357034743221787,-5.75118317503608,0.00158714614554863,0.0093770122384711,"NRAP"
"ENSG00000161896.12",15.9355672480155,-1.61788425832448,0.209471060576467,-7.72366480540101,0.00159022955363937,0.00939294558907063,"IP6K3"
"ENSG00000178473.7",42.5190538789864,-2.04132527518326,0.353308004912012,-5.77774985792249,0.00160250810047903,0.00946317055689925,"UCN3"
"ENSG00000150672.17",35.7762291333902,-1.62289063307367,0.211360640462622,-7.67830107593125,0.00160410029735146,0.00947027143480092,"DLG2"
"ENSG00000261744.1",5.64757829430396,1.81254858170563,0.275730542452836,6.57362280428424,0.00160491793852073,0.00947279715959529,"AC116552.1"
"ENSG00000231720.1",5.41562402085721,2.20436162176168,0.40870336954795,5.3935489306091,0.0016054734411263,0.00947377479829261,"AL353747.3"
"ENSG00000164611.13",1409.33219559496,1.33742595698429,0.114513395244873,11.6792097040208,0.00160640689497962,0.0094769816819628,"PTTG1"
"ENSG00000074211.14",167.151998171666,1.96341214382465,0.327113125569945,6.00224200849081,0.00161375268273461,0.00951800732777937,"PPP2R2C"
"ENSG00000253883.1",14.0364938718918,-2.01898156463001,0.346040469570449,-5.83452440443233,0.00161639715931112,0.00953129118448441,"IGHV3-19"
"ENSG00000111341.10",1481.84549984191,-1.69951397541325,0.23757703366007,-7.15352805458862,0.00161808007114651,0.00953889998274146,"MGP"
"ENSG00000233214.1",6.56372664857507,-1.7475963958759,0.253939856230934,-6.88193031930612,0.0016200523726973,0.00954821068555529,"AC002511.2"
"ENSG00000144031.12",10.97215371685,-1.52952445783272,0.179980201273594,-8.49829285115444,0.00162983550829323,0.00960354094362888,"ANKRD53"
"ENSG00000056277.16",212.374181597495,1.35634995284087,0.121150524666365,11.1955763838094,0.00163375739697034,0.00962431630215253,"ZNF280C"
"ENSG00000283787.2",31.4773511894071,-1.60752563368178,0.206588993150937,-7.78127435137504,0.00163711760155728,0.00964177356224961,"PRR33"
"ENSG00000011198.10",750.698384056043,-1.25469144099246,0.0866141492444398,-14.4859870117931,0.00163826022167872,0.00964616510462635,"ABHD5"
"ENSG00000103269.14",174.405632787563,1.58520021456152,0.199038873874567,7.96427443395055,0.00164037150262218,0.00965625666514512,"RHBDL1"
"ENSG00000254995.4",21.9583644567199,1.6530884610659,0.222291105777861,7.43659290947006,0.00165175241099229,0.0097208969695114,"STX16-NPEPL1"
"ENSG00000113327.17",6.21000410761085,-2.50456764111367,0.512166083126901,-4.89014740262117,0.00165352004369206,0.00972894359847871,"GABRG2"
"ENSG00000255282.6",12.8249792214606,1.84492030246011,0.287683709300237,6.41301624950437,0.00165714592564265,0.00974791720966263,"WTAPP1"
"ENSG00000250302.3",7.93290643312052,1.91024725561061,0.309998616386871,6.1621154244981,0.00166079368010902,0.00976701026782413,"LINC01618"
"ENSG00000091482.8",32.4603306613251,-2.29932349612977,0.442620894816827,-5.19479202869831,0.00166493351454246,0.00978898727398543,"SMPX"
"ENSG00000143816.8",91.2218296626073,-1.62283836501944,0.212208445592437,-7.64737878593307,0.00166757186325604,0.00980212778837003,"WNT9A"
"ENSG00000213371.4",6.62406923702747,1.65672822779974,0.223807111982816,7.40248249093598,0.00167123945463988,0.00982131045894778,"NAP1L1P3"
"ENSG00000157152.17",32.6238288101336,-1.74233615186428,0.253073376821635,-6.8847074067861,0.00167698331554802,0.00985268243902727,"SYN2"
"ENSG00000082482.14",10.5880720431277,-1.99945222475352,0.340738548934066,-5.86799536186444,0.00167747160315481,0.00985316895254097,"KCNK2"
"ENSG00000167702.13",740.701494689765,1.51963479160923,0.177221054750422,8.57479825830687,0.00168324059232368,0.00988227745674449,"KIFC2"
"ENSG00000237406.1",5.50390233218385,2.06300311813984,0.362531764868113,5.69054443792077,0.00168303680663394,0.00988227745674449,"NDUFA9P1"
"ENSG00000157423.18",7.80289039916829,2.1985020630279,0.408829893184199,5.37754723830179,0.0016864179772381,0.00989854030118014,"HYDIN"
"ENSG00000256061.7",8.18139506055422,1.62645627076492,0.213738560215342,7.60955940344251,0.00168965523214094,0.00991514661700675,"DNAAF4"
"ENSG00000233569.2",15.2532845288614,2.10547095612039,0.377249920734377,5.5811037733865,0.00169295043515753,0.00993208488033026,"AL161630.1"
"ENSG00000259342.1",185.345219688564,-1.71075229656023,0.242606706901757,-7.05154576477968,0.00169672988570977,0.00995185523117242,"AC025580.1"
"ENSG00000091181.20",8.43447398157343,-1.8014237838955,0.273565216767559,-6.58498841768367,0.00169724994797152,0.00995233107596275,"IL5RA"
"ENSG00000145335.17",45.1088133058466,-1.69447288220815,0.237063264970282,-7.1477665779241,0.00169763013620846,0.00995233107596275,"SNCA"
"ENSG00000157087.20",5.19414344604706,-1.93004428110693,0.317655104241436,-6.0759114377082,0.00170661161407465,0.0100025716888601,"ATP2B2"
"ENSG00000121933.19",24.9844443738529,-1.5823284960017,0.198921426071092,-7.95454027881437,0.0017088814366905,0.0100134600703108,"TMIGD3"
"ENSG00000115353.11",21.8597209616958,-1.95215404048671,0.32536058067073,-5.99997097516347,0.0017142295461963,0.0100423765604075,"TACR1"
"ENSG00000101146.13",2104.05433848893,1.28979103964785,0.0990605064736597,13.0202346582066,0.00172010018901068,0.0100743395017979,"RAE1"
"ENSG00000216657.1",6.86345118527645,1.87927534770196,0.300619440516402,6.2513433744463,0.00172295350504405,0.0100886193186917,"GLRX3P2"
"ENSG00000153814.13",195.984384105957,-1.48489293543251,0.165835882218844,-8.95399062956094,0.00172819811846547,0.010116890936813,"JAZF1"
"ENSG00000250896.1",23.4118689348391,1.69309430441944,0.237101137000024,7.14081056650215,0.00173226339348802,0.0101382467393446,"RNPS1P1"
"ENSG00000121957.15",1957.61006185702,1.37441613951994,0.128090456872558,10.7300432294296,0.00173304647846178,0.010140387533499,"GPSM2"
"ENSG00000250697.2",7.20424060615281,2.18468464158614,0.405587249212649,5.38647269071496,0.00174504226552472,0.0102081191748317,"AC010343.3"
"ENSG00000141738.14",1777.01153727308,1.41803065282033,0.143123132985316,9.90776699225706,0.00174580225628776,0.0102101070584338,"GRB7"
"ENSG00000224786.2",4.61586168962308,-1.57497847835635,0.196915822012866,-7.9982322510044,0.0017506053656971,0.0102357339717131,"CETN4P"
"ENSG00000254413.8",5.54312415673094,1.7806838667197,0.267392940064089,6.65942738163882,0.00175233232492016,0.0102433667297474,"CHKB-CPT1B"
"ENSG00000283098.2",3.45939995922209,2.45727967017995,0.499494313427385,4.9195348257697,0.00176419149658883,0.0103102100449997,"AL132857.1"
"ENSG00000281091.3",8.76397297662204,1.71405036354527,0.244800548128401,7.00182404267425,0.00176783891452034,0.0103290419867382,"AL117327.1"
"ENSG00000223460.1",6.97823595500663,2.00352464969445,0.344076204664783,5.82290964191024,0.00176947836206229,0.0103361356245465,"GAPDHP69"
"ENSG00000101190.13",648.089057140795,1.35958164532821,0.123311875899203,11.0255531789943,0.00177255828729069,0.0103516381593761,"TCFL5"
"ENSG00000136943.11",507.161008675274,1.55394169401484,0.190202952117793,8.16991364599052,0.0017934776333982,0.0104712894021086,"CTSV"
"ENSG00000254675.1",4.26008951901476,1.82124223277795,0.282135300351202,6.45520865524755,0.0018024662226612,0.010521241703259,"AP003032.1"
"ENSG00000226329.2",7.78306036023882,-1.68035533317637,0.233789398851575,-7.18747445962324,0.00180644689065691,0.0105419451111823,"AC005682.1"
"ENSG00000264500.1",2.66461568583556,-1.56737606017804,0.194996043756437,-8.03798902779687,0.00180899575765434,0.0105542849726292,"MIR3124"
"ENSG00000284512.1",4.73345439526163,1.70634851319988,0.2429406143551,7.02372683846827,0.00182168344055811,0.0106257579466064,"AC092718.8"
"ENSG00000204949.9",3.33957077431827,2.20174046242253,0.413442177688269,5.3253890900377,0.00182648483831807,0.0106512074804725,"FAM83A-AS1"
"ENSG00000258789.1",8.44111382766619,-1.5212406469434,0.179379909244125,-8.48055199355177,0.00183162626310445,0.0106786272057193,"AL162171.1"
"ENSG00000143185.4",8.69450171415802,-1.73889815812087,0.254378458767197,-6.83587032702438,0.00183790975660716,0.0107126905938005,"XCL2"
"ENSG00000236393.2",5.92024755744475,1.66004155854427,0.227339461798587,7.30203874598329,0.00184608476010856,0.0107577601128629,"AC091806.1"
"ENSG00000240661.3",7.14358381595003,2.06599777781432,0.367198412470097,5.62637992881455,0.00184769917160165,0.010764586398926,"AC063952.1"
"ENSG00000101074.5",58.1241583935106,1.7664216415942,0.264354040475278,6.68203004735007,0.00187043624577862,0.010894439303073,"R3HDML"
"ENSG00000101311.16",9318.28835902013,1.40727560698669,0.140554993417554,10.0122775631743,0.00188000172879369,0.0109475298369726,"FERMT1"
"ENSG00000279118.1",25.5164218045241,-1.42379745726549,0.146272263394293,-9.73388545596977,0.00188183219609045,0.0109555635757063,"AC093535.2"
"ENSG00000166451.13",388.490816802867,1.26985751413779,0.0931704300109385,13.6294048872449,0.00188743979774897,0.010985577744982,"CENPN"
"ENSG00000279845.1",4.25341652978324,2.0101887725375,0.348802808513437,5.76310948041023,0.00188879818516593,0.0109908515085087,"AC097372.2"
"ENSG00000172893.16",3668.44726680139,1.36753231416462,0.126976544820073,10.7699600434271,0.00189887622391762,0.0110468499500115,"DHCR7"
"ENSG00000103056.12",1372.49370456907,-1.44133709658783,0.152523760964485,-9.44991840925982,0.00190448993821811,0.0110768562706319,"SMPD3"
"ENSG00000211957.2",16.7851161171489,-2.02913920971121,0.355817232282711,-5.70275699322786,0.00191200846742007,0.0111179243259889,"IGHV3-35"
"ENSG00000250133.2",4.85379505598857,2.44707677072577,0.500602233805044,4.88826578364564,0.00192209662931568,0.011173911026883,"HOXC-AS2"
"ENSG00000188089.13",21.7537618696288,1.62559006176586,0.216424843194646,7.51110657062529,0.00192275041622276,0.011175038295674,"PLA2G4E"
"ENSG00000261713.6",60.4405978371469,2.2095405728048,0.41848890274866,5.27980684384318,0.0019246336318567,0.0111833087647341,"SSTR5-AS1"
"ENSG00000151287.17",176.343530179362,1.39915123562822,0.138134966451186,10.1288708541631,0.0019288197550218,0.0112049533939827,"TEX30"
"ENSG00000111206.13",1847.85701729649,1.35057182784243,0.121352464688581,11.129331664654,0.00193312750678589,0.0112272940762183,"FOXM1"
"ENSG00000116649.10",2998.1573894729,1.40120908917554,0.138910893609492,10.0871073014233,0.00193697246635849,0.0112469369014364,"SRM"
"ENSG00000163507.14",439.814533593594,1.33242746298465,0.115228230118103,11.5633769747134,0.00195739099901972,0.0113627810024317,"CIP2A"
"ENSG00000187997.11",9.07989226913293,1.90515876789454,0.31385309791573,6.07022451123319,0.00196316597395532,0.0113935832737316,"C17orf99"
"ENSG00000170324.21",3.44661844979645,2.47665728294177,0.512050854593866,4.83674084462985,0.00196447976169626,0.0113984857233093,"FRMPD2"
"ENSG00000260689.2",7.01462344079089,1.98460784793255,0.341512326619959,5.81123342625657,0.00196902811034605,0.0114221492197205,"HNRNPA3P11"
"ENSG00000241269.1",21.2554273607717,1.55051939052789,0.191074276793572,8.11474687512754,0.00198094636247752,0.0114885433432467,"AC093620.1"
"ENSG00000259397.3",6.33702132702896,1.90934006431467,0.315714458363253,6.04768015444458,0.00198672996361151,0.0115193362242328,"AC021231.2"
"ENSG00000169676.6",13.7180677591043,-2.58352375650709,0.550415044565544,-4.69377387485171,0.00200761295251344,0.0116376418764496,"DRD5"
"ENSG00000253520.1",8.32775118341565,-1.50449601180604,0.175497340717927,-8.57275674748931,0.0020222837592437,0.0117198891842647,"AC136628.3"
"ENSG00000245910.8",1685.08609523356,1.3506504580155,0.122040415390174,11.0672391084326,0.00203147651339556,0.0117703574810473,"SNHG6"
"ENSG00000073150.14",23.4006186366425,1.81961669305136,0.285301890681509,6.37786412387519,0.0020342258718874,0.0117834776369163,"PANX2"
"ENSG00000168481.9",7.94414743805622,-1.9995028227244,0.347948247042476,-5.74655236725567,0.0020357925479307,0.0117897423533641,"LGI3"
"ENSG00000287787.1",12.300508541602,1.71434996129236,0.248761286620705,6.89154644832776,0.00204181461032885,0.0118218001026903,"AC092275.1"
"ENSG00000172061.9",491.082866575401,1.68567120931345,0.238873709941055,7.05674646962785,0.00204954405041897,0.011863725684893,"LRRC15"
"ENSG00000211650.2",166.792525874714,-2.11023510237454,0.386952512537551,-5.4534730593583,0.0020577096010795,0.0119081551098433,"IGLV5-45"
"ENSG00000136160.17",343.857291116964,-1.44275980672687,0.154325260545108,-9.34882469422537,0.00205883224237536,0.0119118151166003,"EDNRB"
"ENSG00000231646.6",9.18060631866309,1.81912847253942,0.285786336047831,6.36534446571635,0.00207698224970988,0.0120139654053678,"FSIP2-AS1"
"ENSG00000228328.2",12.1172703313289,1.77036512171451,0.269056795156643,6.57989373836038,0.00209688678907356,0.0121262134637048,"PGK1P1"
"ENSG00000257576.1",19.5660009013761,1.57147246228703,0.199611833150941,7.87264180424978,0.00209879085455464,0.0121343368464615,"HSPD1P4"
"ENSG00000187193.9",274.360417161344,-1.55501347372384,0.193974282650418,-8.01659607900859,0.00210971442672168,0.0121945910012694,"MT1X"
"ENSG00000231424.3",7.96498833520786,-1.75283630530999,0.263350556429399,-6.65590507601566,0.00212700437917086,0.0122916067571586,"BX284613.2"
"ENSG00000149554.13",954.198960418298,1.27612686513364,0.0965998634580508,13.210441707175,0.0021285125307225,0.012297397645401,"CHEK1"
"ENSG00000279859.2",2.91507955155851,1.92166514909579,0.32275515906503,5.95394092123128,0.00214766405111818,0.0124050954224321,"AC093323.2"
"ENSG00000284727.1",15.1048052825754,1.80949225807037,0.283496743049552,6.38276206846611,0.00214923647411375,0.0124112277378717,"AC116562.3"
"ENSG00000272619.1",4.16170566946918,2.20185150918896,0.420926433399694,5.23096516273705,0.00215012711617843,0.0124134209843516,"AC093673.2"
"ENSG00000263639.7",5.38350616794645,2.93043814840779,0.676360887493634,4.33265465610676,0.00215758333794592,0.0124522304847106,"MSMB"
"ENSG00000280434.1",25.4112640114407,1.8871392041194,0.310828584708452,6.07131807355968,0.00215787417988132,0.0124522304847106,"AL031595.3"
"ENSG00000111716.14",581.9636276647,1.53070906434456,0.185977210692403,8.23062706793832,0.00216118159787493,0.0124683553723554,"LDHB"
"ENSG00000180318.4",4.82437083526362,2.9793385822546,0.693670210340634,4.29503608175931,0.00216251549525902,0.0124730896118667,"ALX1"
"ENSG00000148335.15",763.162384103165,1.27638213938544,0.0968837754890084,13.1743641589427,0.00216735000360535,0.0124980078518296,"NTMT1"
"ENSG00000134321.12",418.884545202588,-1.64046050130962,0.224524953278247,-7.30636161975568,0.00216874725393372,0.0125030980475894,"RSAD2"
"ENSG00000117054.14",1406.7004548279,-1.33520165988837,0.117515109043543,-11.361957375146,0.00216943233687627,0.0125040810688077,"ACADM"
"ENSG00000120899.18",1991.43400312696,-1.31511814197203,0.1104975974124,-11.9017804257203,0.00217355448349637,0.0125248693262893,"PTK2B"
"ENSG00000158050.5",501.601984863627,1.45951518215799,0.16129205511208,9.04889692888957,0.00219309542443224,0.0126319418112911,"DUSP2"
"ENSG00000161133.16",5.36584723415599,2.00271595757099,0.351959592404672,5.69018717145329,0.00219317541159824,0.0126319418112911,"USP41"
"ENSG00000129990.15",15.9311174228869,-1.76445844730064,0.268461041537195,-6.5724934880586,0.00220280170653687,0.0126843794949872,"SYT5"
"ENSG00000224220.1",4.34899817246974,-1.89479793327544,0.314333674532319,-6.02798264008654,0.00220909591117829,0.0127176097232012,"DTNB-AS1"
"ENSG00000146263.11",610.313492636282,1.36788562641758,0.129242017556399,10.5839080221775,0.00221023188268904,0.0127204723312813,"MMS22L"
"ENSG00000266968.2",20.9146837250968,-2.46679816028569,0.515311977558417,-4.78699946384624,0.0022106401092593,0.0127204723312813,"AC023421.1"
"ENSG00000196420.7",15.4036683602757,1.66447274321905,0.23345607919313,7.12970400673133,0.00221192075398962,0.0127248282012187,"S100A5"
"ENSG00000115705.22",28.6097269382516,-1.77693362816044,0.273039058786755,-6.50798327556585,0.00221706282376232,0.0127483735488463,"TPO"
"ENSG00000204622.11",54.6793082951146,1.7909262924378,0.277949723255377,6.4433461975147,0.00221657822529219,0.0127483735488463,"HLA-J"
"ENSG00000235272.2",10.2603759646309,1.88629311573916,0.311536625663622,6.05480370637341,0.00222121087263783,0.0127692037390819,"RAMACL"
"ENSG00000114554.11",2812.23904840465,1.28288060653349,0.0994456895882972,12.9003138481375,0.0022235438914726,0.0127795923753037,"PLXNA1"
"ENSG00000127955.17",497.918542539117,-1.44290316580484,0.155722422666302,-9.26586641216621,0.00222626892178657,0.0127922286118263,"GNAI1"
"ENSG00000183346.9",7.75492347315207,-1.67140764257897,0.236146188685175,-7.07785144399365,0.00223324668989088,0.0128292894951178,"CABCOCO1"
"ENSG00000211648.2",696.716961594157,-1.9247295361923,0.325263918677294,-5.91743942586479,0.00223446265974871,0.0128332409907572,"IGLV1-47"
"ENSG00000233381.3",2.49218609192769,2.27417851105913,0.448287899375585,5.07303122441361,0.00223931236672322,0.0128580554138408,"AK4P3"
"ENSG00000115541.11",1595.27376839386,1.35998765371459,0.126683454929696,10.7353217866479,0.00224416922726938,0.0128828991785131,"HSPE1"
"ENSG00000286305.1",9.32728615549841,1.82132750028618,0.289045253483354,6.30118460115473,0.00224496075494896,0.0128843992312848,"AC004893.2"
"ENSG00000235363.1",21.3787511245277,1.61259441259621,0.215604820245283,7.47939870157651,0.00224661763788112,0.0128908638962246,"SNRPGP10"
"ENSG00000204956.5",43.727118770271,1.56588531141842,0.199229655880584,7.85969992518078,0.00225308396086595,0.0129249150729562,"PCDHGA1"
"ENSG00000127083.7",46.8752167814387,-2.115045587635,0.392628435028769,-5.38688846486635,0.00225602192189023,0.0129356613265532,"OMD"
"ENSG00000146966.13",313.756564383023,-1.40059169315517,0.141055572496999,-9.92936094874919,0.00225598414411803,0.0129356613265532,"DENND2A"
"ENSG00000214650.3",7.36245551756716,1.97784626019918,0.344464251654203,5.74180412249187,0.00226456494370032,0.0129815824798107,"AC073592.1"
"ENSG00000181035.14",245.507747216486,-1.29727635308484,0.10476317772914,-12.3829419955062,0.00227268083258949,0.0130250340169633,"SLC25A42"
"ENSG00000279770.1",3.61874640284841,2.16356566220987,0.410650374868166,5.26863189374771,0.00230227895345139,0.0131915535413508,"LINC00552"
"ENSG00000106588.12",41.3857080285473,1.6434994283861,0.227139029713267,7.23565399773346,0.00230520707041716,0.0132052173057843,"PSMA2"
"ENSG00000133710.16",176.170058660212,-1.67324769640011,0.237721913999305,-7.03867669686101,0.00231230719167554,0.0132427680315144,"SPINK5"
"ENSG00000166963.13",531.839728752031,-1.59275828171738,0.209382877215958,-7.60691754213794,0.00232029693334168,0.0132822651307899,"MAP1A"
"ENSG00000266733.7",3.50462779301181,1.91561781387149,0.323428061583245,5.92285593431242,0.00232029369233245,0.0132822651307899,"TBC1D29P"
"ENSG00000277173.1",4.5761669642669,1.92020053935536,0.325151525567431,5.90555598964011,0.00232691427811212,0.0133170082331899,"AC004241.4"
"ENSG00000254157.1",2.89309823808284,-2.3048156971265,0.461396449913504,-4.99530435823374,0.00234220380351741,0.013401354467971,"IGKV2-18"
"ENSG00000198914.5",8.64551969220136,-2.04847284395666,0.370783509637719,-5.5247139926966,0.00234402180460602,0.013408599306009,"POU3F3"
"ENSG00000120659.15",118.17692665923,1.58387089554578,0.206525489383,7.66913033484454,0.00234848752184352,0.0134309830032472,"TNFSF11"
"ENSG00000159184.8",904.097958748093,-1.78194156351374,0.276699335818497,-6.43999219673811,0.00235694930414387,0.0134762042566344,"HOXB13"
"ENSG00000146038.12",143.095713513707,1.92010874784143,0.325647478221316,5.89628010733892,0.00236052996943435,0.0134935022952845,"DCDC2"
"ENSG00000272540.1",6.03720309662451,1.6306206869091,0.223327961060566,7.301462294132,0.00237332409345068,0.0135634467240949,"AL662797.1"
"ENSG00000130590.14",521.091442176496,1.38161415118108,0.13516273135041,10.2218572928897,0.00237609837678183,0.0135761087598868,"SAMD10"
"ENSG00000137269.15",1258.82671612903,-1.20601253278054,0.0730343634376884,-16.5129464544383,0.0023954891320015,0.0136836826299098,"LRRC1"
"ENSG00000243244.7",195.176369630107,-1.59291741643535,0.210214638385432,-7.57757608447188,0.00239719383685837,0.0136902021705425,"STON1"
"ENSG00000125630.16",1562.36351707173,1.18937265993029,0.0671577607498487,17.7101297995998,0.0024025450043818,0.0137175384413717,"POLR1B"
"ENSG00000165661.17",1098.93109011888,1.22328954330597,0.0792335096714331,15.4390427532332,0.00241528714550191,0.0137870513591018,"QSOX2"
"ENSG00000154764.6",6.28864533721318,2.46701709084718,0.520824791085674,4.7367505024187,0.00242584759036394,0.0138440808938102,"WNT7A"
"ENSG00000163737.4",83.3709663614101,1.87643402455307,0.311362116698434,6.02653285007845,0.00244008879632877,0.0139220844683703,"PF4"
"ENSG00000274383.1",6.71631128759773,1.90246313371451,0.320794940104026,5.93046490414588,0.00245248984398777,0.0139895547438739,"AC103691.1"
"ENSG00000235472.1",6.40335145002984,1.8987850985623,0.319579202028903,5.94151648951978,0.00245865236800075,0.0140214157574321,"EIF4A1P7"
"ENSG00000261061.1",169.272504596478,1.30464876694741,0.10832775075663,12.0435323159109,0.00245952659028846,0.0140231103106545,"AC092718.4"
"ENSG00000142583.18",236.567867271186,-1.59953678149184,0.213248097321028,-7.50082557165263,0.00246592273553826,0.0140562801955383,"SLC2A5"
"ENSG00000138411.13",215.609730920282,1.51384295886836,0.182791648480484,8.28179499147078,0.0024687329049786,0.0140656997868652,"HECW2"
"ENSG00000174460.4",11.5141808604902,-1.59846245538629,0.212889502014336,-7.50841370881052,0.00246830562509478,0.0140656997868652,"ZCCHC12"
"ENSG00000235098.8",61.7453692410028,-1.5877536276697,0.209191145818996,-7.58996572944592,0.0024797802360587,0.0141253304585622,"ANKRD65"
"ENSG00000141101.13",2132.25317516402,1.27318446112734,0.0972507119461102,13.0917752235362,0.00248421007697307,0.0141472474503036,"NOB1"
"ENSG00000196263.8",56.0201312862501,-1.66004929545819,0.234994703036298,-7.06419878409671,0.00248645214420216,0.0141566980093984,"ZNF471"
"ENSG00000143786.8",105.609669189181,1.46363340717979,0.165145775509629,8.86267543122504,0.00249701097076717,0.0142134847949501,"CNIH3"
"ENSG00000147689.16",71.0043668347177,1.89430590192314,0.318717774746937,5.94352135969581,0.00250842963198235,0.0142751381866911,"FAM83A"
"ENSG00000266967.7",41.8940040970015,1.44811775561709,0.159725170215668,9.06630904610572,0.00251150013387179,0.0142892655708463,"AARSD1"
"ENSG00000169710.9",12173.1094957351,1.4014703208077,0.143208434009455,9.78622753960962,0.00252835666372905,0.014381804056324,"FASN"
"ENSG00000115041.13",46.5590949466866,-1.57707519134053,0.205875547063021,-7.66033272935402,0.00253125346550218,0.014394912055161,"KCNIP3"
"ENSG00000111885.7",2177.81859511139,-1.39279430006729,0.14016962205586,-9.93649179928758,0.00253715341806808,0.0144250884555579,"MAN1A1"
"ENSG00000177519.4",19.5224898451985,-1.97139897430637,0.346661956627064,-5.68680507514467,0.00253815932868982,0.0144274319736053,"RPRM"
"ENSG00000111199.12",84.6320858141472,1.56232697138541,0.200689809948287,7.78478474710792,0.00253957415660164,0.01442872387314,"TRPV4"
"ENSG00000169245.6",959.377976101099,1.77665300493942,0.277173811860882,6.40988769108949,0.00253900337545016,0.01442872387314,"CXCL10"
"ENSG00000253348.1",3.99337949155507,2.1433991496102,0.408101707389028,5.2521200249892,0.0025413084941593,0.0144352025264308,"AC008514.1"
"ENSG00000135763.10",863.812183828226,1.2024115790966,0.0722495958483993,16.6424678917182,0.0025428090125605,0.0144403503167142,"URB2"
"ENSG00000122025.15",20.3194377950027,-1.68476350340462,0.244500452402705,-6.89063552581789,0.00254988296076389,0.014477139239851,"FLT3"
"ENSG00000154678.18",66.4519978975474,-1.49612845769627,0.177156700449439,-8.44522647972479,0.00255112548753022,0.0144808104057426,"PDE1C"
"ENSG00000242766.1",28.0243868636851,-2.20868985093628,0.431614125038086,-5.11727889058632,0.00255200887661526,0.0144824417799511,"IGKV1D-17"
"ENSG00000147536.12",274.613869707927,1.34288186473245,0.122459410462875,10.9659344239581,0.00255542021558977,0.0144984149518635,"GINS4"
"ENSG00000106069.23",56.7679832016888,1.76688012631963,0.274024725965889,6.44788575224985,0.00256639238947183,0.0145572677554075,"CHN2"
"ENSG00000135114.12",599.365639313132,-1.54073285708665,0.193255484246449,-7.97251815695866,0.00257084038247351,0.0145790948177611,"OASL"
"ENSG00000241566.1",24.3620134937745,-2.10566792491038,0.395236848742296,-5.32761034708919,0.00257513275417851,0.0146000293809001,"IGKV2D-24"
"ENSG00000167664.8",25.4011692630903,-1.57512913275295,0.20559594868836,-7.66128487843167,0.00257597848362401,0.0146014175768751,"TMIGD2"
"ENSG00000213950.2",26.0885695526253,1.7397596613962,0.264800241266458,6.5700833695448,0.00260582838348295,0.0147671711097564,"RPS10P2"
"ENSG00000164933.12",8.10057462863542,1.83330580787213,0.298613099886366,6.1394018164969,0.00263062864723775,0.0149042378474883,"SLC25A32"
"ENSG00000264548.1",7.46958260279332,1.58753626402558,0.210580386062069,7.53886101983713,0.0026347455368533,0.0149240831108474,"AC132872.2"
"ENSG00000138778.13",622.776038495873,1.40088281979581,0.143701456007761,9.74856385394005,0.00263790921980268,0.0149385211002575,"CENPE"
"ENSG00000254012.1",6.17200616451619,1.77959749900112,0.279489114149074,6.3673231224738,0.00264056533976649,0.0149500786943909,"RPL10P8"
"ENSG00000211653.2",1439.97713027815,-1.89242987920731,0.320114264768817,-5.9117324264634,0.00265297248508544,0.0150133282225375,"IGLV1-40"
"ENSG00000253247.1",3.3296500079123,-2.12364782535204,0.403048076974355,-5.26896900561855,0.00265274712794483,0.0150133282225375,"IGHV3-76"
"ENSG00000048162.21",959.364120113258,1.27780550451213,0.0996766405240913,12.8195081394552,0.00265937166187167,0.0150460375747338,"NOP16"
"ENSG00000095713.14",23.5962578167708,-1.94305750230197,0.338383993740428,-5.74216729586942,0.00266037730608435,0.0150482235888849,"CRTAC1"
"ENSG00000164934.14",2258.47992411466,1.28394254729069,0.101971726255086,12.5911622215639,0.00268033161106548,0.015157565312751,"DCAF13"
"ENSG00000171658.8",44.8388213375963,-1.61550061652758,0.221072946025656,-7.30754552092546,0.00268339641628604,0.0151713664299095,"NMRAL2P"
"ENSG00000000460.17",328.1879266224,1.26048238514261,0.0936208352115566,13.4636951517713,0.00269865521696791,0.0152540874092394,"C1orf112"
"ENSG00000185130.5",13.005968238787,1.92560529357265,0.33296868054294,5.78314239775569,0.00271914262505447,0.0153663176253078,"H2BC13"
"ENSG00000277632.2",63.1105765529367,1.71548564942159,0.257460474476313,6.66310295943861,0.00272622875754546,0.0154027804716007,"CCL3"
"ENSG00000266573.6",3.56302961501176,-1.81768446848764,0.294298368543242,-6.17633212676325,0.00273119824395027,0.0154272704156187,"AC018697.1"
"ENSG00000146666.5",22.1775268001768,1.65365620040672,0.235305600424754,7.02769588748282,0.00273554500678819,0.0154482323181392,"LINC00525"
"ENSG00000250376.1",22.2040229446462,2.05516075687902,0.379994613612495,5.40839444365071,0.00274503151259523,0.0154982030102379,"AC093720.1"
"ENSG00000149582.16",154.02033780643,-1.51783071315873,0.186493198748913,-8.13879928780819,0.002745916216554,0.0154995967624303,"TMEM25"
"ENSG00000109339.24",89.8926321087417,-1.60899953497575,0.219469833104355,-7.3313015835333,0.00276121674910203,0.015582342546024,"MAPK10"
"ENSG00000116016.14",5068.00676768944,-1.29378116673035,0.105900531019259,-12.2169469244217,0.00276753186410232,0.0156143543760591,"EPAS1"
"ENSG00000260051.1",14.5076979116165,1.55236962972235,0.199134135952229,7.79559778788883,0.0027698005802808,0.0156235269500519,"AL031600.1"
"ENSG00000225855.7",190.102466723711,1.48059061034737,0.173273533998361,8.54481683487439,0.00277203238522537,0.0156324871109251,"RUSC1-AS1"
"ENSG00000151632.17",135.939658112293,-1.6325248300801,0.228091769076874,-7.15731583251426,0.00277612015565266,0.0156519071420788,"AKR1C2"
"ENSG00000284994.1",3.77539524600362,2.24005366121196,0.447189757460977,5.00917926638208,0.00277717352123487,0.0156542140027853,"AL590282.2"
"ENSG00000172137.19",153.854465507797,-1.92125258523892,0.332242797722572,-5.78267639933371,0.00277856258697469,0.0156584116102702,"CALB2"
"ENSG00000224812.3",8.51632953092122,-1.53255776393609,0.192092748496493,-7.97821768875396,0.00278223832177918,0.0156754906606154,"TMEM72-AS1"
"ENSG00000156486.8",5.239394446811,-1.97068844130741,0.351447058962762,-5.60735505120907,0.00287263259164008,0.0161810319835081,"KCNS2"
"ENSG00000153993.13",55.8236737107355,-1.94565243438091,0.342431977122271,-5.68186549262071,0.00287614336554181,0.0161970530203166,"SEMA3D"
"ENSG00000185290.4",2.73824662955452,-2.41790218449631,0.513608170190983,-4.7076785861822,0.0028841547420798,0.0162308847226816,"NUPR2"
"ENSG00000218175.2",381.879025087406,1.77682494654147,0.281387090005359,6.31452191537155,0.00288389386323486,0.0162308847226816,"AC016739.1"
"ENSG00000270964.1",36.5740650106796,-1.34395318732062,0.124590428053562,-10.7869698203689,0.00288413719388968,0.0162308847226816,"AC016355.1"
"ENSG00000260555.1",7.45806367155229,1.97561404541282,0.3534113987737,5.59012542399025,0.00288510103296481,0.0162324508221914,"AC092681.2"
"ENSG00000126709.15",3806.15028155714,1.62614594658391,0.226846071651022,7.16849947961876,0.00288808804525668,0.0162417355935518,"IFI6"
"ENSG00000204175.5",307.23846577779,-1.48838774355147,0.176936063833314,-8.41200889917857,0.00288785855673151,0.0162417355935518,"GPRIN2"
"ENSG00000105880.7",14.6479331251014,1.93774785427658,0.339811795063531,5.70241493210764,0.00289352457250055,0.0162685439869883,"DLX5"
"ENSG00000166111.10",10.0856028683659,-1.95702571729875,0.346901818015477,-5.64143978401243,0.00290088099112274,0.0163061318723763,"SVOP"
"ENSG00000278291.1",83.6240033601857,1.49105337664257,0.178062102604685,8.37378282538229,0.0029099038798221,0.0163530675947449,"AL161772.1"
"ENSG00000168658.19",26.171726050741,-1.5622439930291,0.203938190166587,-7.66037980308141,0.00291731235573109,0.0163909110391365,"VWA3B"
"ENSG00000262136.1",6.25454016602688,1.66901613683624,0.242757988901799,6.87522641123624,0.00292656672103076,0.0164391057145279,"AC092115.3"
"ENSG00000274943.1",12.7090101317795,1.60523330613167,0.219659847188924,7.30781399820899,0.0029317323247291,0.0164643160367268,"AC079684.1"
"ENSG00000142530.11",93.1961829425947,1.42179914469602,0.153107502611001,9.2862800349397,0.00293531129225215,0.0164806063774786,"FAM71E1"
"ENSG00000235026.6",33.5809873603383,-2.39678413906925,0.507359963274031,-4.72403089042073,0.00295220092836882,0.0165716060428187,"DPP10-AS1"
"ENSG00000173662.21",4.33241964231362,-1.8582058634185,0.31196147178302,-5.95652358221643,0.00297068639462277,0.0166676701430001,"TAS1R1"
"ENSG00000253742.1",8.41124287074505,-1.98999225618296,0.359856736834617,-5.5299569314372,0.00297001761554133,0.0166676701430001,"IGHV3-60"
"ENSG00000255624.3",33.1380164301295,1.57026952605674,0.207307461292969,7.57459242548737,0.00297213918208434,0.0166719718662626,"C10orf88B"
"ENSG00000128438.10",10.5368178608906,-1.8159788485343,0.296762529124969,-6.11929967671079,0.00298338430303715,0.01673118822151,"TBC1D27P"
"ENSG00000118420.17",214.754258038222,1.2941946371326,0.106999128203566,12.0953755311949,0.00298426768648777,0.0167322807525733,"UBE3D"
"ENSG00000138823.13",157.478735873559,2.18208671630727,0.430028893595405,5.07427930728835,0.00299019936594556,0.0167616711862693,"MTTP"
"ENSG00000142513.6",4.34491595756335,1.73826528050966,0.268638065772512,6.47065886031826,0.00299637129461044,0.0167923944785594,"ACP4"
"ENSG00000270587.1",12.2388759178469,-1.32155539810981,0.11701724675883,-11.2936805019307,0.00299862531698565,0.0168011517645265,"AC046185.2"
"ENSG00000271151.1",15.2452031711487,1.54339511599327,0.197793078597072,7.80307949570546,0.00300449098343843,0.0168301362142816,"AC016737.1"
"ENSG00000167771.6",203.435687758996,1.50530211881113,0.183932787773834,8.18397925149737,0.00300522559729561,0.0168303715174656,"RCOR2"
"ENSG00000284523.2",4.3462344187096,1.68658421109702,0.250161986120566,6.74196842314868,0.00302961748337841,0.0169630656327408,"AC004834.1"
"ENSG00000185942.13",24.0218742977264,-1.75951386368081,0.276782964260061,-6.35701647456743,0.0030340618757963,0.0169840367615412,"NKAIN3"
"ENSG00000260082.1",3.83878348027206,1.89469193087869,0.326206466083532,5.80825988407451,0.00304666126167369,0.0170506376459398,"AC106886.1"
"ENSG00000280069.1",10.7314652381106,1.88378605779018,0.322334354223809,5.84419883610108,0.00305489609377579,0.0170927872619737,"AC127024.8"
"ENSG00000206828.1",5.08829355523468,1.77601756638218,0.283105586964349,6.27333987091478,0.00306179734648607,0.0171274575321389,"RNVU1-30"
"ENSG00000157823.17",744.304076395572,-1.21359713128663,0.0780014073922147,-15.5586568481297,0.00308717807431535,0.0172654608068729,"AP3S2"
"ENSG00000143494.15",94.9502377842746,1.46502423035669,0.169847086508141,8.62554819441354,0.00309164968887669,0.0172831890587268,"VASH2"
"ENSG00000213903.9",257.009627514923,1.45178589930472,0.165012646343118,8.79802809953096,0.00309177048717224,0.0172831890587268,"LTB4R"
"ENSG00000253234.1",30.512171879576,-1.92291902259876,0.337140388723454,-5.70361513160643,0.00309548392675142,0.017299967667907,"IGLV2-5"
"ENSG00000129596.5",20.0828122162304,-1.76827397782458,0.280842067172585,-6.29632873602916,0.00311325171916946,0.0173952671363113,"CDO1"
"ENSG00000010671.16",147.922587029834,-1.50738413800401,0.185560596363729,-8.12340641032048,0.0031253562777223,0.0174588867927935,"BTK"
"ENSG00000077348.9",1302.46469704836,1.35297245902312,0.129146136370147,10.4762906351713,0.00313683142055438,0.0175149364704668,"EXOSC5"
"ENSG00000196604.13",8.00146539017287,1.89566345467848,0.327698749276116,5.78477476299798,0.00313619205492224,0.0175149364704668,"POTEF"
"ENSG00000011332.19",23.9040714795939,1.57122947206798,0.209041987698482,7.51633434683124,0.00314176868262828,0.017538474382694,"DPF1"
"ENSG00000071073.13",2261.82062086478,-1.31570303095722,0.115555029014859,-11.3859434952678,0.00314700385957947,0.0175596311797431,"MGAT4A"
"ENSG00000254326.1",3.08951377098264,-2.16008984207248,0.424610458828004,-5.08722712114697,0.00314634075148146,0.0175596311797431,"IGHV7-27"
"ENSG00000235545.1",5.75487648784031,-1.58102021594892,0.21274838188401,-7.43140888756978,0.00315692613951414,0.0176109516047276,"AC103923.1"
"ENSG00000173585.16",7.62954557288521,-1.7025436541979,0.257284497663562,-6.61735809836562,0.00316086042396626,0.0176288520317604,"CCR9"
"ENSG00000277282.1",6.95010472835132,-1.95805054325807,0.35086937899887,-5.58056832672304,0.00316187007167079,0.0176304366089032,"IGHV1OR21-1"
"ENSG00000005981.13",19.7056295962767,2.00358279783015,0.367581101226692,5.45072309524019,0.00316445937995698,0.0176408265503452,"ASB4"
"ENSG00000153551.14",679.479108001706,1.34846564767516,0.127658744086433,10.5630496157957,0.00316993252804396,0.0176672845026303,"CMTM7"
"ENSG00000162992.4",16.2192849155339,-2.60501300223348,0.588696982956451,-4.42504901103967,0.00320164025085218,0.017839912427358,"NEUROD1"
"ENSG00000211694.2",6.03949166430884,-1.70945826184519,0.260271111838851,-6.56799077610893,0.00320687215546807,0.0178649686790174,"TRGV10"
"ENSG00000266490.1",10.7571930881076,1.55914645787302,0.205272294870415,7.59550361561108,0.00322555191122112,0.0179649120886255,"AC127024.5"
"ENSG00000164692.18",55003.2802461825,1.56940231789955,0.209328318892991,7.49732442413504,0.00326271484593461,0.018167729320855,"COL1A2"
"ENSG00000102445.20",3166.84585947463,1.60961732020754,0.224203419569541,7.1792719455302,0.00327361742424009,0.0182242619493778,"RUBCNL"
"ENSG00000256849.1",5.22681051826608,1.88681561634823,0.326317145836885,5.78215285473042,0.00328737263115452,0.0182966456566777,"TCP1P3"
"ENSG00000205100.2",5.680032739071,1.80150039848532,0.294996021614799,6.10686336928873,0.00329395832214595,0.0183291017238714,"HSP90AA4P"
"ENSG00000196081.10",31.651762614619,1.47187807161212,0.173683184053492,8.47449958747191,0.00329492723360084,0.0183302957363783,"ZNF724"
"ENSG00000273045.7",144.63463275503,1.25649050011649,0.0944295732536369,13.3061122360637,0.00330170628941686,0.018363804722552,"C2orf15"
"ENSG00000263968.2",11.8615455772322,1.81399351324471,0.299756148971367,6.05156397781847,0.0033085991210874,0.0183979310394563,"RN7SL381P"
"ENSG00000149948.14",622.40816211277,1.59801472768854,0.22032761003094,7.252902745435,0.00332173260744762,0.0184642140422328,"HMGA2"
"ENSG00000250654.7",3.24237724679854,-1.71584735363215,0.263743857441818,-6.50573389755878,0.00332203883920336,0.0184642140422328,"AC023794.3"
"ENSG00000261732.1",5.92422862941033,1.78340292543581,0.288657429919434,6.17826787252131,0.00332427200018635,0.0184724010072098,"AL031708.1"
"ENSG00000185909.15",313.388364139845,-1.38464767065206,0.141887424378854,-9.75877655622891,0.00335468274870451,0.0186371263816917,"KLHDC8B"
"ENSG00000233380.1",16.1432076602021,1.74019041563943,0.273306481145478,6.36717581063562,0.00338164906115344,0.0187826450710922,"RPS2P48"
"ENSG00000275512.1",3.59639408214903,1.8003939665061,0.295716523980194,6.08824269362333,0.00339854145386803,0.0188721566108303,"AC007998.4"
"ENSG00000178075.20",224.233993972528,-1.44270355141455,0.163568633874543,-8.82017240861171,0.00339951338790458,0.0188732408787026,"GRAMD1C"
"ENSG00000204872.4",50.1198431023,-1.98386207316978,0.363548358547822,-5.45694135738703,0.00340212695264684,0.0188834364891088,"NAT8B"
"ENSG00000142089.16",16773.2507873914,1.42568520711329,0.157417342846947,9.05672260329954,0.00342363463303521,0.0189984748990079,"IFITM3"
"ENSG00000273759.1",31.8227002232896,1.54955587749665,0.203281372522755,7.62271455700246,0.00343145009639993,0.019037497110164,"AL117379.1"
"ENSG00000226383.7",50.1140862534478,1.88071520269372,0.325863828772502,5.77147580257125,0.00343884334488375,0.01907415961668,"LINC01876"
"ENSG00000163811.12",2446.06682625266,1.20564477418959,0.0760962714634368,15.8436773708274,0.00344174373743683,0.0190858906480408,"WDR43"
"ENSG00000254109.6",21.7777731893694,1.54403102164935,0.201438008846781,7.66504310923655,0.00345930441476156,0.0191788951126411,"RBPMS-AS1"
"ENSG00000234975.6",19.0744526365729,-1.60112330647212,0.222605516776809,-7.19264881506712,0.00346283718835279,0.0191941021160978,"FTH1P2"
"ENSG00000258727.1",11.4988804646746,1.61711932766199,0.228542512784183,7.07579219271589,0.00346448758087179,0.0191988707446259,"AL135999.1"
"ENSG00000232756.1",20.9115954631604,-1.69678595572012,0.258137945564921,-6.57317525328093,0.00347450997856546,0.0192500210850754,"AC004990.1"
"ENSG00000142319.18",4.01972392318082,2.06483343847921,0.394746791245385,5.23077953835894,0.00349300874943627,0.0193480995238891,"SLC6A3"
"ENSG00000188641.14",360.504639593387,-1.57913905536149,0.214763609935613,-7.35291726487054,0.00350220054722131,0.0193945928207561,"DPYD"
"ENSG00000222037.5",13.4231033875198,-1.85414550298108,0.31679813262927,-5.85276651599103,0.00350696395216734,0.0194165468301815,"IGLC6"
"ENSG00000095059.16",85.6919376843247,1.42436986818751,0.157408862222974,9.04885435338354,0.00350917943049747,0.0194243872804302,"DHPS"
"ENSG00000240540.2",13.4854040045135,1.77288800285623,0.286808394092457,6.18143694317648,0.003521664643406,0.0194890573524859,"RPL3P9"
"ENSG00000228818.1",16.0268941832085,1.84529881495831,0.313693696189163,5.88248612380647,0.00352299208764427,0.0194919644193433,"AL359918.1"
"ENSG00000197892.13",2655.68722353804,-1.3193018668039,0.11852855490636,-11.1306669337711,0.0035312647563788,0.0195288424169333,"KIF13B"
"ENSG00000243264.2",154.044944437737,-1.99819573728041,0.370541570871571,-5.39263579139135,0.00353124474824685,0.0195288424169333,"IGKV2D-29"
"ENSG00000130592.17",814.26864578656,-1.44447725235741,0.165043560282834,-8.75209702142891,0.00353965198351737,0.019570772059038,"LSP1"
"ENSG00000232858.1",9.06816581846092,1.80338399133523,0.298566378836493,6.04014423312825,0.00356398918264009,0.019700850122419,"RPL34P27"
"ENSG00000230580.1",10.0893253407468,1.75139610242467,0.279424184307909,6.26787587038184,0.00358238099370912,0.019798011859707,"RPL19P5"
"ENSG00000115274.15",12.1892797356117,1.51043301827541,0.189910508661992,7.95339356898736,0.00359670209815491,0.0198726377865312,"INO80B"
"ENSG00000117971.12",13.9328433037931,-1.61472256309741,0.228783023179969,-7.05787754988798,0.00360566947712255,0.0199176558977217,"CHRNB4"
"ENSG00000107147.14",32.971502438969,1.86189689426224,0.321115144339251,5.79822199944326,0.00363654744647091,0.0200745349725677,"KCNT1"
"ENSG00000198546.15",579.444128381867,1.34454714337284,0.128366521473698,10.4742819851852,0.0036363892534731,0.0200745349725677,"ZNF511"
"ENSG00000211962.2",702.012608973559,-1.89796904353825,0.334540587889599,-5.67335956306919,0.00363533607905257,0.0200745349725677,"IGHV1-46"
"ENSG00000170191.5",419.353312511248,1.28342680489468,0.105693078614354,12.1429598013467,0.00366352517674741,0.0202188648182971,"NANP"
"ENSG00000140092.14",534.336832494403,-1.45292621804497,0.168918245384532,-8.60135750722175,0.00366646536414571,0.020230496900259,"FBLN5"
"ENSG00000143067.5",334.024765812696,1.34852168192614,0.129984971335943,10.3744430457342,0.00366742889514015,0.0202312195577539,"ZNF697"
"ENSG00000128050.9",6949.29099385647,1.24087248092142,0.0898847136963002,13.8051558479014,0.00368337835331557,0.02031459237076,"PAICS"
"ENSG00000152672.8",6.2783026718139,-1.73156620229614,0.27325629229612,-6.33678437098786,0.00371183451395321,0.0204668887426964,"CLEC4F"
"ENSG00000254111.3",35.4325205816323,1.68270854442673,0.255056151430829,6.59740427739919,0.00371756992211062,0.0204938632276062,"AC124067.3"
"ENSG00000254244.1",6.10316204788205,1.65632563840291,0.245274654768641,6.7529424920209,0.00372666199930287,0.0205393256028713,"PAICSP4"
"ENSG00000163288.14",12.5293790532389,1.91287897339568,0.341550638286935,5.60057209375987,0.00376163094019612,0.0207273541602643,"GABRB1"
"ENSG00000256356.1",14.1726347803668,1.73683904480348,0.275893669671552,6.29532039234959,0.00378426187024621,0.0208473279181553,"HSPA8P5"
"ENSG00000234828.9",6.81499479696189,-2.02497503951742,0.383932092151004,-5.27430522458378,0.0037962015259449,0.0209083628922169,"IQCM"
"ENSG00000119865.9",160.824675833873,-1.40379547843055,0.151352319257527,-9.27501795358672,0.00381615154866497,0.021013478955939,"CNRIP1"
"ENSG00000243466.1",2841.05673522479,-1.80961102567163,0.303544286939472,-5.96160462750689,0.00382439312289531,0.0210540899153502,"IGKV1-5"
"ENSG00000188910.8",1042.78209275493,1.51122668981402,0.191734324590209,7.8818787040033,0.00383423630222423,0.0211034976543712,"GJB3"
"ENSG00000235559.1",14.3604464855566,2.14250346143352,0.428519922191495,4.99977562414492,0.00383613751357127,0.0211091806113636,"NOP56P1"
"ENSG00000197582.5",90.6991761916081,1.78634641631959,0.294997618071002,6.05546047456436,0.00384252392880052,0.0211395362168559,"GPX1P1"
"ENSG00000272686.1",190.1924632228,-1.29279522365945,0.109863768043186,-11.7672572740384,0.00384855334021498,0.0211679144787741,"WASL-DT"
"ENSG00000288096.1",11.0432424445286,1.57279250935194,0.214974586438872,7.31617878841304,0.00385553128920224,0.0212014958876702,"AC109322.2"
"ENSG00000249231.8",5.46772067336886,-1.58143690485678,0.218249343468112,-7.2460099064987,0.00385979212898299,0.0212201241480287,"CASC16"
"ENSG00000144381.18",22010.9788590556,1.24967795043312,0.0937298022752384,13.3327705820122,0.00386311255962728,0.021233575028035,"HSPD1"
"ENSG00000177788.6",459.154754845969,1.31912186499981,0.119820121506488,11.0091848381941,0.00386844611512436,0.0212580824508191,"AL162595.1"
"ENSG00000175899.15",9067.55006991094,-1.40476783785482,0.15205449271491,-9.23858159514328,0.00388398663638131,0.0213386559493705,"A2M"
"ENSG00000250274.2",4.79421979894089,1.91864250018608,0.345237380743843,5.55745874346572,0.00389659308330022,0.0214030768363913,"AC034199.1"
"ENSG00000168077.14",318.999644008241,-1.54087497211273,0.203437931914855,-7.57417733069381,0.00392245112646353,0.0215402400843082,"SCARA3"
"ENSG00000267838.2",31.2302749945027,1.51447617317903,0.193656630083463,7.82041994909402,0.00394617014917357,0.0216655975203158,"AC245884.8"
"ENSG00000109674.4",155.139408484827,1.31503952219439,0.118594854299979,11.0885040498307,0.00394858362910746,0.0216739512508045,"NEIL3"
"ENSG00000270120.1",4.37881485851278,1.95625191038217,0.360060207835518,5.4331244270009,0.00395589551453015,0.0217091827016898,"AC007728.3"
"ENSG00000114251.15",867.23501132965,1.46675910786803,0.175873904562501,8.33983365250631,0.00397787730559066,0.0218248856459366,"WNT5A"
"ENSG00000168785.8",839.095821071251,1.34814227179916,0.13121795686075,10.2740684587082,0.00398709972150971,0.021870547005121,"TSPAN5"
"ENSG00000164082.15",10.2771302084146,1.55658999799257,0.209835792660687,7.4181338572187,0.003994874929712,0.0219042700951007,"GRM2"
"ENSG00000257718.1",4.26590371483479,-1.5140818755892,0.19381120991715,-7.81214810142529,0.00399505041405293,0.0219042700951007,"CPNE8-AS1"
"ENSG00000228929.1",83.2709612923315,1.5713610040006,0.215444978996332,7.29356057087482,0.00400077651246866,0.0219307171786574,"RPS13P2"
"ENSG00000260597.1",4.7154588213878,2.43047687150915,0.539447498262297,4.50549289659949,0.0040038571357758,0.0219426541270528,"AC012531.1"
"ENSG00000140675.13",26.5307268804087,1.55542399931612,0.209489388803427,7.42483429924768,0.0040088582536261,0.0219651083569592,"SLC5A2"
"ENSG00000287593.1",22.6703128854132,-1.86237153908104,0.325329281007732,-5.7245739864306,0.00401548244111959,0.0219964434894513,"AL022724.3"
"ENSG00000211663.2",1350.29532803834,-1.87859230849366,0.331496490758261,-5.66700511428217,0.00402004121815953,0.0220164529189264,"IGLV3-19"
"ENSG00000288585.1",10.7174960480662,1.8777856074806,0.331247836579751,5.66882376310556,0.00402534953769388,0.0220405574055794,"AC010184.1"
"ENSG00000130475.14",579.392761131317,1.45826559062931,0.173023135588737,8.42815375913368,0.00404153757415904,0.0221242088425467,"FCHO1"
"ENSG00000162761.14",6.45310222943324,-2.25744530447371,0.475297187828768,-4.74954483695995,0.0040773327363305,0.0223151318677548,"LMX1A"
"ENSG00000100218.12",20.265865998156,1.541238784865,0.204613754052179,7.53243002653659,0.00408245762433008,0.0223381491265978,"RSPH14"
"ENSG00000151365.2",6.3876165055515,-2.05491737832692,0.398869312482972,-5.15185629482249,0.00408732947936838,0.0223597718029383,"THRSP"
"ENSG00000171791.14",425.508197491987,-1.44621709739521,0.16872593777891,-8.57139759561011,0.00408905579508367,0.0223641809184185,"BCL2"
"ENSG00000170214.5",13.4853786555015,-1.63705100947627,0.241110819558008,-6.78962069175172,0.00411907518711253,0.0225147579109845,"ADRA1B"
"ENSG00000183317.17",611.70163375168,-1.37709129898068,0.142719016163902,-9.64896855370128,0.00411854547216798,0.0225147579109845,"EPHA10"
"ENSG00000267594.5",2.87215049544421,-2.01851714783786,0.385491474338781,-5.23621735422331,0.00411936681778753,0.0225147579109845,"CYP4F24P"
"ENSG00000214796.8",263.408063929364,1.42894670218336,0.162400416313281,8.79891033916334,0.00412954153391689,0.0225652932930471,"TUBA5P"
"ENSG00000100036.13",699.533174029703,1.41153398284403,0.155823637642444,9.05853568945015,0.00413279193741731,0.0225779775358005,"SLC35E4"
"ENSG00000228236.2",11.7265207252519,1.86034168176041,0.325846577853733,5.70925646669054,0.00414129721222748,0.0226193576662459,"TXNP5"
"ENSG00000099954.18",73.9040281074038,1.87483924680516,0.331461974621087,5.65627248479528,0.00415344039881764,0.0226805846497233,"CECR2"
"ENSG00000249850.1",8.42817147730492,1.89072504890829,0.337518222155996,5.60184584059116,0.00415702364202738,0.0226950515617311,"KRT18P31"
"ENSG00000188766.12",51.4116714976644,1.51232017859463,0.194149606241456,7.78945787154376,0.00416011637431517,0.0227068346576502,"SPRED3"
"ENSG00000226648.2",36.8689172221032,1.6352807955656,0.240755731288286,6.79228189840048,0.00416129861251621,0.0227081869041419,"PLCG1-AS1"
"ENSG00000237972.1",4.82898887395574,1.82905608551018,0.314374480295747,5.81808066542009,0.00418015838172579,0.0228059830884456,"TUBG1P"
"ENSG00000205363.6",31.894256179259,-1.52801007592526,0.200241944536813,-7.63081920453655,0.00418386163467093,0.0228210634618414,"INSYN1"
"ENSG00000211952.3",139.021317084976,-1.86849690152891,0.329410213493341,-5.67224944762279,0.00418805241931005,0.0228387957336702,"IGHV4-28"
"ENSG00000072182.13",5.33656757370759,1.85144789739065,0.323088870665398,5.73046014731988,0.00420269531459023,0.0229135059781339,"ASIC4"
"ENSG00000266456.1",3.90260657046154,1.8361666356426,0.317319382207334,5.78649379331915,0.00420569007949862,0.0229195489867272,"AP001178.3"
"ENSG00000282639.1",236.74557752689,-2.05922029513055,0.40196361251064,-5.12290225045193,0.0042054406058127,0.0229195489867272,"IGHV3-64D"
"ENSG00000164049.14",4.81279048323375,1.7352054111317,0.279149161653546,6.21605094872281,0.00422254659327012,0.0230062516180412,"FBXW12"
"ENSG00000130766.5",862.741315436754,-1.27048996758732,0.102779565987359,-12.3613089370661,0.00424733609853207,0.0231361280417685,"SESN2"
"ENSG00000213780.11",4.27523794692304,1.64803490328435,0.246274825109188,6.69185290276291,0.00425233820419339,0.0231581843034288,"GTF2H4"
"ENSG00000246982.7",18.7452025188167,1.493718035297,0.187662360027589,7.95960380695096,0.00425814592914932,0.0231846170912679,"Z84485.1"
"ENSG00000213420.8",58.9361252007373,1.43033302671673,0.163646458487888,8.74038485117963,0.00427363177281132,0.0232637213439326,"GPC2"
"ENSG00000125675.18",13.3496178526051,-1.76358714572634,0.290564187388674,-6.06952688001867,0.00429510095371603,0.0233701193854231,"GRIA3"
"ENSG00000253709.1",6.50677744191196,-2.01744189426703,0.387152232520511,-5.2109783304947,0.00429423577525351,0.0233701193854231,"IGHV1-14"
"ENSG00000177602.5",177.518836143948,1.30344776020149,0.115480074406768,11.2872092168058,0.0042981304754953,0.023381367932513,"HASPIN"
"ENSG00000197540.8",39.3617069042419,-1.57114431585779,0.217384983344225,-7.22747400343618,0.00430276193835194,0.023401323881368,"GZMM"
"ENSG00000049759.19",2293.80794499828,-1.25760348298464,0.0980859420654091,-12.8214447096405,0.00431588685736426,0.0234651527194397,"NEDD4L"
"ENSG00000226287.8",165.957420539855,1.46009125890794,0.175188701256331,8.33439170698327,0.0043164293274031,0.0234651527194397,"TMEM191A"
"ENSG00000272150.5",30.2102447704954,-1.2792898078542,0.106361711561527,-12.0277286729648,0.00432165590231146,0.0234883109877362,"NBPF25P"
"ENSG00000286805.1",2.2544227752581,2.2287910222653,0.468168914107325,4.76065572724967,0.00433659153796393,0.0235642160940348,"AL138716.1"
"ENSG00000255262.3",5.35273850132477,1.95479526468141,0.363937081988233,5.3712450899538,0.00435135006971243,0.0236391251272104,"ELOBP2"
"ENSG00000244053.1",10.210035334332,1.77236247110419,0.294452713805501,6.01917519522308,0.00435739881483784,0.0236666945016897,"RPL13AP2"
"ENSG00000248693.1",3.37275019993906,1.85114710339174,0.324639383033393,5.70216430950191,0.00437303801143334,0.0237463293134816,"LINC02100"
"ENSG00000196109.9",3.22989928894383,-1.99120558681589,0.378116891770421,-5.26611116867235,0.00437813387334806,0.0237686892587931,"ZNF676"
"ENSG00000188403.7",22.3796790278942,-1.95438590382137,0.36409684494632,-5.3677639093783,0.00438050370414007,0.0237762430222479,"IGHV1OR15-9"
"ENSG00000283122.1",7.0868886899566,1.90864766993168,0.346961769226415,5.50103163869379,0.00441108171011354,0.0239368659124071,"HYMAI"
"ENSG00000180385.8",62.5033277283279,1.39584086290208,0.151179888398942,9.23297984728402,0.0044178918581426,0.0239684688887844,"EMC3-AS1"
"ENSG00000174788.10",8.53465956405188,1.63440435521646,0.242413077762201,6.74222847341492,0.00443481694662649,0.0240549222774606,"PCP2"
"ENSG00000259659.1",9.70708618001818,1.73833332864565,0.282302396313665,6.15769951422655,0.00445616730000547,0.0241653348337721,"AC009996.1"
"ENSG00000101842.14",36.3222771124579,1.85421304918032,0.326730836189606,5.67504760433538,0.00446889774794035,0.0242289636936525,"VSIG1"
"ENSG00000156206.14",5.90615735617993,1.76379045832428,0.292235705773072,6.03550635148568,0.0044795486816751,0.0242812922071615,"CFAP161"
"ENSG00000240509.1",17.7759685238638,1.69500468160276,0.266120792833932,6.36930569593071,0.00450580215394365,0.0244181517263227,"RPL34P18"
"ENSG00000227533.6",17.3661637247654,1.61859451561272,0.236942021960379,6.83118385764168,0.00451729970650004,0.0244750017542812,"SLC2A1-AS1"
"ENSG00000259790.1",9.19570422007772,1.66493625228669,0.254735131955639,6.53595065393898,0.00452308353705077,0.0245008760477784,"ANP32BP1"
"ENSG00000211685.3",141.238230174112,-2.01737796052842,0.389925210953815,-5.17375615593978,0.004538215924477,0.0245718910349356,"IGLC7"
"ENSG00000241061.3",32.0621708142762,1.66366979630709,0.254359784350982,6.54061647580047,0.00453800910345795,0.0245718910349356,"RPL5P1"
"ENSG00000250471.2",7.60356263127824,1.517611868239,0.198402903557287,7.64914142398528,0.00454178724162333,0.0245857496037975,"GMPSP1"
"ENSG00000226101.2",4.31813762236654,2.08927403016608,0.41758062795635,5.00328293577946,0.0045465245785517,0.024605912529801,"LINC02097"
"ENSG00000276775.1",341.576990408897,-1.9367034639547,0.359247861518504,-5.39099510785799,0.00456161385280667,0.0246820789630822,"IGHV4-4"
"ENSG00000244687.12",108.012548269733,1.53457628822861,0.205053563693684,7.48378258141864,0.0045668608430486,0.0247049684964561,"UBE2V1"
"ENSG00000233016.7",1233.58334888181,1.37695264922096,0.144673340818271,9.5176667755989,0.00458643435737136,0.024805331601185,"SNHG7"
"ENSG00000234241.1",8.19519427744891,1.68241441563205,0.261969779667758,6.42216983106131,0.00459457596935859,0.0248438353483342,"AL109618.1"
"ENSG00000225279.2",3.30695502939661,-1.58657202277313,0.225234096980863,-7.04410230973125,0.00460341300904701,0.0248860814504655,"AL121987.1"
"ENSG00000226706.1",4.51780896937603,1.65255396980957,0.250854328527503,6.58770362668227,0.00464320355568373,0.0250956064063867,"AL161452.1"
"ENSG00000169271.3",20.8972721275307,-2.24279097642861,0.477909549861652,-4.69291935488184,0.00465476452130561,0.0251524967462144,"HSPB3"
"ENSG00000257746.2",3.65990937303832,2.17214585340371,0.45101455277814,4.81613251728535,0.00467602587243055,0.0252617671631975,"AC138123.2"
"ENSG00000287584.1",6.49287124756991,1.7090977608275,0.273161368036841,6.25673305530159,0.00471726812272029,0.0254789098426546,"AC004837.4"
"ENSG00000243449.6",579.434257398234,1.66338853870486,0.255634668933588,6.50689730639389,0.00472865392834139,0.0255290580890237,"C4orf48"
"ENSG00000273971.1",5.05413090576688,-1.98014779188138,0.377694666059802,-5.24272109145394,0.00472844821292783,0.0255290580890237,"AC009163.6"
"ENSG00000265465.1",2.80646555947826,2.18381507685591,0.456292142089487,4.7860019391428,0.00473748421169424,0.0255710498321124,"MIR4768"
"ENSG00000258427.3",13.414762337992,1.72566324480406,0.279800194756217,6.16748407308149,0.00475015587923278,0.0256337525794707,"RBM8B"
"ENSG00000170293.9",504.781101606244,1.25328153989522,0.0976730307529651,12.831398086387,0.00475496216605544,0.0256537721051855,"CMTM8"
"ENSG00000251230.6",3.5924669957586,2.04869451674588,0.40441980532646,5.06576208623638,0.00475597709192843,0.0256537721051855,"MIR3945HG"
"ENSG00000174137.13",60.9022506028995,1.42338052395581,0.163315875480938,8.71550619169263,0.00476540621753204,0.0256989283368905,"FAM53A"
"ENSG00000223461.1",7.93397281047451,1.49952414830641,0.192736494626398,7.78017754869465,0.00477450434393187,0.0257422799107043,"AC004471.1"
"ENSG00000169900.8",3.25218126286522,2.52831757284257,0.589802547789642,4.28671863544461,0.00478159585209115,0.0257695951678584,"PYDC1"
"ENSG00000266835.6",20.9525186045829,1.50478758448935,0.194806242553862,7.72453472107442,0.00478169154781373,0.0257695951678584,"GAPLINC"
"ENSG00000240499.7",8.02923367880402,1.94275004078579,0.363962367977975,5.33777723114318,0.00479544602214496,0.0258379907623332,"AC004594.1"
"ENSG00000237892.1",5.48840411583744,2.01881288197595,0.393355831152086,5.13228156822569,0.00479804253728554,0.0258462499791706,"KLF7-IT1"
"ENSG00000282651.2",363.053006444629,-2.1035469555374,0.426258924024522,-4.93490420253674,0.00481398109574449,0.025926360954475,"IGHV5-10-1"
"ENSG00000231066.3",5.21380096341933,1.50963196817548,0.196987891424546,7.6635774780793,0.0048390473584914,0.026055584048602,"NPM1P9"
"ENSG00000140538.16",34.068277443453,-1.83513153135699,0.322846313723825,-5.68422637443164,0.00484390848247848,0.0260759805326157,"NTRK3"
"ENSG00000237877.7",42.408443971968,1.60982672557622,0.23580169628962,6.82703623810651,0.00485224643948948,0.0261150805048935,"LINC01473"
"ENSG00000128692.8",23.6189930060167,1.48474746848494,0.187510164418319,7.91822391650509,0.00486641297048103,0.0261855259483368,"EIF2S2P4"
"ENSG00000146859.6",453.822061570534,-1.25640995192797,0.0991883346355561,-12.6669124604657,0.00486779580228794,0.0261871680309048,"TMEM140"
"ENSG00000204889.10",77.0853233413998,2.1549480307868,0.447377103441403,4.81684917312505,0.00491719704364147,0.026447075732733,"KRT40"
"ENSG00000196228.3",22.1240970088168,2.18137174835062,0.457708064670743,4.76585823306349,0.00492488020153508,0.0264825379281484,"SULT1C3"
"ENSG00000121440.15",577.846578607595,-1.44682839856716,0.17323196739913,-8.35197117650719,0.00494911315180108,0.0266069578736208,"PDZRN3"
"ENSG00000268027.5",17.5073784442825,-1.52448117314562,0.203385179104582,-7.49553718642263,0.00495781010479668,0.0266478180815216,"AC243960.1"
"ENSG00000203667.10",51.4220052533492,1.5692025827957,0.220772268888207,7.10778844960052,0.00496533536773786,0.0266823638735139,"COX20"
"ENSG00000215244.3",22.1467216678669,1.64411812854866,0.249943995283544,6.57794609821903,0.00498237933445948,0.0267680340100299,"LINC02649"
"ENSG00000116132.12",695.534900355368,1.60915201001006,0.236883852643152,6.79299999580018,0.00506263085748908,0.0271931763565395,"PRRX1"
"ENSG00000167800.9",135.866254667056,-1.77645425862486,0.302042866259531,-5.88146404722049,0.00507501616774314,0.0272536779836814,"TBX10"
"ENSG00000107282.8",187.686788339831,-1.39986676172378,0.155557191205251,-8.99904884420749,0.00507693154721645,0.027257940034768,"APBA1"
"ENSG00000228002.2",5.47633918574808,1.80719573689794,0.314030084225538,5.75484906598948,0.005078459428315,0.0272601201917505,"DHX9P1"
"ENSG00000283303.1",2.32693613785014,-1.78512228741446,0.305454614185877,-5.84414903069092,0.00507993375265125,0.0272620119676293,"AC073869.3"
"ENSG00000129595.14",63.8894728217848,-1.55760387714819,0.217046647021218,-7.1763553988278,0.00509887433307342,0.0273576167572718,"EPB41L4A"
"ENSG00000141449.15",40.3712901708434,1.99024140642498,0.385576059874381,5.16173490406377,0.00511121773609382,0.0274177905048741,"GREB1L"
"ENSG00000171094.18",8.94529875499808,-2.04982919443632,0.408894597616264,-5.01309923483025,0.00512201712438513,0.0274696570564022,"ALK"
"ENSG00000168676.11",7.89948813348708,1.69599510312016,0.271103027468432,6.25590617322652,0.00512511456975515,0.0274802038934356,"KCTD19"
"ENSG00000226530.2",3.21599960312867,-1.99924456502106,0.389275705251752,-5.13580616013042,0.00513012513423399,0.0275010017123066,"AL158055.1"
"ENSG00000134107.5",5568.33815371084,1.32382139729563,0.126251602177144,10.4855809705937,0.00516043473924614,0.0276573807154127,"BHLHE40"
"ENSG00000172023.8",1436.61547111464,2.3506974633026,0.526690114219348,4.46315091139838,0.00516621025993615,0.0276822291767251,"REG1B"
"ENSG00000244503.1",8.37060802911121,1.87820524376238,0.342471492709108,5.48426740253591,0.00516896379557146,0.0276908774762757,"AC108751.5"
"ENSG00000286785.1",8.95211930783918,1.73106696188794,0.285171365923009,6.07026920912983,0.00517955647581698,0.0277415081248297,"LINC01622"
"ENSG00000250486.5",5.33273554860676,-1.77612927430374,0.302785308470208,-5.86596913594472,0.00518413598411862,0.0277542793683681,"FAM218A"
"ENSG00000273032.3",19.5995931093547,1.65388705709798,0.255096493153681,6.48337825679795,0.00518422526967172,0.0277542793683681,"DGCR5"
"ENSG00000143498.18",194.844173577023,1.26802960188054,0.104638195735863,12.1182288452432,0.00521122500451649,0.0278926800902535,"TAF1A"
"ENSG00000231475.3",324.781956693488,-1.8601879459925,0.336103450301334,-5.53456962231343,0.00524423180929857,0.0280631651543614,"IGHV4-31"
"ENSG00000279283.1",8.80999469372597,1.79790992208404,0.311923364894508,5.76394757312293,0.0052633215559552,0.028159117967792,"AC131009.4"
"ENSG00000253966.1",3.66138709391642,1.84514529135709,0.330405083037845,5.58449426501633,0.005265220914447,0.0281630790713322,"AC008514.2"
"ENSG00000100266.19",3405.9652387445,-1.18490156541878,0.0722921457576009,-16.3904605818704,0.00526835911215,0.0281736633858374,"PACSIN2"
"ENSG00000280213.1",48.3144261859643,1.54642205764683,0.213777774247519,7.23378313339688,0.00529372419601723,0.0283030798598941,"UCKL1-AS1"
"ENSG00000116473.14",2096.50543953829,-1.2064578606839,0.0807995558896349,-14.9314912365585,0.00530655972475657,0.0283654644328167,"RAP1A"
"ENSG00000158006.14",1090.01837574249,-1.22521871716805,0.0881769375077032,-13.8950019335953,0.0053220933726159,0.0284412327689396,"PAFAH2"
"ENSG00000217555.13",6.62964149721776,1.89651260709094,0.351019197190587,5.4028743221734,0.00532424559118956,0.0284412327689396,"CKLF"
"ENSG00000280035.1",6.10199446953283,1.90950736246812,0.356101155365634,5.36226107019366,0.00532358881991639,0.0284412327689396,"AC011676.5"
"ENSG00000085265.11",127.990576328341,-1.68889702017626,0.269791515498298,-6.26000790668642,0.00533320020476742,0.0284828054891974,"FCN1"
"ENSG00000229298.1",4.21563905994603,1.81475078892558,0.319102172542143,5.68705243987615,0.00533599109279856,0.0284914488145474,"TUBB8P1"
"ENSG00000188738.15",237.183497648667,-1.83577399259056,0.327471693293778,-5.60590130440274,0.00535221800391206,0.028571814036701,"FSIP2"
"ENSG00000260493.1",3.08182379421735,1.78632169919889,0.308131677043365,5.79726731227147,0.00535683962831441,0.0285902049128136,"AC011773.4"
"ENSG00000235280.2",141.46914245134,1.44932102277905,0.176125838112038,8.22889496688782,0.00536861594098265,0.0286467649024766,"MCF2L-AS1"
"ENSG00000002746.15",40.3435804212422,1.59846334735517,0.234725933773105,6.80991367958643,0.005391926519968,0.0287648330263935,"HECW1"
"ENSG00000171858.18",30555.9279122715,1.46225143862866,0.181359657139358,8.06271616131836,0.00540454740920907,0.0288258345135602,"RPS21"
"ENSG00000092853.14",437.764629249952,1.31044740024755,0.121829681068546,10.7563886628764,0.00541389040475789,0.0288693300056214,"CLSPN"
"ENSG00000111684.11",592.408565496838,-1.25095317113353,0.0985985554673767,-12.6873377120361,0.00546073796571176,0.0291127539637551,"LPCAT3"
"ENSG00000238213.1",4.92076527434609,1.94014343369184,0.369468160767171,5.25117896400946,0.00547037155316394,0.0291577163285553,"TARDBPP2"
"ENSG00000062524.16",257.181809819181,-1.68545759340449,0.269394002509069,-6.25647778980437,0.00547261395478012,0.0291632717327099,"LTK"
"ENSG00000238243.3",9.44836917976389,-1.91634775492616,0.360169718208895,-5.3206798296538,0.00547624528114871,0.0291762245849405,"OR2W3"
"ENSG00000133424.22",868.741951263568,-1.27162914577302,0.106772173407236,-11.9097430088169,0.00547944600373079,0.029186878099662,"LARGE1"
"ENSG00000275431.1",5.47259919013855,-1.62940281341141,0.247418831812826,-6.58560547502734,0.00548150069420896,0.029191423815314,"AC244100.2"
"ENSG00000165178.9",51.4692443431863,-1.55032982026445,0.216343723105463,-7.16604946060163,0.00548308008292461,0.0291934369007599,"NCF1C"
"ENSG00000274026.2",9.0077269718999,1.50299973776641,0.197761224712894,7.60007296652027,0.00548787443715071,0.0292125627213061,"FAM27E3"
"ENSG00000185739.13",25.4078372343562,-1.54279863865799,0.213431022710084,-7.22855852475422,0.00549205334950184,0.0292284048166655,"SRL"
"ENSG00000260135.7",11.8682638033272,1.7848129456513,0.308621139614207,5.78318435309523,0.0054958022821606,0.0292419521472526,"MMP2-AS1"
"ENSG00000110079.18",268.154563433152,-1.52962562671404,0.208285824753363,-7.34387771479556,0.00549867728749736,0.0292508445897955,"MS4A4A"
"ENSG00000124802.12",229.825828424806,1.25944774086543,0.10205589733726,12.3407639707815,0.00550766476075274,0.0292922419974374,"EEF1E1"
"ENSG00000138379.5",7.2412368378814,-1.69311386114615,0.272674074452766,-6.20929534479613,0.00551237557296406,0.0293108810553669,"MSTN"
"ENSG00000164362.21",64.2126051512953,1.55320430435925,0.217699483358863,7.13462558750721,0.00552462404263872,0.0293695830750647,"TERT"
"ENSG00000274297.1",7.02513134838789,1.90726642289316,0.357451817517336,5.33573010242328,0.00557200632854744,0.0296149942659018,"AC009269.5"
"ENSG00000278952.1",4.76318253039695,1.67536904061056,0.266288092390207,6.29156574585221,0.00560258401968676,0.0297710018977451,"AP003068.4"
"ENSG00000269186.3",8.62618133083074,-1.61440456151138,0.242324271932586,-6.66216614883919,0.00561491731625215,0.0298300154754979,"LINC01082"
"ENSG00000229618.3",8.12870803623399,1.99347253135323,0.39193547140643,5.08622637343798,0.00562580251125737,0.0298813116991375,"AC011287.1"
"ENSG00000158517.15",75.9149667666822,-1.52213643893992,0.206195910034104,-7.38199142111094,0.00566690498962675,0.030093048786698,"NCF1"
"ENSG00000256443.1",19.9418081894431,1.56688694759443,0.22390476383086,6.99800629868721,0.00567358318541201,0.0301219295183552,"AP003559.1"
"ENSG00000233117.4",43.8386470073652,-1.67799379656122,0.267883325655484,-6.26389788336147,0.00568803647622327,0.0301920677964669,"LINC00702"
"ENSG00000233041.8",8022.2206113483,-1.63918672682577,0.252697769074267,-6.48674791562572,0.00571204964669846,0.0303129081491095,"PHGR1"
"ENSG00000130748.7",476.909914539008,1.58880488265453,0.232827114065237,6.82396845845607,0.00572044351555653,0.0303508247659441,"TMEM160"
"ENSG00000112116.10",3.94859136370453,2.11998481008709,0.443158649559965,4.78380555629937,0.00574753450403763,0.0304879040489226,"IL17F"
"ENSG00000203585.4",4.26912620610018,-1.72718857105673,0.287852706021392,-6.00025129146562,0.00576433211173658,0.0305703339841115,"LINC02408"
"ENSG00000159399.10",5938.16861241824,-1.31741587358128,0.125691244778503,-10.4813654753986,0.00577896082376589,0.0306412280204039,"HK2"
"ENSG00000259033.2",11.07301632038,1.62386131420861,0.247144815503293,6.57048504497955,0.00579687074843742,0.0307294849884445,"AL356804.1"
"ENSG00000236915.2",4.36858371427455,-1.5759334085921,0.228197104079587,-6.90601843940348,0.00580400634091578,0.0307606006726834,"CLCA4-AS1"
"ENSG00000234782.3",70.4886987357371,1.65795827370897,0.260784913105928,6.35756974574494,0.0058180508713148,0.0308283114201809,"TPT1P9"
"ENSG00000091986.16",1941.19353792096,-1.63522190487796,0.2519049733698,-6.49142366267389,0.00583991564230384,0.0309374209958542,"CCDC80"
"ENSG00000236404.10",11.8473221793403,-1.6316892962736,0.250522695947899,-6.51313961834794,0.00584302782930885,0.0309471613452932,"VLDLR-AS1"
"ENSG00000280388.1",16.9093646442795,1.70942907803826,0.281421406626014,6.07426811816757,0.00585311886850837,0.0309938523653854,"AC006330.1"
"ENSG00000075618.18",2309.01007906912,1.56094136992012,0.222536256098797,7.01432385573668,0.00585651447427717,0.0310050766285262,"FSCN1"
"ENSG00000230539.1",4.28206844821002,2.0457898038611,0.41492059840192,4.93055734456309,0.00586011674155605,0.0310173898540214,"AOAH-IT1"
"ENSG00000276957.1",6.2837487579697,1.67053769386902,0.266161057361421,6.276416657004,0.00587953765549736,0.0311134070184203,"AL158063.1"
"ENSG00000287292.1",3.35714056732235,-1.78742850985242,0.312863551447392,-5.71312478421757,0.00592057525174569,0.0313237488825213,"AC002460.2"
"ENSG00000286588.1",8.86608870513559,1.8517303690999,0.338488696907119,5.47058258080627,0.00593014381461614,0.0313675434686923,"AC104841.1"
"ENSG00000245025.3",31.2703905705705,-1.38019181878336,0.151117990985703,-9.13320650824387,0.00593710473565418,0.031397528852317,"AC107959.1"
"ENSG00000259721.1",4.99895282600524,1.93411933543851,0.371791983709532,5.20215448472276,0.00599432187551931,0.031693216182576,"AC090877.2"
"ENSG00000143476.18",799.759389318568,1.2632767000782,0.104857653356342,12.0475393034514,0.00602287914088493,0.0318372771641296,"DTL"
"ENSG00000104918.8",7.7780286553635,1.91585204592893,0.364796718953983,5.25183464210543,0.00602661766564603,0.0318501107601563,"RETN"
"ENSG00000261222.3",12.1096073229078,1.86068167037029,0.342910090737871,5.42615023770952,0.00603768768436515,0.0319016766101486,"AC064805.1"
"ENSG00000251400.1",10.5151848909052,1.7348067219626,0.292825102853231,5.92437842609454,0.00604732492073352,0.031945651211701,"ALDH7A1P1"
"ENSG00000176383.9",40.0772220546065,1.53008600871848,0.211305880530663,7.24109525431047,0.00606020174215182,0.0320067164386632,"B3GNT4"
"ENSG00000211892.4",7019.76110309284,1.87134741540652,0.34751301004629,5.38497081061009,0.00608148156085838,0.0321121255821075,"IGHG4"
"ENSG00000165066.13",17.378782484153,2.60316178773033,0.639462865266811,4.07085685365667,0.00608727986566326,0.0321357594472338,"NKX6-3"
"ENSG00000163395.17",42.6127592206249,1.83149892973828,0.33171216806694,5.52134985102109,0.00609341054645885,0.0321611373325261,"IGFN1"
"ENSG00000104341.17",5931.07550176913,1.41732682145022,0.166562936191508,8.50925694429781,0.0061135685913423,0.0322592866948298,"LAPTM4B"
"ENSG00000145721.12",5.25307492078278,-2.03154426258622,0.411718987056285,-4.93429821420525,0.00611466150273193,0.0322592866948298,"LIX1"
"ENSG00000170323.9",175.999603902857,-2.04387342864807,0.416678546897124,-4.90515637022391,0.00611867942720365,0.0322734773347186,"FABP4"
"ENSG00000285725.1",28.0027320623532,1.47202068124914,0.188578740605918,7.80586759949411,0.00615653058058991,0.0324660792335796,"AC004967.2"
"ENSG00000133661.17",4.96670489340877,-1.64534257493792,0.257857225692346,-6.38082788070096,0.00616227578636833,0.0324893255822848,"SFTPD"
"ENSG00000080839.12",655.474456352388,1.2979416204211,0.119082221991757,10.899541499242,0.00617500367140853,0.0325493685933248,"RBL1"
"ENSG00000092621.13",2027.07799478513,1.56444875041291,0.225660077923784,6.93276703973001,0.00618651313235496,0.032602964458084,"PHGDH"
"ENSG00000113140.11",29200.1834357284,1.43324148216154,0.173289328254634,8.27080061188488,0.00620782851927052,0.032708203169617,"SPARC"
"ENSG00000235532.1",4.45928881478785,-1.89653204624497,0.358640950120452,-5.28810791296423,0.00621310344695748,0.0327288995796806,"LINC00402"
"ENSG00000180066.10",26.2885150750717,1.54388944330905,0.217581568137274,7.09568120372679,0.0062148614991604,0.0327310651126133,"LINC02870"
"ENSG00000286828.1",7.41940694386728,1.72068151306305,0.288444217488951,5.96538744316814,0.0062357853665917,0.0328341461339498,"AC008883.3"
"ENSG00000220305.1",11.6534102447086,1.72685582941293,0.290973650946164,5.93474984349162,0.00624458875561422,0.032873376681418,"HNRNPH1P1"
"ENSG00000127588.5",12.922467089449,-1.94796313664056,0.379614722480263,-5.1314214683595,0.00625941647638176,0.0329442972441145,"GNG13"
"ENSG00000211668.2",1327.68441828381,-1.8694469799234,0.348189009901838,-5.36905797357142,0.00626148309343204,0.0329480379320915,"IGLV2-11"
"ENSG00000241112.1",5.35772670131598,1.75628005937902,0.302896426681203,5.79828583196691,0.00626549886234808,0.0329620312524482,"RPL29P14"
"ENSG00000088882.8",490.901210126432,1.47254939754922,0.18927137878039,7.78009547475116,0.00626816376851107,0.0329689133278829,"CPXM1"
"ENSG00000064652.11",209.641697375398,-1.33927244231225,0.135970654390067,-9.84971682544238,0.00629450789002978,0.0331003119947465,"SNX24"
"ENSG00000168878.19",18.2948292422565,2.06798403823319,0.428247390408383,4.82894720330025,0.00631832642912007,0.0332183756442271,"SFTPB"
"ENSG00000186710.11",9.70901413349247,1.64859463262753,0.260107312061314,6.33813259443822,0.0063233615336698,0.0332376563418075,"CFAP73"
"ENSG00000136688.11",4.15632753634045,1.80798008507575,0.324089085374258,5.57865157040972,0.00633201172223027,0.0332759266544541,"IL36G"
"ENSG00000185238.13",864.609003344006,1.23734740392842,0.0952282057586001,12.9934969799289,0.00634403566872736,0.0333319063243405,"PRMT3"
"ENSG00000260025.1",20.0494678728094,-1.30610579816594,0.122821119307463,-10.6342118157734,0.00634612518398511,0.0333356770364977,"CRIM1-DT"
"ENSG00000130731.16",2260.60359324795,1.35262745715912,0.141496849828627,9.55941746263144,0.00634911496371131,0.0333441741124238,"METTL26"
"ENSG00000169083.18",77.347152989697,-1.62659392461624,0.251459449203605,-6.46861324864831,0.00635436196704126,0.0333645194034362,"AR"
"ENSG00000244558.6",6.89931750232645,1.90806527442095,0.364523656171025,5.23440726580921,0.00636739417320745,0.0334257244348544,"KCNK15-AS1"
"ENSG00000182308.7",10.736174350806,1.5242308600403,0.210459774545764,7.24238569261064,0.00637128788870087,0.0334389407549528,"DCAF4L1"
"ENSG00000240225.10",98.9349908680517,-1.45328722365976,0.181990637159092,-7.9855054432791,0.00637427604566882,0.0334473996782018,"ZNF542P"
"ENSG00000102595.20",916.942826030967,1.31936517290434,0.128342759401063,10.2800125154035,0.00641638059397294,0.0336610639968787,"UGGT2"
"ENSG00000253972.6",13.2625955665781,1.80819867574924,0.324895060072765,5.56548528421537,0.00643098638766093,0.0337304056162661,"MAL2-AS1"
"ENSG00000259674.1",84.9616352709219,-1.51200884922392,0.206026170534297,-7.33891643621174,0.00647458579129139,0.0339517554441909,"AC092868.1"
"ENSG00000017427.17",28.6352806974911,-1.69297623896282,0.278895182964712,-6.0702957324904,0.00648268145847133,0.033986873665772,"IGF1"
"ENSG00000161888.11",525.003221272452,1.27365999664958,0.11018664919844,11.559113612356,0.00650301851488832,0.0340861410508599,"SPC24"
"ENSG00000145248.7",11.7911040449928,-1.68379437301347,0.275352058823181,-6.11506004425676,0.00650773394966876,0.034103501181141,"SLC10A4"
"ENSG00000271789.1",20.8610286111859,1.58001270526697,0.233778963602082,6.75857519822155,0.00655016080439355,0.0343184362972754,"AL080317.1"
"ENSG00000211899.10",9603.98144917019,-1.80540725981011,0.324893271099771,-5.55692413603632,0.00658774490119965,0.0345079114246931,"IGHM"
"ENSG00000163463.13",126.968486880295,1.34437171506469,0.138955673153784,9.67482424108626,0.00660078842707208,0.0345687842193646,"KRTCAP2"
"ENSG00000275481.1",15.2635584433481,1.65678276357059,0.265070542962958,6.25034658718042,0.00661039207656953,0.0346116197932859,"AC025031.4"
"ENSG00000088356.6",1223.19325792695,1.31344822044487,0.126554603414243,10.3785100265823,0.00662863412884602,0.0346921837887052,"PDRG1"
"ENSG00000264577.1",43.5348105214229,1.38013249378186,0.153474839831629,8.99256513507975,0.00662758096430576,0.0346921837887052,"AC010761.1"
"ENSG00000213212.3",18.2624320046047,1.64979629590578,0.262383952826959,6.28771797257668,0.00663370866813815,0.0347112662867694,"NCLP1"
"ENSG00000273619.1",68.6824463910031,1.40930497403596,0.165326840393593,8.52435678732402,0.00664816440102103,0.0347794176415093,"AL121832.2"
"ENSG00000077935.17",13.9148489032072,1.74482500889988,0.300972958899486,5.79728164044994,0.00666695850654322,0.0348702306734826,"SMC1B"
"ENSG00000236764.4",4.41514215440972,2.11955073837218,0.452662026399584,4.68241340063539,0.00669434089832307,0.0350059143166022,"COX7A2P2"
"ENSG00000257953.1",6.92266564042751,1.81768694917693,0.330639925502511,5.49748172854317,0.00669839003194681,0.0350195520172778,"AC083805.2"
"ENSG00000115252.18",118.456143488231,-1.46648916184472,0.188650476067249,-7.77357784839065,0.00670352737643519,0.0350388718535976,"PDE1A"
"ENSG00000174600.14",311.106139085003,-1.4653404834546,0.188198276207746,-7.78615252478224,0.00670656690153183,0.0350472205821986,"CMKLR1"
"ENSG00000123131.13",4595.3821784123,1.27983460997841,0.11321825327708,11.3041366823269,0.00672476941231662,0.0351347875122111,"PRDX4"
"ENSG00000207340.1",4.82183622841285,1.89091625935125,0.360473849649218,5.24564059554203,0.00672710928667087,0.0351394573658861,"RNVU1-1"
"ENSG00000257246.1",7.05750952944174,1.7804828097064,0.315826032963533,5.63754289980264,0.00673221836856314,0.0351585872246044,"PHBP19"
"ENSG00000082497.12",167.993903170947,-1.54790757842088,0.221929073009332,-6.97478504024478,0.00677757302528886,0.0353809117077254,"SERTAD4"
"ENSG00000184160.8",154.118337615516,1.67602883769347,0.273825132366301,6.12079988133236,0.00677770139915479,0.0353809117077254,"ADRA2C"
"ENSG00000079257.8",576.366993931887,-1.31762254232212,0.128752117078206,-10.2337932161673,0.00681383762903526,0.0355619103061763,"LXN"
"ENSG00000170827.9",224.331776416021,1.83782137963936,0.339752230433777,5.40929893909139,0.00683199451437475,0.0356490158254899,"CELP"
"ENSG00000271826.5",6.0236036883969,1.69358325974841,0.281496578836009,6.01635468093926,0.00687146100601639,0.0358472525646626,"PLS3-AS1"
"ENSG00000249502.3",13.2478414017936,1.65268451172274,0.265028782952449,6.23586801898142,0.0068948979032715,0.035961798465228,"AC006160.1"
"ENSG00000142632.17",566.977188490358,1.34389779929254,0.139652678504246,9.62314374265064,0.00689818458676433,0.0359712200554449,"ARHGEF19"
"ENSG00000232806.1",13.4411353161647,-1.49760533290835,0.202181668697284,-7.40722609798336,0.00692405748651211,0.0360983902429188,"AP001610.3"
"ENSG00000257345.2",7.87200346328712,1.92369320055958,0.375345165607608,5.12513115080492,0.00692912615088503,0.0361170668096324,"LINC02413"
"ENSG00000137411.19",14.1883274023291,1.47805909400261,0.194300234181575,7.60708858755856,0.00693883364497199,0.036159909408711,"VARS2"
"ENSG00000183023.18",348.983916083617,-1.43301402470566,0.176011913856535,-8.14157401795935,0.00694413313689323,0.0361797674156315,"SLC8A1"
"ENSG00000155659.15",463.00518898668,-1.56940652488319,0.231558765364874,-6.77757338363001,0.00696593585846011,0.0362778056923662,"VSIG4"
"ENSG00000236155.6",15.6838464715008,1.73469961348394,0.298775271387203,5.80603476797056,0.00696550216708291,0.0362778056923662,"ZPLD2P"
"ENSG00000265912.1",5.28093801934956,1.84695318336917,0.344655363282026,5.35884068589944,0.00699750261170366,0.0364343932857079,"AC037487.1"
"ENSG00000155970.12",26.7819078078531,-1.57911396664389,0.235703654184888,-6.69957354757521,0.00700595436137866,0.0364705850431665,"MICU3"
"ENSG00000260592.1",9.05352368992365,1.61415854565692,0.2500468789926,6.45542368759056,0.00702126493239354,0.0365424583116648,"AC130456.3"
"ENSG00000133627.18",358.492517132303,1.21790931242987,0.0887242689775739,13.7269016297864,0.00702410537346691,0.0365430445780138,"ACTR3B"
"ENSG00000170290.4",10.284153718753,1.89866937923231,0.365905649728448,5.18895890413656,0.00702438523555155,0.0365430445780138,"SLN"
"ENSG00000163637.13",219.473539129013,-1.46643916993304,0.189936104039408,-7.72069732265746,0.00702917734443595,0.0365566465550986,"PRICKLE2"
"ENSG00000163888.4",36.7083672214968,1.63032755755321,0.256676626234282,6.35167908146466,0.00703000861530764,0.0365566465550986,"CAMK2N2"
"ENSG00000287242.1",4.3818214077555,1.82873647796196,0.338141529669179,5.40819839477009,0.00712583129783766,0.0370470048218774,"AC073593.2"
"ENSG00000131778.19",20.2924040107227,1.48329229575879,0.197221808375313,7.52093446448925,0.00713287258052572,0.0370546390263524,"CHD1L"
"ENSG00000145649.8",241.022571943248,-1.56485373332241,0.230507881260678,-6.78872116980998,0.00713339923313896,0.0370546390263524,"GZMA"
"ENSG00000178084.2",6.74367139852672,-2.40121312634037,0.571794132326347,-4.19943645901195,0.00713180442201475,0.0370546390263524,"HTR3C"
"ENSG00000196092.14",119.314301887586,-1.83336149391422,0.340053416539852,-5.39139265992161,0.00712936826228587,0.0370546390263524,"PAX5"
"ENSG00000160949.17",1290.22751492369,1.31241961684078,0.127499402875447,10.2935353989294,0.00713564445353585,0.037058380042941,"TONSL"
"ENSG00000182481.10",4488.49365312477,1.21863138825834,0.0892629486971599,13.6521525005045,0.00715678715455537,0.0371602409948067,"KPNA2"
"ENSG00000251396.7",51.6978284711675,1.57439323359214,0.234599995977947,6.71096871519188,0.00717473133519086,0.0372454542715526,"LINC01301"
"ENSG00000211639.2",139.258775318478,-2.06278265541727,0.434176067747757,-4.75102800142287,0.00718627319251977,0.0372974025156408,"IGLV4-60"
"ENSG00000260498.6",3.78315979822961,1.70273550781612,0.28722878719984,5.92815060222858,0.00721043087236218,0.0374147918424943,"AC126696.3"
"ENSG00000197763.19",282.771373166753,1.21079744401384,0.0861650939748164,14.0520643355617,0.00721380744146187,0.0374208455660937,"TXNRD3"
"ENSG00000279738.1",81.8462729569777,1.41061851424844,0.16784649243572,8.40421800764563,0.00721467742704317,0.0374208455660937,"AL022311.1"
"ENSG00000103064.15",541.233070371252,1.24840546960614,0.101616443874934,12.2854670169587,0.00725184827011006,0.0376017014135556,"SLC7A6"
"ENSG00000277758.5",3.55338347132887,-1.64454877890497,0.263672983000221,-6.23707730762688,0.00725264092696852,0.0376017014135556,"FO681492.1"
"ENSG00000212124.2",7.30081464963692,1.9175687653549,0.375509464155883,5.10657905697651,0.00727217348305838,0.03769492654401,"TAS2R19"
"ENSG00000182263.14",28.6415675342469,-1.56589811555891,0.23161325474672,-6.76083118503428,0.00727703885355869,0.037712101544354,"FIGN"
"ENSG00000136960.13",655.296419515874,-1.46847046610234,0.191765380215987,-7.65764114694944,0.00728416918523717,0.0377410045205252,"ENPP2"
"ENSG00000133104.14",344.609667408972,-1.44929652554985,0.183924989555575,-7.87982388392055,0.00728640496468774,0.0377445407465172,"SPART"
"ENSG00000150556.17",148.885403743735,1.54681312824145,0.223932837715896,6.90748683408325,0.00730586170391509,0.0378372633003275,"LYPD6B"
"ENSG00000185483.12",111.308893884991,-1.55579576037438,0.227619626775299,-6.83506858532119,0.00730763984330103,0.0378384078824238,"ROR1"
"ENSG00000126803.9",1030.16817556201,-1.57765616779291,0.236840831261913,-6.66125076232415,0.00736386536312661,0.0381214163451165,"HSPA2"
"ENSG00000113790.11",673.312341385627,-1.26154239673139,0.107245593787977,-11.7631163404759,0.00736961163221667,0.0381430378408658,"EHHADH"
"ENSG00000249267.7",7.34758093343213,2.12007000775484,0.459313260723834,4.61573873224083,0.00737264159440537,0.038150594281101,"LINC00939"
"ENSG00000067177.15",619.346776767098,1.34031933470024,0.139568307263612,9.60332156331659,0.00737680855084047,0.0381640297605756,"PHKA1"
"ENSG00000255587.9",9.08630183682149,-1.51781797436616,0.212423799935433,-7.14523501993422,0.00739124155841803,0.0382305597849209,"RAB44"
"ENSG00000260105.6",4.48000853624829,-1.60428742000232,0.247915752911916,-6.47109915831898,0.00739520340804972,0.0382429118569075,"AOC4P"
"ENSG00000135052.16",10123.749408326,-1.29607071800487,0.121491177856258,-10.6680233155556,0.00740539296090927,0.0382874572234245,"GOLM1"
"ENSG00000242299.1",533.858974699728,1.54296443351091,0.223031583691705,6.91814319734977,0.00745674022619712,0.0385397571053989,"AC073861.1"
"ENSG00000286557.1",10.310279759703,1.56373842839238,0.231567722450918,6.75283416808585,0.00745736369998295,0.0385397571053989,"AC104088.2"
"ENSG00000213822.6",21.9035639050957,2.14854304379888,0.47183040404502,4.55363415621235,0.00746178423501573,0.0385544029153481,"CEACAM18"
"ENSG00000276533.1",7.72102601820055,1.57649986860368,0.236869236695621,6.65557035010628,0.00746996890208946,0.0385884873130897,"AC018926.2"
"ENSG00000226642.1",6.19136824842438,1.92213402651149,0.378903955727167,5.07287928103747,0.0074729349676828,0.0385956046152374,"ACTG1P12"
"ENSG00000091622.16",544.030507567248,-1.40623713143223,0.166937302346899,-8.42374419415286,0.00747741080912442,0.0386105148027461,"PITPNM3"
"ENSG00000234129.8",19.5159960513353,1.45822032811438,0.18834801295487,7.74215934236475,0.00749048722277112,0.0386698193144972,"AC073529.1"
"ENSG00000241370.6",38.6297694637565,1.43155504579637,0.17743073273379,8.06824738724502,0.00750277282883644,0.0387250169372824,"RPP21"
"ENSG00000236257.1",6.16401001467445,2.03908424146706,0.427262729399123,4.77243649202613,0.00750876172284262,0.0387476979964059,"EI24P2"
"ENSG00000232046.7",3.60519172607459,-1.87740649186284,0.360868203340112,-5.20247135792514,0.00752078631376961,0.0388015090073464,"LINC01798"
"ENSG00000106772.18",1614.12026513932,-1.52922874751368,0.217829127232658,-7.02031343072108,0.00755859915104992,0.0389800423112294,"PRUNE2"
"ENSG00000177294.7",6.67735636799106,1.75093068890195,0.309074278029552,5.66508057566192,0.00755748934744442,0.0389800423112294,"FBXO39"
"ENSG00000253460.2",7.32613164956333,-2.06501660045941,0.438538981307577,-4.70885528648381,0.00757953591782134,0.0390797205183659,"IGKV2OR22-3"
"ENSG00000125337.19",22.2344885650537,1.6929189344945,0.285381020938578,5.93213567225575,0.00759015840767582,0.0391261878036747,"KIF25"
"ENSG00000038427.16",3546.60645026709,1.535322007256,0.220484935560782,6.96338733234111,0.00759263524574842,0.0391306546069325,"VCAN"
"ENSG00000151952.16",6.71815821439707,-1.73872632943365,0.304560943134323,-5.70896028735636,0.00764270639075981,0.0393803573569685,"TMEM132D"
"ENSG00000224511.2",51.0934238356659,1.51875513699157,0.21402577288435,7.09613200561708,0.00767958325470274,0.0395619828469953,"LINC00365"
"ENSG00000159733.14",455.212851621743,-1.31477162907616,0.129891700418392,-10.1220603382754,0.00768928322661652,0.0396035571019037,"ZFYVE28"
"ENSG00000287860.1",16.265062528371,1.64213211094607,0.265239369911724,6.19113260407985,0.00773993425801273,0.039855986961159,"AC079804.3"
"ENSG00000240622.1",5.13380294041618,1.72420144615026,0.299229108398082,5.76214478391068,0.00775547620049625,0.0399275575576396,"RPL7P15"
"ENSG00000254604.1",8.89096334401581,1.56864266716585,0.23511256655937,6.67187930497002,0.00779023460984448,0.0400980091123112,"AP002336.2"
"ENSG00000234040.3",7.5470865815966,1.86650238581213,0.358396029658071,5.20793265369841,0.0078089767437577,0.0401859667245472,"RPL10P12"
"ENSG00000113296.14",269.991280738591,-1.84516225124167,0.349583705184962,-5.27817007450451,0.00781108694960671,0.0401883152393485,"THBS4"
"ENSG00000272944.1",4.3730428751312,-1.61102762892843,0.252882071145581,-6.37066764610995,0.00784053247518195,0.0403312741631925,"AC079834.1"
"ENSG00000129195.16",412.379584683776,1.30402078563903,0.125994995125854,10.349782420615,0.00791179486749461,0.0406806210918576,"PIMREG"
"ENSG00000176826.15",95.9696542388919,1.48587297221745,0.201354029127969,7.37940521305941,0.00791029538734403,0.0406806210918576,"FKBP9P1"
"ENSG00000106628.11",5213.51716440909,1.26310880018726,0.109059624753895,11.581818688975,0.00792127946348046,0.0407207723635657,"POLD2"
"ENSG00000174740.8",13.8642589933132,-1.50838065655371,0.210815635340794,-7.15497526602015,0.00794365488914684,0.0408271602805136,"PABPC5"
"ENSG00000178301.4",127.77379337168,-1.29171360423838,0.121057841246952,-10.6702183925727,0.00798272660926151,0.0410192972309272,"AQP11"
"ENSG00000231742.6",15.3175958165512,1.52582492204958,0.218233550819805,6.99170643706134,0.00798808258198652,0.0410381409603113,"LINC01273"
"ENSG00000142185.16",916.866465431453,1.44055838594895,0.183027432996457,7.87072387108679,0.00804071889247494,0.0412998243684509,"TRPM2"
"ENSG00000226243.1",39.1799786385049,1.67365356217115,0.279898477361525,5.97950220361295,0.00804696979223424,0.0413231965239417,"RPL37AP1"
"ENSG00000141294.10",24.4883093995136,1.36469801833655,0.151538404048546,9.00562485730924,0.00805006918080398,0.0413303784266927,"LRRC46"
"ENSG00000183775.11",24.6183457103171,1.84230689914676,0.350012248790941,5.26354979150215,0.0080529494236051,0.0413364324025357,"KCTD16"
"ENSG00000258700.6",6.08469617789133,-1.94512913997843,0.392838459289569,-4.95147329387277,0.00806639112158488,0.0413966851646278,"LINC00871"
"ENSG00000271824.2",167.781125935405,-1.72136991369113,0.299898144664519,-5.73984849294995,0.00807776101543871,0.0414462822371538,"SMIM32"
"ENSG00000106133.18",12.1436172463237,1.57660944448246,0.239784560624904,6.57510825706898,0.00809291853150038,0.0415152882236562,"NSUN5P2"
"ENSG00000279384.1",8.46778466129093,1.8706056344413,0.362134145141316,5.16550471569405,0.00810623401718838,0.0415748177749425,"AC080188.2"
"ENSG00000012048.23",937.424289433605,1.25317760017892,0.105371063573307,11.8929956449294,0.008136728718262,0.0417224114483576,"BRCA1"
"ENSG00000264112.1",432.552169473985,1.47890635340189,0.199449068853977,7.41495742196042,0.00817190487380422,0.0418939427074773,"AC015813.1"
"ENSG00000158815.11",6.89165664884922,1.70096422168745,0.292099081193555,5.82324399904679,0.00820317830738753,0.0420453982006996,"FGF17"
"ENSG00000150656.15",12.2515852761203,1.95952070577819,0.400088027142395,4.89772393284035,0.00823626945091132,0.0422061045249146,"CNDP1"
"ENSG00000139988.10",9.93068116787327,1.55485305591227,0.231537798732619,6.71533142503363,0.00827890778197809,0.0424156565680092,"RDH12"
"ENSG00000137501.17",2168.20936172229,-1.33620676386128,0.140316260336081,-9.52282194993539,0.00828609436307982,0.0424435271970573,"SYTL2"
"ENSG00000115009.13",1947.5692995753,1.55588195729927,0.232123174037967,6.70282906369695,0.00831536334263071,0.0425803863238356,"CCL20"
"ENSG00000214192.3",7.70769363432103,1.60792217006776,0.253858397282569,6.33393335528698,0.00831631742769234,0.0425803863238356,"UBE2V1P2"
"ENSG00000078814.17",163.402347498655,1.63695016367581,0.266318274097608,6.14659346686758,0.00838555102138337,0.0429258246934097,"MYH7B"
"ENSG00000257335.8",49.3116166588351,-1.63107174841064,0.263929459950178,-6.17995334328551,0.00839985383121105,0.0429899848564508,"MGAM"
"ENSG00000205213.14",2624.34704836362,-1.26734308495412,0.111835214296572,-11.332236388382,0.00841251865965033,0.043045736666562,"LGR4"
"ENSG00000118557.16",120.739108346349,1.48555570677126,0.203142119460382,7.31288868461853,0.00841898915760965,0.043069776111561,"PMFBP1"
"ENSG00000263624.1",4.93475947562642,1.90428537361568,0.378361742347643,5.03297548478355,0.00842413733108187,0.0430870421269816,"AC055811.1"
"ENSG00000254419.1",17.9152136977071,1.53106638911463,0.222331894467881,6.88640013966067,0.00845589433198376,0.0432403687430988,"AL139349.1"
"ENSG00000104756.16",898.495463915791,-1.29086618777143,0.121783620792751,-10.5996699668521,0.00846129902816167,0.0432589030894863,"KCTD9"
"ENSG00000113460.13",1222.98647573172,1.26113571744696,0.109368927715318,11.5310238821178,0.00847803047712253,0.0433353261661922,"BRIX1"
"ENSG00000258667.2",33.9549836665412,1.70786171514126,0.296883025092357,5.7526418514833,0.00855554765831708,0.0437223571182135,"HIF1A-AS3"
"ENSG00000170819.5",5.18252654251654,-1.62000088067008,0.260270272816083,-6.22430238821334,0.00860611752131115,0.0439715424238564,"BFSP2"
"ENSG00000283294.1",6.04005226771101,1.69266529779475,0.290823600225613,5.82024738185493,0.0086156019517355,0.0440107478299711,"AP005212.4"
"ENSG00000162896.6",126008.059652751,-1.71728187176165,0.301362720513953,-5.69838853602377,0.00865331088323672,0.0441940845865179,"PIGR"
"ENSG00000104419.17",13984.4780035849,-1.34469848835684,0.144842206394716,-9.28388569760079,0.00866053066623556,0.0442216632043547,"NDRG1"
"ENSG00000270720.1",8.31976278167342,1.45875846030692,0.192809247444867,7.56581170062419,0.0086718711960075,0.0442702668199542,"AC104785.1"
"ENSG00000100526.20",666.217331935465,1.28219989134566,0.118653494245505,10.8062547967839,0.00869508511647259,0.0443701319467207,"CDKN3"
"ENSG00000118402.6",24.7607152086773,-1.45060826669048,0.18945745052016,-7.65664407869844,0.00869364437867435,0.0443701319467207,"ELOVL4"
"ENSG00000189046.11",551.884632649172,1.24434835730867,0.102783974157502,12.1064433196743,0.00871994525697514,0.0444876484871921,"ALKBH2"
"ENSG00000267698.1",11.2094439576306,1.39987115375711,0.168244845418769,8.32044007216249,0.00873363359056489,0.0445481310349972,"AC002116.2"
"ENSG00000187486.5",148.077774087341,1.41585669899476,0.175030085231856,8.08921904550997,0.00875273468197662,0.0446361915576142,"KCNJ11"
"ENSG00000133316.15",997.689561323324,1.23952332767044,0.100838839418365,12.2921221110831,0.00876714997607333,0.0447003240492199,"WDR74"
"ENSG00000136383.7",713.060413607106,1.66127014379319,0.278479569241642,5.96550098205471,0.00878462421317362,0.044780022735498,"ALPK3"
"ENSG00000243829.1",58.0947591546868,1.62773932549957,0.264444816222271,6.15530812345902,0.00880302215774756,0.0448643956445608,"AC011495.1"
"ENSG00000244437.1",1074.99993246135,-1.71399271183224,0.300834050330069,-5.69746911944205,0.00881312371641892,0.0449064596999329,"IGKV3-15"
"ENSG00000271664.1",9.00732814867034,1.69154989299449,0.291407872465406,5.80475015545538,0.00881893490824088,0.0449266495325479,"AC004890.3"
"ENSG00000249375.8",6.61345955581911,1.54221126006908,0.228541401772152,6.74806073696271,0.00883441804050147,0.0449960927235769,"CASC11"
"ENSG00000203985.11",10.5286533239406,1.75445260676065,0.318130895277872,5.51487652662034,0.00885763240661449,0.0451048758341853,"LDLRAD1"
"ENSG00000225345.3",21.1757145326369,1.61070142329147,0.257526945649308,6.25449666725312,0.00886023217839508,0.0451086616247644,"SNX18P3"
"ENSG00000134815.19",1259.96433216381,1.24525157973178,0.103500541026276,12.0313533377148,0.00890443769525579,0.0453242220349216,"DHX34"
"ENSG00000255867.1",3.98281512250742,1.86754027126044,0.366134360911276,5.10069654924574,0.00890707066081003,0.0453281292267401,"DENND5B-AS1"
"ENSG00000112038.18",3.16652537602091,-2.12860486252508,0.476679027061418,-4.46548881256069,0.0089509458798451,0.0455418728811214,"OPRM1"
"ENSG00000137251.16",273.094582542434,-1.55925468831978,0.236237324905529,-6.60037396268067,0.00895816901352523,0.0455690824845432,"TINAG"
"ENSG00000241478.1",9.71927400649884,1.63066743710519,0.266434387929516,6.12033397707123,0.00896489879822196,0.0455937716192536,"HSPA8P9"
"ENSG00000211673.2",1955.57151788026,-1.77937482733564,0.329350480983662,-5.40267869663111,0.00898102411143975,0.0456661997155822,"IGLV3-1"
"ENSG00000271969.1",4.73978454839968,1.59926110219832,0.253245766575775,6.31505562293299,0.00898289854487584,0.0456661997155822,"U47924.1"
"ENSG00000197927.13",17.5851708908306,1.55240328695438,0.23357312871196,6.64632655098262,0.00901473975195448,0.0458184848300552,"NBEAP2"
"ENSG00000175662.18",1728.07521160435,-1.23873348648223,0.10096167572614,-12.2693435659914,0.0090248956022605,0.0458605109023275,"TOM1L2"
"ENSG00000179841.8",210.75795755144,-1.43621957733465,0.184604775138785,-7.77996980985412,0.00906403436742362,0.0460497669095534,"AKAP5"
"ENSG00000144406.19",5.73195557282533,-1.86833548158947,0.367742671563077,-5.08055122797738,0.00910651690765008,0.0462468016941845,"UNC80"
"ENSG00000232216.1",100.021247664497,-1.83960053791012,0.355573989392558,-5.17360828628884,0.0091066232965709,0.0462468016941845,"IGHV3-43"
"ENSG00000131016.17",1111.37405387835,-1.5832906044553,0.24704931378698,-6.40880389500093,0.00911215169720988,0.0462652081575846,"AKAP12"
"ENSG00000161040.16",25.2795560772595,1.52778853321247,0.223676689661049,6.83034309711764,0.00914721267116481,0.0464335216021109,"FBXL13"
"ENSG00000226085.3",44.3315398712597,1.76000052788055,0.322177164484857,5.46283449571819,0.00916330834139889,0.0465055122589794,"UQCRFS1P1"
"ENSG00000111728.10",62.0283958618495,-1.45345802967924,0.192254191597796,-7.56008499788621,0.00917107086214065,0.0465351893819206,"ST8SIA1"
"ENSG00000073536.18",1170.91249739197,1.24427959343716,0.10357219008105,12.0136456751899,0.00917338613863481,0.0465372198682309,"NLE1"
"ENSG00000196090.12",12.3599590482845,-1.68982114784137,0.292505913934049,-5.77704951368052,0.00917904846903875,0.0465562257978797,"PTPRT"
"ENSG00000160072.20",1053.88849812465,1.29817379196865,0.126490686252063,10.2629990431211,0.00920471388372108,0.0466766584671165,"ATAD3B"
"ENSG00000158008.10",7.10003875207067,-1.59894061901663,0.254160869588742,-6.29105739842595,0.00922300494768056,0.046749899922536,"EXTL1"
"ENSG00000278112.1",5.60897762945228,1.54347384839309,0.230623056389925,6.69262593495192,0.00922289066486246,0.046749899922536,"AC145423.2"
"ENSG00000184785.6",68.3797440039117,-1.44370665649786,0.188367707722409,-7.66430018156508,0.00924803676755096,0.0468670059335742,"SMIM10"
"ENSG00000197757.8",63.8543036928948,1.88144731178438,0.374216433967945,5.02769825428228,0.00925019569185036,0.0468681725004095,"HOXC6"
"ENSG00000230797.3",26.6965453681047,1.35388246968679,0.150245845239817,9.01111420103344,0.00925248110625776,0.0468699793375158,"YY2"
"ENSG00000143344.16",474.680015405429,-1.31288876506973,0.132877549830212,-9.88044080243286,0.00926845738231425,0.0469411242997575,"RGL1"
"ENSG00000259760.1",2.59532032408817,1.87460207050712,0.371904947993928,5.04054081726745,0.00934437907817333,0.0473157765366976,"AC015660.2"
"ENSG00000025423.11",88.1582080755554,-1.4050815892482,0.172267660141221,-8.15638633563807,0.00934979289718257,0.0473333265419867,"HSD17B6"
"ENSG00000275294.4",4.52995898307318,1.67005213403525,0.284977585821472,5.86029293925408,0.00935535383848827,0.0473516138877869,"LINC02340"
"ENSG00000174501.14",93.6386929896614,1.62452546379691,0.265665271921096,6.11493347267236,0.00936659325373512,0.0473986289183181,"ANKRD36C"
"ENSG00000286015.1",21.4248447354633,-1.8166315514868,0.347495887102807,-5.22777856921612,0.00938552872585029,0.0474845613237897,"CR589904.2"
"ENSG00000083622.8",7.13921095618481,1.75926278868056,0.323105389161427,5.44485746042947,0.00938942792328747,0.0474944001948138,"AC000061.1"
"ENSG00000266601.1",7.68117859686422,-1.31775370310574,0.135245614453343,-9.74341170641314,0.00940041756817853,0.0475400930086864,"AC018521.6"
"ENSG00000006625.18",1219.98404981791,1.23539566075934,0.100195568358737,12.3298433353476,0.00940280685336824,0.0475422818428731,"GGCT"
"ENSG00000198488.10",636.291916248197,-1.9477581904768,0.403737467435863,-4.82431864163366,0.00945091138405953,0.0477755661811206,"B3GNT6"
"ENSG00000183444.10",9.19005325278954,1.54651382794956,0.232960875062626,6.6385131303006,0.00948940715200932,0.0479601900569523,"OR7E38P"
"ENSG00000120889.13",3001.68613779974,1.2478718454447,0.105788891366695,11.7958684444401,0.00956263848201744,0.0483202568336502,"TNFRSF10B"
"ENSG00000183578.8",122.078329526848,-1.4378301208268,0.186970145687722,-7.69015885150064,0.00959777593851313,0.0484877245958148,"TNFAIP8L3"
"ENSG00000198590.12",50.2544265713858,1.55689631685656,0.237861869833611,6.54537996336127,0.0096094067785388,0.0485263060512246,"C3orf35"
"ENSG00000270550.1",678.612585465872,-1.73374909769573,0.313394204807044,-5.53216706340564,0.00960842132759384,0.0485263060512246,"IGHV3-30"
"ENSG00000166897.16",39.0652338541024,1.765524511867,0.327143598451445,5.39678758876599,0.0096411998587296,0.0486767414434093,"ELFN2"
"ENSG00000164440.15",22.3223306119719,-1.50098426100191,0.214107547009655,-7.01042201438247,0.00964517414595178,0.0486866912643598,"TXLNB"
"ENSG00000258366.9",28.1776351486612,1.36663914112576,0.156728655434815,8.71977837960944,0.00965932982351336,0.0487378975729599,"RTEL1"
"ENSG00000259363.6",14.0378155274059,-1.53934394297506,0.230551048929716,-6.67680303395335,0.0096581760273333,0.0487378975729599,"AC090825.1"
"ENSG00000215452.5",3.17332067119728,2.39553607613958,0.596756736347759,4.01425896052823,0.00967978149556405,0.0488309508702941,"ZNF663P"
"ENSG00000232546.1",9.6448684934031,1.50198666751891,0.214710443198978,6.99540574338521,0.00969439103706617,0.0488945002492129,"AC027644.1"
"ENSG00000103544.15",898.157211982864,-1.35228991339118,0.150868129943545,-8.96339017324076,0.00976948931232861,0.0492630401098952,"VPS35L"
"ENSG00000166508.18",8393.40819183851,1.25867390975729,0.110846972086441,11.355059015737,0.00980800361704613,0.0494469891896724,"MCM7"
"ENSG00000283341.2",40.2075079005977,1.38387587585363,0.164540642295289,8.41054135044693,0.00982366479387073,0.0495156719541711,"AC068205.2"
